-10,-10,d9nrhSj5OU7MFlvmES6TQT4O87Y=,HiHIgW8rSpugVCjx1vmgX720y8M=
-10,-14,d9nrhSj5OU7MFlvmES6TQT4O87Y=,HiHIgW8rSpugVCjx1vmgX720y8M=
-11,-10,d9nrhSj5OU7MFlvmES6TQT4O87Y=,HiHIgW8rSpugVCjx1vmgX720y8M=
-15,-13,d9nrhSj5OU7MFlvmES6TQT4O87Y=,HiHIgW8rSpugVCjx1vmgX720y8M=
-12,-10,d9nrhSj5OU7MFlvmES6TQT4O87Y=,HiHIgW8rSpugVCjx1vmgX720y8M=
-14,-13,d9nrhSj5OU7MFlvmES6TQT4O87Y=,HiHIgW8rSpugVCjx1vmgX720y8M=
-13,-10,d9nrhSj5OU7MFlvmES6TQT4O87Y=,HiHIgW8rSpugVCjx1vmgX720y8M=
-13,-13,d9nrhSj5OU7MFlvmES6TQT4O87Y=,HiHIgW8rSpugVCjx1vmgX720y8M=
-12,-13,d9nrhSj5OU7MFlvmES6TQT4O87Y=,HiHIgW8rSpugVCjx1vmgX720y8M=
-11,-13,d9nrhSj5OU7MFlvmES6TQT4O87Y=,HiHIgW8rSpugVCjx1vmgX720y8M=
-15,-10,d9nrhSj5OU7MFlvmES6TQT4O87Y=,HiHIgW8rSpugVCjx1vmgX720y8M=
-11,-14,d9nrhSj5OU7MFlvmES6TQT4O87Y=,HiHIgW8rSpugVCjx1vmgX720y8M=
-10,-11,d9nrhSj5OU7MFlvmES6TQT4O87Y=,HiHIgW8rSpugVCjx1vmgX720y8M=
-12,-14,d9nrhSj5OU7MFlvmES6TQT4O87Y=,HiHIgW8rSpugVCjx1vmgX720y8M=
-13,-14,d9nrhSj5OU7MFlvmES6TQT4O87Y=,HiHIgW8rSpugVCjx1vmgX720y8M=
-12,-11,d9nrhSj5OU7MFlvmES6TQT4O87Y=,HiHIgW8rSpugVCjx1vmgX720y8M=
-11,-11,d9nrhSj5OU7MFlvmES6TQT4O87Y=,HiHIgW8rSpugVCjx1vmgX720y8M=
-13,-11,d9nrhSj5OU7MFlvmES6TQT4O87Y=,HiHIgW8rSpugVCjx1vmgX720y8M=
-14,-11,d9nrhSj5OU7MFlvmES6TQT4O87Y=,HiHIgW8rSpugVCjx1vmgX720y8M=
-14,-14,d9nrhSj5OU7MFlvmES6TQT4O87Y=,HiHIgW8rSpugVCjx1vmgX720y8M=
-15,-11,d9nrhSj5OU7MFlvmES6TQT4O87Y=,HiHIgW8rSpugVCjx1vmgX720y8M=
-10,-12,d9nrhSj5OU7MFlvmES6TQT4O87Y=,HiHIgW8rSpugVCjx1vmgX720y8M=
-10,-15,d9nrhSj5OU7MFlvmES6TQT4O87Y=,HiHIgW8rSpugVCjx1vmgX720y8M=
-11,-15,d9nrhSj5OU7MFlvmES6TQT4O87Y=,HiHIgW8rSpugVCjx1vmgX720y8M=
-12,-15,d9nrhSj5OU7MFlvmES6TQT4O87Y=,HiHIgW8rSpugVCjx1vmgX720y8M=
-11,-12,d9nrhSj5OU7MFlvmES6TQT4O87Y=,HiHIgW8rSpugVCjx1vmgX720y8M=
-12,-12,d9nrhSj5OU7MFlvmES6TQT4O87Y=,HiHIgW8rSpugVCjx1vmgX720y8M=
-15,-12,d9nrhSj5OU7MFlvmES6TQT4O87Y=,HiHIgW8rSpugVCjx1vmgX720y8M=
-14,-12,d9nrhSj5OU7MFlvmES6TQT4O87Y=,HiHIgW8rSpugVCjx1vmgX720y8M=
-13,-12,d9nrhSj5OU7MFlvmES6TQT4O87Y=,HiHIgW8rSpugVCjx1vmgX720y8M=
-10,-2,d9nrhSj5OU7MFlvmES6TQT4O87Y=,GdaMMrHtLQBL3QR0PVDXH0fuVis=
-11,-2,d9nrhSj5OU7MFlvmES6TQT4O87Y=,GdaMMrHtLQBL3QR0PVDXH0fuVis=
-12,-2,d9nrhSj5OU7MFlvmES6TQT4O87Y=,GdaMMrHtLQBL3QR0PVDXH0fuVis=
-13,-2,d9nrhSj5OU7MFlvmES6TQT4O87Y=,GdaMMrHtLQBL3QR0PVDXH0fuVis=
-15,-9,d9nrhSj5OU7MFlvmES6TQT4O87Y=,HiHIgW8rSpugVCjx1vmgX720y8M=
-14,-2,d9nrhSj5OU7MFlvmES6TQT4O87Y=,GdaMMrHtLQBL3QR0PVDXH0fuVis=
-15,-2,d9nrhSj5OU7MFlvmES6TQT4O87Y=,GdaMMrHtLQBL3QR0PVDXH0fuVis=
-13,-9,d9nrhSj5OU7MFlvmES6TQT4O87Y=,HiHIgW8rSpugVCjx1vmgX720y8M=
-10,-5,d9nrhSj5OU7MFlvmES6TQT4O87Y=,GdaMMrHtLQBL3QR0PVDXH0fuVis=
-11,-5,d9nrhSj5OU7MFlvmES6TQT4O87Y=,GdaMMrHtLQBL3QR0PVDXH0fuVis=
-12,-5,d9nrhSj5OU7MFlvmES6TQT4O87Y=,GdaMMrHtLQBL3QR0PVDXH0fuVis=
-12,-9,d9nrhSj5OU7MFlvmES6TQT4O87Y=,HiHIgW8rSpugVCjx1vmgX720y8M=
-11,-3,d9nrhSj5OU7MFlvmES6TQT4O87Y=,GdaMMrHtLQBL3QR0PVDXH0fuVis=
-10,-3,d9nrhSj5OU7MFlvmES6TQT4O87Y=,GdaMMrHtLQBL3QR0PVDXH0fuVis=
-13,-5,d9nrhSj5OU7MFlvmES6TQT4O87Y=,GdaMMrHtLQBL3QR0PVDXH0fuVis=
-11,-9,d9nrhSj5OU7MFlvmES6TQT4O87Y=,HiHIgW8rSpugVCjx1vmgX720y8M=
-10,-9,d9nrhSj5OU7MFlvmES6TQT4O87Y=,HiHIgW8rSpugVCjx1vmgX720y8M=
-15,-8,d9nrhSj5OU7MFlvmES6TQT4O87Y=,GdaMMrHtLQBL3QR0PVDXH0fuVis=
-14,-8,d9nrhSj5OU7MFlvmES6TQT4O87Y=,GdaMMrHtLQBL3QR0PVDXH0fuVis=
-13,-8,d9nrhSj5OU7MFlvmES6TQT4O87Y=,GdaMMrHtLQBL3QR0PVDXH0fuVis=
-12,-8,d9nrhSj5OU7MFlvmES6TQT4O87Y=,GdaMMrHtLQBL3QR0PVDXH0fuVis=
-11,-8,d9nrhSj5OU7MFlvmES6TQT4O87Y=,GdaMMrHtLQBL3QR0PVDXH0fuVis=
-10,-8,d9nrhSj5OU7MFlvmES6TQT4O87Y=,GdaMMrHtLQBL3QR0PVDXH0fuVis=
-15,-7,d9nrhSj5OU7MFlvmES6TQT4O87Y=,GdaMMrHtLQBL3QR0PVDXH0fuVis=
-14,-7,d9nrhSj5OU7MFlvmES6TQT4O87Y=,GdaMMrHtLQBL3QR0PVDXH0fuVis=
-13,-7,d9nrhSj5OU7MFlvmES6TQT4O87Y=,GdaMMrHtLQBL3QR0PVDXH0fuVis=
-12,-7,d9nrhSj5OU7MFlvmES6TQT4O87Y=,GdaMMrHtLQBL3QR0PVDXH0fuVis=
-11,-7,d9nrhSj5OU7MFlvmES6TQT4O87Y=,GdaMMrHtLQBL3QR0PVDXH0fuVis=
-15,-4,d9nrhSj5OU7MFlvmES6TQT4O87Y=,GdaMMrHtLQBL3QR0PVDXH0fuVis=
-10,-7,d9nrhSj5OU7MFlvmES6TQT4O87Y=,GdaMMrHtLQBL3QR0PVDXH0fuVis=
-14,-4,d9nrhSj5OU7MFlvmES6TQT4O87Y=,GdaMMrHtLQBL3QR0PVDXH0fuVis=
-12,-3,d9nrhSj5OU7MFlvmES6TQT4O87Y=,GdaMMrHtLQBL3QR0PVDXH0fuVis=
-13,-3,d9nrhSj5OU7MFlvmES6TQT4O87Y=,GdaMMrHtLQBL3QR0PVDXH0fuVis=
-14,-3,d9nrhSj5OU7MFlvmES6TQT4O87Y=,GdaMMrHtLQBL3QR0PVDXH0fuVis=
-12,-4,d9nrhSj5OU7MFlvmES6TQT4O87Y=,GdaMMrHtLQBL3QR0PVDXH0fuVis=
-13,-4,d9nrhSj5OU7MFlvmES6TQT4O87Y=,GdaMMrHtLQBL3QR0PVDXH0fuVis=
-11,-4,d9nrhSj5OU7MFlvmES6TQT4O87Y=,GdaMMrHtLQBL3QR0PVDXH0fuVis=
-13,-6,d9nrhSj5OU7MFlvmES6TQT4O87Y=,GdaMMrHtLQBL3QR0PVDXH0fuVis=
-10,-4,d9nrhSj5OU7MFlvmES6TQT4O87Y=,GdaMMrHtLQBL3QR0PVDXH0fuVis=
-12,-6,d9nrhSj5OU7MFlvmES6TQT4O87Y=,GdaMMrHtLQBL3QR0PVDXH0fuVis=
-15,-3,d9nrhSj5OU7MFlvmES6TQT4O87Y=,GdaMMrHtLQBL3QR0PVDXH0fuVis=
-11,-6,d9nrhSj5OU7MFlvmES6TQT4O87Y=,GdaMMrHtLQBL3QR0PVDXH0fuVis=
-10,-6,d9nrhSj5OU7MFlvmES6TQT4O87Y=,GdaMMrHtLQBL3QR0PVDXH0fuVis=
-9,-10,d9nrhSj5OU7MFlvmES6TQT4O87Y=,HiHIgW8rSpugVCjx1vmgX720y8M=
-8,-10,d9nrhSj5OU7MFlvmES6TQT4O87Y=,ianIQwQkSCPY+vOOVG4KhYar7PA=
-2,-11,d9nrhSj5OU7MFlvmES6TQT4O87Y=,ianIQwQkSCPY+vOOVG4KhYar7PA=
-7,-10,d9nrhSj5OU7MFlvmES6TQT4O87Y=,ianIQwQkSCPY+vOOVG4KhYar7PA=
-9,-14,d9nrhSj5OU7MFlvmES6TQT4O87Y=,HiHIgW8rSpugVCjx1vmgX720y8M=
-4,-11,d9nrhSj5OU7MFlvmES6TQT4O87Y=,ianIQwQkSCPY+vOOVG4KhYar7PA=
-3,-11,d9nrhSj5OU7MFlvmES6TQT4O87Y=,ianIQwQkSCPY+vOOVG4KhYar7PA=
-5,-11,d9nrhSj5OU7MFlvmES6TQT4O87Y=,ianIQwQkSCPY+vOOVG4KhYar7PA=
-6,-11,d9nrhSj5OU7MFlvmES6TQT4O87Y=,ianIQwQkSCPY+vOOVG4KhYar7PA=
-7,-11,d9nrhSj5OU7MFlvmES6TQT4O87Y=,ianIQwQkSCPY+vOOVG4KhYar7PA=
-6,-10,d9nrhSj5OU7MFlvmES6TQT4O87Y=,ianIQwQkSCPY+vOOVG4KhYar7PA=
-5,-10,d9nrhSj5OU7MFlvmES6TQT4O87Y=,ianIQwQkSCPY+vOOVG4KhYar7PA=
-8,-11,d9nrhSj5OU7MFlvmES6TQT4O87Y=,ianIQwQkSCPY+vOOVG4KhYar7PA=
-4,-10,d9nrhSj5OU7MFlvmES6TQT4O87Y=,ianIQwQkSCPY+vOOVG4KhYar7PA=
-9,-11,d9nrhSj5OU7MFlvmES6TQT4O87Y=,HiHIgW8rSpugVCjx1vmgX720y8M=
-3,-10,d9nrhSj5OU7MFlvmES6TQT4O87Y=,ianIQwQkSCPY+vOOVG4KhYar7PA=
-2,-12,d9nrhSj5OU7MFlvmES6TQT4O87Y=,ianIQwQkSCPY+vOOVG4KhYar7PA=
-8,-15,d9nrhSj5OU7MFlvmES6TQT4O87Y=,ianIQwQkSCPY+vOOVG4KhYar7PA=
-3,-12,d9nrhSj5OU7MFlvmES6TQT4O87Y=,ianIQwQkSCPY+vOOVG4KhYar7PA=
-7,-15,d9nrhSj5OU7MFlvmES6TQT4O87Y=,ianIQwQkSCPY+vOOVG4KhYar7PA=
-9,-12,XvBPLD6/q5zOuwyx9rV1tGAVxqE=,HiHIgW8rSpugVCjx1vmgX720y8M=
-2,-15,XvBPLD6/q5zOuwyx9rV1tGAVxqE=,ianIQwQkSCPY+vOOVG4KhYar7PA=
-3,-15,XvBPLD6/q5zOuwyx9rV1tGAVxqE=,ianIQwQkSCPY+vOOVG4KhYar7PA=
-2,-10,XvBPLD6/q5zOuwyx9rV1tGAVxqE=,ianIQwQkSCPY+vOOVG4KhYar7PA=
-9,-15,XvBPLD6/q5zOuwyx9rV1tGAVxqE=,HiHIgW8rSpugVCjx1vmgX720y8M=
-4,-12,XvBPLD6/q5zOuwyx9rV1tGAVxqE=,ianIQwQkSCPY+vOOVG4KhYar7PA=
-8,-14,XvBPLD6/q5zOuwyx9rV1tGAVxqE=,ianIQwQkSCPY+vOOVG4KhYar7PA=
-7,-14,XvBPLD6/q5zOuwyx9rV1tGAVxqE=,ianIQwQkSCPY+vOOVG4KhYar7PA=
-5,-12,XvBPLD6/q5zOuwyx9rV1tGAVxqE=,ianIQwQkSCPY+vOOVG4KhYar7PA=
-6,-14,XvBPLD6/q5zOuwyx9rV1tGAVxqE=,ianIQwQkSCPY+vOOVG4KhYar7PA=
-6,-12,XvBPLD6/q5zOuwyx9rV1tGAVxqE=,ianIQwQkSCPY+vOOVG4KhYar7PA=
-4,-14,XvBPLD6/q5zOuwyx9rV1tGAVxqE=,ianIQwQkSCPY+vOOVG4KhYar7PA=
-7,-12,XvBPLD6/q5zOuwyx9rV1tGAVxqE=,ianIQwQkSCPY+vOOVG4KhYar7PA=
-3,-14,XvBPLD6/q5zOuwyx9rV1tGAVxqE=,ianIQwQkSCPY+vOOVG4KhYar7PA=
-2,-14,XvBPLD6/q5zOuwyx9rV1tGAVxqE=,ianIQwQkSCPY+vOOVG4KhYar7PA=
-8,-12,XvBPLD6/q5zOuwyx9rV1tGAVxqE=,ianIQwQkSCPY+vOOVG4KhYar7PA=
-9,-13,XvBPLD6/q5zOuwyx9rV1tGAVxqE=,HiHIgW8rSpugVCjx1vmgX720y8M=
-3,-13,XvBPLD6/q5zOuwyx9rV1tGAVxqE=,ianIQwQkSCPY+vOOVG4KhYar7PA=
-2,-13,XvBPLD6/q5zOuwyx9rV1tGAVxqE=,ianIQwQkSCPY+vOOVG4KhYar7PA=
-8,-13,XvBPLD6/q5zOuwyx9rV1tGAVxqE=,ianIQwQkSCPY+vOOVG4KhYar7PA=
-4,-13,XvBPLD6/q5zOuwyx9rV1tGAVxqE=,ianIQwQkSCPY+vOOVG4KhYar7PA=
-7,-13,XvBPLD6/q5zOuwyx9rV1tGAVxqE=,ianIQwQkSCPY+vOOVG4KhYar7PA=
-11,-1,XvBPLD6/q5zOuwyx9rV1tGAVxqE=,GdaMMrHtLQBL3QR0PVDXH0fuVis=
-6,-13,XvBPLD6/q5zOuwyx9rV1tGAVxqE=,ianIQwQkSCPY+vOOVG4KhYar7PA=
-12,-1,XvBPLD6/q5zOuwyx9rV1tGAVxqE=,GdaMMrHtLQBL3QR0PVDXH0fuVis=
-10,-1,XvBPLD6/q5zOuwyx9rV1tGAVxqE=,GdaMMrHtLQBL3QR0PVDXH0fuVis=
-15,-1,XvBPLD6/q5zOuwyx9rV1tGAVxqE=,GdaMMrHtLQBL3QR0PVDXH0fuVis=
-14,-1,XvBPLD6/q5zOuwyx9rV1tGAVxqE=,GdaMMrHtLQBL3QR0PVDXH0fuVis=
-13,-1,XvBPLD6/q5zOuwyx9rV1tGAVxqE=,GdaMMrHtLQBL3QR0PVDXH0fuVis=
-1,-10,XvBPLD6/q5zOuwyx9rV1tGAVxqE=,ianIQwQkSCPY+vOOVG4KhYar7PA=
-1,-15,XvBPLD6/q5zOuwyx9rV1tGAVxqE=,ianIQwQkSCPY+vOOVG4KhYar7PA=
-1,-14,XvBPLD6/q5zOuwyx9rV1tGAVxqE=,ianIQwQkSCPY+vOOVG4KhYar7PA=
-1,-13,XvBPLD6/q5zOuwyx9rV1tGAVxqE=,ianIQwQkSCPY+vOOVG4KhYar7PA=
-1,-12,XvBPLD6/q5zOuwyx9rV1tGAVxqE=,ianIQwQkSCPY+vOOVG4KhYar7PA=
-4,-1,XvBPLD6/q5zOuwyx9rV1tGAVxqE=,E8qkfu7XTGM4e9XIgB3q/AAjiSA=
-1,-11,XvBPLD6/q5zOuwyx9rV1tGAVxqE=,ianIQwQkSCPY+vOOVG4KhYar7PA=
-8,-5,XvBPLD6/q5zOuwyx9rV1tGAVxqE=,E8qkfu7XTGM4e9XIgB3q/AAjiSA=
-3,-1,XvBPLD6/q5zOuwyx9rV1tGAVxqE=,E8qkfu7XTGM4e9XIgB3q/AAjiSA=
-6,-3,XvBPLD6/q5zOuwyx9rV1tGAVxqE=,E8qkfu7XTGM4e9XIgB3q/AAjiSA=
-6,-4,XvBPLD6/q5zOuwyx9rV1tGAVxqE=,E8qkfu7XTGM4e9XIgB3q/AAjiSA=
-5,-4,XvBPLD6/q5zOuwyx9rV1tGAVxqE=,E8qkfu7XTGM4e9XIgB3q/AAjiSA=
-8,-7,XvBPLD6/q5zOuwyx9rV1tGAVxqE=,E8qkfu7XTGM4e9XIgB3q/AAjiSA=
-7,-5,XvBPLD6/q5zOuwyx9rV1tGAVxqE=,E8qkfu7XTGM4e9XIgB3q/AAjiSA=
-4,-2,XvBPLD6/q5zOuwyx9rV1tGAVxqE=,E8qkfu7XTGM4e9XIgB3q/AAjiSA=
-6,-8,XvBPLD6/q5zOuwyx9rV1tGAVxqE=,E8qkfu7XTGM4e9XIgB3q/AAjiSA=
-5,-3,XvBPLD6/q5zOuwyx9rV1tGAVxqE=,E8qkfu7XTGM4e9XIgB3q/AAjiSA=
-6,-5,XvBPLD6/q5zOuwyx9rV1tGAVxqE=,E8qkfu7XTGM4e9XIgB3q/AAjiSA=
-9,-9,XvBPLD6/q5zOuwyx9rV1tGAVxqE=,HiHIgW8rSpugVCjx1vmgX720y8M=
-8,-6,XvBPLD6/q5zOuwyx9rV1tGAVxqE=,E8qkfu7XTGM4e9XIgB3q/AAjiSA=
-7,-7,XvBPLD6/q5zOuwyx9rV1tGAVxqE=,E8qkfu7XTGM4e9XIgB3q/AAjiSA=
-8,-9,XvBPLD6/q5zOuwyx9rV1tGAVxqE=,ianIQwQkSCPY+vOOVG4KhYar7PA=
-4,-4,XvBPLD6/q5zOuwyx9rV1tGAVxqE=,E8qkfu7XTGM4e9XIgB3q/AAjiSA=
-8,-8,XvBPLD6/q5zOuwyx9rV1tGAVxqE=,E8qkfu7XTGM4e9XIgB3q/AAjiSA=
-7,-9,XvBPLD6/q5zOuwyx9rV1tGAVxqE=,ianIQwQkSCPY+vOOVG4KhYar7PA=
-6,-9,XvBPLD6/q5zOuwyx9rV1tGAVxqE=,ianIQwQkSCPY+vOOVG4KhYar7PA=
-7,-6,XvBPLD6/q5zOuwyx9rV1tGAVxqE=,E8qkfu7XTGM4e9XIgB3q/AAjiSA=
-6,-6,XvBPLD6/q5zOuwyx9rV1tGAVxqE=,E8qkfu7XTGM4e9XIgB3q/AAjiSA=
-5,-6,XvBPLD6/q5zOuwyx9rV1tGAVxqE=,E8qkfu7XTGM4e9XIgB3q/AAjiSA=
-5,-9,XvBPLD6/q5zOuwyx9rV1tGAVxqE=,ianIQwQkSCPY+vOOVG4KhYar7PA=
-4,-6,XvBPLD6/q5zOuwyx9rV1tGAVxqE=,E8qkfu7XTGM4e9XIgB3q/AAjiSA=
-3,-6,XvBPLD6/q5zOuwyx9rV1tGAVxqE=,E8qkfu7XTGM4e9XIgB3q/AAjiSA=
-2,-8,XvBPLD6/q5zOuwyx9rV1tGAVxqE=,E8qkfu7XTGM4e9XIgB3q/AAjiSA=
-3,-2,XvBPLD6/q5zOuwyx9rV1tGAVxqE=,E8qkfu7XTGM4e9XIgB3q/AAjiSA=
-7,-8,XvBPLD6/q5zOuwyx9rV1tGAVxqE=,E8qkfu7XTGM4e9XIgB3q/AAjiSA=
-6,-7,XvBPLD6/q5zOuwyx9rV1tGAVxqE=,E8qkfu7XTGM4e9XIgB3q/AAjiSA=
-5,-2,XvBPLD6/q5zOuwyx9rV1tGAVxqE=,E8qkfu7XTGM4e9XIgB3q/AAjiSA=
-3,-4,XvBPLD6/q5zOuwyx9rV1tGAVxqE=,E8qkfu7XTGM4e9XIgB3q/AAjiSA=
-5,-5,XvBPLD6/q5zOuwyx9rV1tGAVxqE=,E8qkfu7XTGM4e9XIgB3q/AAjiSA=
-4,-9,XvBPLD6/q5zOuwyx9rV1tGAVxqE=,ianIQwQkSCPY+vOOVG4KhYar7PA=
-9,-2,XvBPLD6/q5zOuwyx9rV1tGAVxqE=,GdaMMrHtLQBL3QR0PVDXH0fuVis=
-3,-9,XvBPLD6/q5zOuwyx9rV1tGAVxqE=,ianIQwQkSCPY+vOOVG4KhYar7PA=
-2,-6,XvBPLD6/q5zOuwyx9rV1tGAVxqE=,E8qkfu7XTGM4e9XIgB3q/AAjiSA=
-9,-5,XvBPLD6/q5zOuwyx9rV1tGAVxqE=,GdaMMrHtLQBL3QR0PVDXH0fuVis=
-9,-8,XvBPLD6/q5zOuwyx9rV1tGAVxqE=,GdaMMrHtLQBL3QR0PVDXH0fuVis=
-3,-8,XvBPLD6/q5zOuwyx9rV1tGAVxqE=,E8qkfu7XTGM4e9XIgB3q/AAjiSA=
-4,-3,XvBPLD6/q5zOuwyx9rV1tGAVxqE=,E8qkfu7XTGM4e9XIgB3q/AAjiSA=
-6,-2,XvBPLD6/q5zOuwyx9rV1tGAVxqE=,E8qkfu7XTGM4e9XIgB3q/AAjiSA=
-2,-7,XvBPLD6/q5zOuwyx9rV1tGAVxqE=,E8qkfu7XTGM4e9XIgB3q/AAjiSA=
-5,-8,XvBPLD6/q5zOuwyx9rV1tGAVxqE=,E8qkfu7XTGM4e9XIgB3q/AAjiSA=
-3,-7,XvBPLD6/q5zOuwyx9rV1tGAVxqE=,E8qkfu7XTGM4e9XIgB3q/AAjiSA=
-2,-4,XvBPLD6/q5zOuwyx9rV1tGAVxqE=,E8qkfu7XTGM4e9XIgB3q/AAjiSA=
-5,-7,XvBPLD6/q5zOuwyx9rV1tGAVxqE=,E8qkfu7XTGM4e9XIgB3q/AAjiSA=
-2,-9,XvBPLD6/q5zOuwyx9rV1tGAVxqE=,ianIQwQkSCPY+vOOVG4KhYar7PA=
-4,-7,XvBPLD6/q5zOuwyx9rV1tGAVxqE=,E8qkfu7XTGM4e9XIgB3q/AAjiSA=
-4,-8,XvBPLD6/q5zOuwyx9rV1tGAVxqE=,E8qkfu7XTGM4e9XIgB3q/AAjiSA=
-9,-7,XvBPLD6/q5zOuwyx9rV1tGAVxqE=,GdaMMrHtLQBL3QR0PVDXH0fuVis=
-2,-2,XvBPLD6/q5zOuwyx9rV1tGAVxqE=,E8qkfu7XTGM4e9XIgB3q/AAjiSA=
-4,-5,XvBPLD6/q5zOuwyx9rV1tGAVxqE=,E8qkfu7XTGM4e9XIgB3q/AAjiSA=
-8,-3,XvBPLD6/q5zOuwyx9rV1tGAVxqE=,E8qkfu7XTGM4e9XIgB3q/AAjiSA=
-8,-2,XvBPLD6/q5zOuwyx9rV1tGAVxqE=,E8qkfu7XTGM4e9XIgB3q/AAjiSA=
-3,-5,XvBPLD6/q5zOuwyx9rV1tGAVxqE=,E8qkfu7XTGM4e9XIgB3q/AAjiSA=
-7,-3,XvBPLD6/q5zOuwyx9rV1tGAVxqE=,E8qkfu7XTGM4e9XIgB3q/AAjiSA=
-7,-2,XvBPLD6/q5zOuwyx9rV1tGAVxqE=,E8qkfu7XTGM4e9XIgB3q/AAjiSA=
-2,-5,XvBPLD6/q5zOuwyx9rV1tGAVxqE=,E8qkfu7XTGM4e9XIgB3q/AAjiSA=
-9,-4,XvBPLD6/q5zOuwyx9rV1tGAVxqE=,GdaMMrHtLQBL3QR0PVDXH0fuVis=
-8,-1,XvBPLD6/q5zOuwyx9rV1tGAVxqE=,E8qkfu7XTGM4e9XIgB3q/AAjiSA=
-9,-1,XvBPLD6/q5zOuwyx9rV1tGAVxqE=,GdaMMrHtLQBL3QR0PVDXH0fuVis=
-9,-6,XvBPLD6/q5zOuwyx9rV1tGAVxqE=,GdaMMrHtLQBL3QR0PVDXH0fuVis=
-7,-1,XvBPLD6/q5zOuwyx9rV1tGAVxqE=,E8qkfu7XTGM4e9XIgB3q/AAjiSA=
-9,-3,XvBPLD6/q5zOuwyx9rV1tGAVxqE=,GdaMMrHtLQBL3QR0PVDXH0fuVis=
-7,-4,XvBPLD6/q5zOuwyx9rV1tGAVxqE=,E8qkfu7XTGM4e9XIgB3q/AAjiSA=
-8,-4,XvBPLD6/q5zOuwyx9rV1tGAVxqE=,E8qkfu7XTGM4e9XIgB3q/AAjiSA=
-5,-1,XvBPLD6/q5zOuwyx9rV1tGAVxqE=,E8qkfu7XTGM4e9XIgB3q/AAjiSA=
-11,-16,XvBPLD6/q5zOuwyx9rV1tGAVxqE=,HiHIgW8rSpugVCjx1vmgX720y8M=
-10,-16,XvBPLD6/q5zOuwyx9rV1tGAVxqE=,HiHIgW8rSpugVCjx1vmgX720y8M=
-6,-1,XvBPLD6/q5zOuwyx9rV1tGAVxqE=,E8qkfu7XTGM4e9XIgB3q/AAjiSA=
-1,-4,XvBPLD6/q5zOuwyx9rV1tGAVxqE=,E8qkfu7XTGM4e9XIgB3q/AAjiSA=
-1,-9,XvBPLD6/q5zOuwyx9rV1tGAVxqE=,ianIQwQkSCPY+vOOVG4KhYar7PA=
-1,-5,XvBPLD6/q5zOuwyx9rV1tGAVxqE=,E8qkfu7XTGM4e9XIgB3q/AAjiSA=
-1,-7,XvBPLD6/q5zOuwyx9rV1tGAVxqE=,E8qkfu7XTGM4e9XIgB3q/AAjiSA=
-1,-6,XvBPLD6/q5zOuwyx9rV1tGAVxqE=,E8qkfu7XTGM4e9XIgB3q/AAjiSA=
-1,-8,XvBPLD6/q5zOuwyx9rV1tGAVxqE=,E8qkfu7XTGM4e9XIgB3q/AAjiSA=
-8,-16,XvBPLD6/q5zOuwyx9rV1tGAVxqE=,ianIQwQkSCPY+vOOVG4KhYar7PA=
-3,-16,XvBPLD6/q5zOuwyx9rV1tGAVxqE=,ianIQwQkSCPY+vOOVG4KhYar7PA=
-2,-16,XvBPLD6/q5zOuwyx9rV1tGAVxqE=,ianIQwQkSCPY+vOOVG4KhYar7PA=
-1,-16,XvBPLD6/q5zOuwyx9rV1tGAVxqE=,ianIQwQkSCPY+vOOVG4KhYar7PA=
-9,-16,XvBPLD6/q5zOuwyx9rV1tGAVxqE=,HiHIgW8rSpugVCjx1vmgX720y8M=
-12,-16,XvBPLD6/q5zOuwyx9rV1tGAVxqE=,HiHIgW8rSpugVCjx1vmgX720y8M=
-6,-15,XvBPLD6/q5zOuwyx9rV1tGAVxqE=,ianIQwQkSCPY+vOOVG4KhYar7PA=
-4,-15,XvBPLD6/q5zOuwyx9rV1tGAVxqE=,ianIQwQkSCPY+vOOVG4KhYar7PA=
-5,-14,XvBPLD6/q5zOuwyx9rV1tGAVxqE=,ianIQwQkSCPY+vOOVG4KhYar7PA=
-10,-13,XvBPLD6/q5zOuwyx9rV1tGAVxqE=,HiHIgW8rSpugVCjx1vmgX720y8M=
-5,-13,XvBPLD6/q5zOuwyx9rV1tGAVxqE=,ianIQwQkSCPY+vOOVG4KhYar7PA=
-5,-15,XvBPLD6/q5zOuwyx9rV1tGAVxqE=,ianIQwQkSCPY+vOOVG4KhYar7PA=
-6,-16,XvBPLD6/q5zOuwyx9rV1tGAVxqE=,ianIQwQkSCPY+vOOVG4KhYar7PA=
-7,-16,XvBPLD6/q5zOuwyx9rV1tGAVxqE=,ianIQwQkSCPY+vOOVG4KhYar7PA=
-16,-13,XvBPLD6/q5zOuwyx9rV1tGAVxqE=,HiHIgW8rSpugVCjx1vmgX720y8M=
-16,-12,XvBPLD6/q5zOuwyx9rV1tGAVxqE=,HiHIgW8rSpugVCjx1vmgX720y8M=
-16,-14,XvBPLD6/q5zOuwyx9rV1tGAVxqE=,HiHIgW8rSpugVCjx1vmgX720y8M=
-16,-11,XvBPLD6/q5zOuwyx9rV1tGAVxqE=,HiHIgW8rSpugVCjx1vmgX720y8M=
-16,-10,XvBPLD6/q5zOuwyx9rV1tGAVxqE=,HiHIgW8rSpugVCjx1vmgX720y8M=
-5,-16,XvBPLD6/q5zOuwyx9rV1tGAVxqE=,ianIQwQkSCPY+vOOVG4KhYar7PA=
-4,-16,XvBPLD6/q5zOuwyx9rV1tGAVxqE=,ianIQwQkSCPY+vOOVG4KhYar7PA=
-13,-15,XvBPLD6/q5zOuwyx9rV1tGAVxqE=,HiHIgW8rSpugVCjx1vmgX720y8M=
-13,-16,XvBPLD6/q5zOuwyx9rV1tGAVxqE=,HiHIgW8rSpugVCjx1vmgX720y8M=
-15,-14,XvBPLD6/q5zOuwyx9rV1tGAVxqE=,HiHIgW8rSpugVCjx1vmgX720y8M=
-15,-15,XvBPLD6/q5zOuwyx9rV1tGAVxqE=,HiHIgW8rSpugVCjx1vmgX720y8M=
-14,-15,XvBPLD6/q5zOuwyx9rV1tGAVxqE=,HiHIgW8rSpugVCjx1vmgX720y8M=
-16,-16,XvBPLD6/q5zOuwyx9rV1tGAVxqE=,HiHIgW8rSpugVCjx1vmgX720y8M=
-16,-9,XvBPLD6/q5zOuwyx9rV1tGAVxqE=,HiHIgW8rSpugVCjx1vmgX720y8M=
-16,-7,XvBPLD6/q5zOuwyx9rV1tGAVxqE=,GdaMMrHtLQBL3QR0PVDXH0fuVis=
-16,-8,XvBPLD6/q5zOuwyx9rV1tGAVxqE=,GdaMMrHtLQBL3QR0PVDXH0fuVis=
-16,-3,XvBPLD6/q5zOuwyx9rV1tGAVxqE=,GdaMMrHtLQBL3QR0PVDXH0fuVis=
-16,-15,XvBPLD6/q5zOuwyx9rV1tGAVxqE=,HiHIgW8rSpugVCjx1vmgX720y8M=
-15,-5,XvBPLD6/q5zOuwyx9rV1tGAVxqE=,GdaMMrHtLQBL3QR0PVDXH0fuVis=
-14,-5,XvBPLD6/q5zOuwyx9rV1tGAVxqE=,GdaMMrHtLQBL3QR0PVDXH0fuVis=
-16,-2,XvBPLD6/q5zOuwyx9rV1tGAVxqE=,GdaMMrHtLQBL3QR0PVDXH0fuVis=
-15,-6,XvBPLD6/q5zOuwyx9rV1tGAVxqE=,GdaMMrHtLQBL3QR0PVDXH0fuVis=
-15,-16,XvBPLD6/q5zOuwyx9rV1tGAVxqE=,HiHIgW8rSpugVCjx1vmgX720y8M=
-14,-6,XvBPLD6/q5zOuwyx9rV1tGAVxqE=,GdaMMrHtLQBL3QR0PVDXH0fuVis=
-16,-1,XvBPLD6/q5zOuwyx9rV1tGAVxqE=,GdaMMrHtLQBL3QR0PVDXH0fuVis=
-16,-5,XvBPLD6/q5zOuwyx9rV1tGAVxqE=,GdaMMrHtLQBL3QR0PVDXH0fuVis=
-14,-16,XvBPLD6/q5zOuwyx9rV1tGAVxqE=,HiHIgW8rSpugVCjx1vmgX720y8M=
-14,-10,XvBPLD6/q5zOuwyx9rV1tGAVxqE=,HiHIgW8rSpugVCjx1vmgX720y8M=
-14,-9,XvBPLD6/q5zOuwyx9rV1tGAVxqE=,HiHIgW8rSpugVCjx1vmgX720y8M=
-16,-4,XvBPLD6/q5zOuwyx9rV1tGAVxqE=,GdaMMrHtLQBL3QR0PVDXH0fuVis=
-16,-6,XvBPLD6/q5zOuwyx9rV1tGAVxqE=,GdaMMrHtLQBL3QR0PVDXH0fuVis=
-1,-1,XvBPLD6/q5zOuwyx9rV1tGAVxqE=,E8qkfu7XTGM4e9XIgB3q/AAjiSA=
-1,-2,XvBPLD6/q5zOuwyx9rV1tGAVxqE=,E8qkfu7XTGM4e9XIgB3q/AAjiSA=
-2,-1,XvBPLD6/q5zOuwyx9rV1tGAVxqE=,E8qkfu7XTGM4e9XIgB3q/AAjiSA=
-2,-3,XvBPLD6/q5zOuwyx9rV1tGAVxqE=,E8qkfu7XTGM4e9XIgB3q/AAjiSA=
-1,-3,XvBPLD6/q5zOuwyx9rV1tGAVxqE=,E8qkfu7XTGM4e9XIgB3q/AAjiSA=
-3,-3,XvBPLD6/q5zOuwyx9rV1tGAVxqE=,E8qkfu7XTGM4e9XIgB3q/AAjiSA=
-14,-23,XvBPLD6/q5zOuwyx9rV1tGAVxqE=,xgok+/57sBsHRLWxRPgrPtvsg28=
-10,-18,XvBPLD6/q5zOuwyx9rV1tGAVxqE=,xgok+/57sBsHRLWxRPgrPtvsg28=
-11,-18,XvBPLD6/q5zOuwyx9rV1tGAVxqE=,xgok+/57sBsHRLWxRPgrPtvsg28=
-12,-18,XvBPLD6/q5zOuwyx9rV1tGAVxqE=,xgok+/57sBsHRLWxRPgrPtvsg28=
-13,-18,XvBPLD6/q5zOuwyx9rV1tGAVxqE=,xgok+/57sBsHRLWxRPgrPtvsg28=
-14,-18,XvBPLD6/q5zOuwyx9rV1tGAVxqE=,xgok+/57sBsHRLWxRPgrPtvsg28=
-15,-18,XvBPLD6/q5zOuwyx9rV1tGAVxqE=,xgok+/57sBsHRLWxRPgrPtvsg28=
-10,-19,XvBPLD6/q5zOuwyx9rV1tGAVxqE=,xgok+/57sBsHRLWxRPgrPtvsg28=
-11,-19,XvBPLD6/q5zOuwyx9rV1tGAVxqE=,xgok+/57sBsHRLWxRPgrPtvsg28=
-12,-19,XvBPLD6/q5zOuwyx9rV1tGAVxqE=,xgok+/57sBsHRLWxRPgrPtvsg28=
-13,-19,XvBPLD6/q5zOuwyx9rV1tGAVxqE=,xgok+/57sBsHRLWxRPgrPtvsg28=
-14,-19,XvBPLD6/q5zOuwyx9rV1tGAVxqE=,xgok+/57sBsHRLWxRPgrPtvsg28=
-10,-20,XvBPLD6/q5zOuwyx9rV1tGAVxqE=,xgok+/57sBsHRLWxRPgrPtvsg28=
-15,-19,XvBPLD6/q5zOuwyx9rV1tGAVxqE=,xgok+/57sBsHRLWxRPgrPtvsg28=
-11,-20,XvBPLD6/q5zOuwyx9rV1tGAVxqE=,xgok+/57sBsHRLWxRPgrPtvsg28=
-12,-20,XvBPLD6/q5zOuwyx9rV1tGAVxqE=,xgok+/57sBsHRLWxRPgrPtvsg28=
-14,-20,XvBPLD6/q5zOuwyx9rV1tGAVxqE=,xgok+/57sBsHRLWxRPgrPtvsg28=
-13,-20,XvBPLD6/q5zOuwyx9rV1tGAVxqE=,xgok+/57sBsHRLWxRPgrPtvsg28=
-15,-20,XvBPLD6/q5zOuwyx9rV1tGAVxqE=,xgok+/57sBsHRLWxRPgrPtvsg28=
-10,-21,XvBPLD6/q5zOuwyx9rV1tGAVxqE=,xgok+/57sBsHRLWxRPgrPtvsg28=
-11,-21,XvBPLD6/q5zOuwyx9rV1tGAVxqE=,xgok+/57sBsHRLWxRPgrPtvsg28=
-12,-21,XvBPLD6/q5zOuwyx9rV1tGAVxqE=,xgok+/57sBsHRLWxRPgrPtvsg28=
-13,-21,XvBPLD6/q5zOuwyx9rV1tGAVxqE=,xgok+/57sBsHRLWxRPgrPtvsg28=
-14,-21,XvBPLD6/q5zOuwyx9rV1tGAVxqE=,xgok+/57sBsHRLWxRPgrPtvsg28=
-15,-21,XvBPLD6/q5zOuwyx9rV1tGAVxqE=,xgok+/57sBsHRLWxRPgrPtvsg28=
-11,-22,XvBPLD6/q5zOuwyx9rV1tGAVxqE=,xgok+/57sBsHRLWxRPgrPtvsg28=
-12,-22,XvBPLD6/q5zOuwyx9rV1tGAVxqE=,xgok+/57sBsHRLWxRPgrPtvsg28=
-13,-22,XvBPLD6/q5zOuwyx9rV1tGAVxqE=,xgok+/57sBsHRLWxRPgrPtvsg28=
-14,-22,XvBPLD6/q5zOuwyx9rV1tGAVxqE=,xgok+/57sBsHRLWxRPgrPtvsg28=
-3,-26,XvBPLD6/q5zOuwyx9rV1tGAVxqE=,4adBCRZZsv8PgKFN0Owghrp2+/E=
-2,-26,XvBPLD6/q5zOuwyx9rV1tGAVxqE=,4adBCRZZsv8PgKFN0Owghrp2+/E=
-6,-31,XvBPLD6/q5zOuwyx9rV1tGAVxqE=,4adBCRZZsv8PgKFN0Owghrp2+/E=
-5,-31,XvBPLD6/q5zOuwyx9rV1tGAVxqE=,4adBCRZZsv8PgKFN0Owghrp2+/E=
-4,-31,XvBPLD6/q5zOuwyx9rV1tGAVxqE=,4adBCRZZsv8PgKFN0Owghrp2+/E=
-3,-31,XvBPLD6/q5zOuwyx9rV1tGAVxqE=,4adBCRZZsv8PgKFN0Owghrp2+/E=
-2,-31,XvBPLD6/q5zOuwyx9rV1tGAVxqE=,4adBCRZZsv8PgKFN0Owghrp2+/E=
-7,-30,XvBPLD6/q5zOuwyx9rV1tGAVxqE=,4adBCRZZsv8PgKFN0Owghrp2+/E=
-3,-30,XvBPLD6/q5zOuwyx9rV1tGAVxqE=,4adBCRZZsv8PgKFN0Owghrp2+/E=
-2,-30,XvBPLD6/q5zOuwyx9rV1tGAVxqE=,4adBCRZZsv8PgKFN0Owghrp2+/E=
-7,-29,XvBPLD6/q5zOuwyx9rV1tGAVxqE=,4adBCRZZsv8PgKFN0Owghrp2+/E=
-6,-29,XvBPLD6/q5zOuwyx9rV1tGAVxqE=,4adBCRZZsv8PgKFN0Owghrp2+/E=
-7,-28,XvBPLD6/q5zOuwyx9rV1tGAVxqE=,4adBCRZZsv8PgKFN0Owghrp2+/E=
-6,-28,XvBPLD6/q5zOuwyx9rV1tGAVxqE=,4adBCRZZsv8PgKFN0Owghrp2+/E=
-5,-28,XvBPLD6/q5zOuwyx9rV1tGAVxqE=,4adBCRZZsv8PgKFN0Owghrp2+/E=
-7,-27,XvBPLD6/q5zOuwyx9rV1tGAVxqE=,4adBCRZZsv8PgKFN0Owghrp2+/E=
-4,-27,XvBPLD6/q5zOuwyx9rV1tGAVxqE=,4adBCRZZsv8PgKFN0Owghrp2+/E=
-13,-29,XvBPLD6/q5zOuwyx9rV1tGAVxqE=,o64NJg83CDUvhK5DHZfoh6il5jQ=
-12,-29,XvBPLD6/q5zOuwyx9rV1tGAVxqE=,o64NJg83CDUvhK5DHZfoh6il5jQ=
-11,-29,XvBPLD6/q5zOuwyx9rV1tGAVxqE=,o64NJg83CDUvhK5DHZfoh6il5jQ=
-14,-28,XvBPLD6/q5zOuwyx9rV1tGAVxqE=,o64NJg83CDUvhK5DHZfoh6il5jQ=
-13,-28,XvBPLD6/q5zOuwyx9rV1tGAVxqE=,o64NJg83CDUvhK5DHZfoh6il5jQ=
-12,-28,XvBPLD6/q5zOuwyx9rV1tGAVxqE=,o64NJg83CDUvhK5DHZfoh6il5jQ=
-11,-28,XvBPLD6/q5zOuwyx9rV1tGAVxqE=,o64NJg83CDUvhK5DHZfoh6il5jQ=
-15,-31,XvBPLD6/q5zOuwyx9rV1tGAVxqE=,o64NJg83CDUvhK5DHZfoh6il5jQ=
-10,-31,XvBPLD6/q5zOuwyx9rV1tGAVxqE=,o64NJg83CDUvhK5DHZfoh6il5jQ=
-9,-30,XvBPLD6/q5zOuwyx9rV1tGAVxqE=,o64NJg83CDUvhK5DHZfoh6il5jQ=
-10,-30,XvBPLD6/q5zOuwyx9rV1tGAVxqE=,o64NJg83CDUvhK5DHZfoh6il5jQ=
-9,-28,XvBPLD6/q5zOuwyx9rV1tGAVxqE=,o64NJg83CDUvhK5DHZfoh6il5jQ=
-11,-30,XvBPLD6/q5zOuwyx9rV1tGAVxqE=,o64NJg83CDUvhK5DHZfoh6il5jQ=
-9,-31,XvBPLD6/q5zOuwyx9rV1tGAVxqE=,o64NJg83CDUvhK5DHZfoh6il5jQ=
-8,-31,XvBPLD6/q5zOuwyx9rV1tGAVxqE=,4adBCRZZsv8PgKFN0Owghrp2+/E=
-14,-27,XvBPLD6/q5zOuwyx9rV1tGAVxqE=,o64NJg83CDUvhK5DHZfoh6il5jQ=
-8,-30,XvBPLD6/q5zOuwyx9rV1tGAVxqE=,4adBCRZZsv8PgKFN0Owghrp2+/E=
-13,-27,XvBPLD6/q5zOuwyx9rV1tGAVxqE=,o64NJg83CDUvhK5DHZfoh6il5jQ=
-9,-27,XvBPLD6/q5zOuwyx9rV1tGAVxqE=,o64NJg83CDUvhK5DHZfoh6il5jQ=
-14,-26,XvBPLD6/q5zOuwyx9rV1tGAVxqE=,o64NJg83CDUvhK5DHZfoh6il5jQ=
-13,-26,XvBPLD6/q5zOuwyx9rV1tGAVxqE=,o64NJg83CDUvhK5DHZfoh6il5jQ=
-9,-26,XvBPLD6/q5zOuwyx9rV1tGAVxqE=,o64NJg83CDUvhK5DHZfoh6il5jQ=
-8,-29,XvBPLD6/q5zOuwyx9rV1tGAVxqE=,4adBCRZZsv8PgKFN0Owghrp2+/E=
-8,-28,XvBPLD6/q5zOuwyx9rV1tGAVxqE=,4adBCRZZsv8PgKFN0Owghrp2+/E=
-10,-25,XvBPLD6/q5zOuwyx9rV1tGAVxqE=,o64NJg83CDUvhK5DHZfoh6il5jQ=
-1,-31,XvBPLD6/q5zOuwyx9rV1tGAVxqE=,4adBCRZZsv8PgKFN0Owghrp2+/E=
-1,-30,XvBPLD6/q5zOuwyx9rV1tGAVxqE=,4adBCRZZsv8PgKFN0Owghrp2+/E=
-12,-17,XvBPLD6/q5zOuwyx9rV1tGAVxqE=,xgok+/57sBsHRLWxRPgrPtvsg28=
-11,-17,XvBPLD6/q5zOuwyx9rV1tGAVxqE=,xgok+/57sBsHRLWxRPgrPtvsg28=
-10,-17,XvBPLD6/q5zOuwyx9rV1tGAVxqE=,xgok+/57sBsHRLWxRPgrPtvsg28=
-5,-18,XvBPLD6/q5zOuwyx9rV1tGAVxqE=,vaoS40PNoSlgW7E481+j0JtQkHk=
-4,-17,XvBPLD6/q5zOuwyx9rV1tGAVxqE=,vaoS40PNoSlgW7E481+j0JtQkHk=
-8,-22,XvBPLD6/q5zOuwyx9rV1tGAVxqE=,vaoS40PNoSlgW7E481+j0JtQkHk=
-7,-19,XvBPLD6/q5zOuwyx9rV1tGAVxqE=,vaoS40PNoSlgW7E481+j0JtQkHk=
-2,-22,XvBPLD6/q5zOuwyx9rV1tGAVxqE=,vaoS40PNoSlgW7E481+j0JtQkHk=
-8,-23,XvBPLD6/q5zOuwyx9rV1tGAVxqE=,vaoS40PNoSlgW7E481+j0JtQkHk=
-7,-18,XvBPLD6/q5zOuwyx9rV1tGAVxqE=,vaoS40PNoSlgW7E481+j0JtQkHk=
-8,-21,XvBPLD6/q5zOuwyx9rV1tGAVxqE=,vaoS40PNoSlgW7E481+j0JtQkHk=
-9,-18,XvBPLD6/q5zOuwyx9rV1tGAVxqE=,xgok+/57sBsHRLWxRPgrPtvsg28=
-8,-19,XvBPLD6/q5zOuwyx9rV1tGAVxqE=,vaoS40PNoSlgW7E481+j0JtQkHk=
-7,-23,XvBPLD6/q5zOuwyx9rV1tGAVxqE=,vaoS40PNoSlgW7E481+j0JtQkHk=
-7,-21,XvBPLD6/q5zOuwyx9rV1tGAVxqE=,vaoS40PNoSlgW7E481+j0JtQkHk=
-8,-18,XvBPLD6/q5zOuwyx9rV1tGAVxqE=,vaoS40PNoSlgW7E481+j0JtQkHk=
-7,-20,XvBPLD6/q5zOuwyx9rV1tGAVxqE=,vaoS40PNoSlgW7E481+j0JtQkHk=
-4,-22,XvBPLD6/q5zOuwyx9rV1tGAVxqE=,vaoS40PNoSlgW7E481+j0JtQkHk=
-9,-19,XvBPLD6/q5zOuwyx9rV1tGAVxqE=,xgok+/57sBsHRLWxRPgrPtvsg28=
-6,-22,XvBPLD6/q5zOuwyx9rV1tGAVxqE=,vaoS40PNoSlgW7E481+j0JtQkHk=
-8,-20,XvBPLD6/q5zOuwyx9rV1tGAVxqE=,vaoS40PNoSlgW7E481+j0JtQkHk=
-5,-19,XvBPLD6/q5zOuwyx9rV1tGAVxqE=,vaoS40PNoSlgW7E481+j0JtQkHk=
-6,-21,XvBPLD6/q5zOuwyx9rV1tGAVxqE=,vaoS40PNoSlgW7E481+j0JtQkHk=
-2,-23,XvBPLD6/q5zOuwyx9rV1tGAVxqE=,vaoS40PNoSlgW7E481+j0JtQkHk=
-4,-18,XvBPLD6/q5zOuwyx9rV1tGAVxqE=,vaoS40PNoSlgW7E481+j0JtQkHk=
-3,-19,XvBPLD6/q5zOuwyx9rV1tGAVxqE=,vaoS40PNoSlgW7E481+j0JtQkHk=
-8,-25,XvBPLD6/q5zOuwyx9rV1tGAVxqE=,4adBCRZZsv8PgKFN0Owghrp2+/E=
-9,-20,XvBPLD6/q5zOuwyx9rV1tGAVxqE=,xgok+/57sBsHRLWxRPgrPtvsg28=
-7,-25,XvBPLD6/q5zOuwyx9rV1tGAVxqE=,4adBCRZZsv8PgKFN0Owghrp2+/E=
-12,-23,XvBPLD6/q5zOuwyx9rV1tGAVxqE=,xgok+/57sBsHRLWxRPgrPtvsg28=
-10,-22,XvBPLD6/q5zOuwyx9rV1tGAVxqE=,xgok+/57sBsHRLWxRPgrPtvsg28=
-7,-24,XvBPLD6/q5zOuwyx9rV1tGAVxqE=,vaoS40PNoSlgW7E481+j0JtQkHk=
-8,-17,XvBPLD6/q5zOuwyx9rV1tGAVxqE=,vaoS40PNoSlgW7E481+j0JtQkHk=
-9,-17,XvBPLD6/q5zOuwyx9rV1tGAVxqE=,xgok+/57sBsHRLWxRPgrPtvsg28=
-7,-22,XvBPLD6/q5zOuwyx9rV1tGAVxqE=,vaoS40PNoSlgW7E481+j0JtQkHk=
-9,-23,XvBPLD6/q5zOuwyx9rV1tGAVxqE=,xgok+/57sBsHRLWxRPgrPtvsg28=
-5,-20,XvBPLD6/q5zOuwyx9rV1tGAVxqE=,vaoS40PNoSlgW7E481+j0JtQkHk=
-3,-21,XvBPLD6/q5zOuwyx9rV1tGAVxqE=,vaoS40PNoSlgW7E481+j0JtQkHk=
-9,-21,XvBPLD6/q5zOuwyx9rV1tGAVxqE=,xgok+/57sBsHRLWxRPgrPtvsg28=
-11,-23,XvBPLD6/q5zOuwyx9rV1tGAVxqE=,xgok+/57sBsHRLWxRPgrPtvsg28=
-10,-23,XvBPLD6/q5zOuwyx9rV1tGAVxqE=,xgok+/57sBsHRLWxRPgrPtvsg28=
-8,-26,XvBPLD6/q5zOuwyx9rV1tGAVxqE=,4adBCRZZsv8PgKFN0Owghrp2+/E=
-4,-21,XvBPLD6/q5zOuwyx9rV1tGAVxqE=,vaoS40PNoSlgW7E481+j0JtQkHk=
-5,-23,XvBPLD6/q5zOuwyx9rV1tGAVxqE=,vaoS40PNoSlgW7E481+j0JtQkHk=
-6,-23,XvBPLD6/q5zOuwyx9rV1tGAVxqE=,vaoS40PNoSlgW7E481+j0JtQkHk=
-5,-21,XvBPLD6/q5zOuwyx9rV1tGAVxqE=,vaoS40PNoSlgW7E481+j0JtQkHk=
-6,-27,XvBPLD6/q5zOuwyx9rV1tGAVxqE=,4adBCRZZsv8PgKFN0Owghrp2+/E=
-5,-27,XvBPLD6/q5zOuwyx9rV1tGAVxqE=,4adBCRZZsv8PgKFN0Owghrp2+/E=
-11,-24,XvBPLD6/q5zOuwyx9rV1tGAVxqE=,xgok+/57sBsHRLWxRPgrPtvsg28=
-10,-28,XvBPLD6/q5zOuwyx9rV1tGAVxqE=,o64NJg83CDUvhK5DHZfoh6il5jQ=
-7,-26,XvBPLD6/q5zOuwyx9rV1tGAVxqE=,4adBCRZZsv8PgKFN0Owghrp2+/E=
-9,-22,XvBPLD6/q5zOuwyx9rV1tGAVxqE=,xgok+/57sBsHRLWxRPgrPtvsg28=
-6,-25,XvBPLD6/q5zOuwyx9rV1tGAVxqE=,4adBCRZZsv8PgKFN0Owghrp2+/E=
-6,-26,XvBPLD6/q5zOuwyx9rV1tGAVxqE=,4adBCRZZsv8PgKFN0Owghrp2+/E=
-12,-24,XvBPLD6/q5zOuwyx9rV1tGAVxqE=,xgok+/57sBsHRLWxRPgrPtvsg28=
-12,-27,XvBPLD6/q5zOuwyx9rV1tGAVxqE=,o64NJg83CDUvhK5DHZfoh6il5jQ=
-10,-27,XvBPLD6/q5zOuwyx9rV1tGAVxqE=,o64NJg83CDUvhK5DHZfoh6il5jQ=
-11,-27,XvBPLD6/q5zOuwyx9rV1tGAVxqE=,o64NJg83CDUvhK5DHZfoh6il5jQ=
-10,-24,XvBPLD6/q5zOuwyx9rV1tGAVxqE=,xgok+/57sBsHRLWxRPgrPtvsg28=
-11,-25,XvBPLD6/q5zOuwyx9rV1tGAVxqE=,o64NJg83CDUvhK5DHZfoh6il5jQ=
-10,-26,XvBPLD6/q5zOuwyx9rV1tGAVxqE=,o64NJg83CDUvhK5DHZfoh6il5jQ=
-12,-25,XvBPLD6/q5zOuwyx9rV1tGAVxqE=,o64NJg83CDUvhK5DHZfoh6il5jQ=
-8,-27,XvBPLD6/q5zOuwyx9rV1tGAVxqE=,4adBCRZZsv8PgKFN0Owghrp2+/E=
-11,-26,XvBPLD6/q5zOuwyx9rV1tGAVxqE=,o64NJg83CDUvhK5DHZfoh6il5jQ=
-6,-19,XvBPLD6/q5zOuwyx9rV1tGAVxqE=,vaoS40PNoSlgW7E481+j0JtQkHk=
-12,-26,XvBPLD6/q5zOuwyx9rV1tGAVxqE=,o64NJg83CDUvhK5DHZfoh6il5jQ=
-9,-25,XvBPLD6/q5zOuwyx9rV1tGAVxqE=,o64NJg83CDUvhK5DHZfoh6il5jQ=
-5,-17,XvBPLD6/q5zOuwyx9rV1tGAVxqE=,vaoS40PNoSlgW7E481+j0JtQkHk=
-6,-18,XvBPLD6/q5zOuwyx9rV1tGAVxqE=,vaoS40PNoSlgW7E481+j0JtQkHk=
-2,-25,XvBPLD6/q5zOuwyx9rV1tGAVxqE=,4adBCRZZsv8PgKFN0Owghrp2+/E=
-8,-24,XvBPLD6/q5zOuwyx9rV1tGAVxqE=,vaoS40PNoSlgW7E481+j0JtQkHk=
-9,-24,XvBPLD6/q5zOuwyx9rV1tGAVxqE=,xgok+/57sBsHRLWxRPgrPtvsg28=
-5,-22,XvBPLD6/q5zOuwyx9rV1tGAVxqE=,vaoS40PNoSlgW7E481+j0JtQkHk=
-3,-25,XvBPLD6/q5zOuwyx9rV1tGAVxqE=,4adBCRZZsv8PgKFN0Owghrp2+/E=
-5,-24,XvBPLD6/q5zOuwyx9rV1tGAVxqE=,vaoS40PNoSlgW7E481+j0JtQkHk=
-16,-29,XvBPLD6/q5zOuwyx9rV1tGAVxqE=,o64NJg83CDUvhK5DHZfoh6il5jQ=
-16,-31,XvBPLD6/q5zOuwyx9rV1tGAVxqE=,o64NJg83CDUvhK5DHZfoh6il5jQ=
-3,-20,XvBPLD6/q5zOuwyx9rV1tGAVxqE=,vaoS40PNoSlgW7E481+j0JtQkHk=
-16,-30,XvBPLD6/q5zOuwyx9rV1tGAVxqE=,o64NJg83CDUvhK5DHZfoh6il5jQ=
-4,-19,XvBPLD6/q5zOuwyx9rV1tGAVxqE=,vaoS40PNoSlgW7E481+j0JtQkHk=
-3,-18,XvBPLD6/q5zOuwyx9rV1tGAVxqE=,vaoS40PNoSlgW7E481+j0JtQkHk=
-5,-25,XvBPLD6/q5zOuwyx9rV1tGAVxqE=,4adBCRZZsv8PgKFN0Owghrp2+/E=
-7,-17,XvBPLD6/q5zOuwyx9rV1tGAVxqE=,vaoS40PNoSlgW7E481+j0JtQkHk=
-15,-32,XvBPLD6/q5zOuwyx9rV1tGAVxqE=,o64NJg83CDUvhK5DHZfoh6il5jQ=
-14,-32,XvBPLD6/q5zOuwyx9rV1tGAVxqE=,o64NJg83CDUvhK5DHZfoh6il5jQ=
-13,-32,XvBPLD6/q5zOuwyx9rV1tGAVxqE=,o64NJg83CDUvhK5DHZfoh6il5jQ=
-12,-32,XvBPLD6/q5zOuwyx9rV1tGAVxqE=,o64NJg83CDUvhK5DHZfoh6il5jQ=
-16,-32,XvBPLD6/q5zOuwyx9rV1tGAVxqE=,o64NJg83CDUvhK5DHZfoh6il5jQ=
-15,-29,XvBPLD6/q5zOuwyx9rV1tGAVxqE=,o64NJg83CDUvhK5DHZfoh6il5jQ=
-5,-26,XvBPLD6/q5zOuwyx9rV1tGAVxqE=,4adBCRZZsv8PgKFN0Owghrp2+/E=
-14,-29,XvBPLD6/q5zOuwyx9rV1tGAVxqE=,o64NJg83CDUvhK5DHZfoh6il5jQ=
-14,-31,XvBPLD6/q5zOuwyx9rV1tGAVxqE=,o64NJg83CDUvhK5DHZfoh6il5jQ=
-15,-30,XvBPLD6/q5zOuwyx9rV1tGAVxqE=,o64NJg83CDUvhK5DHZfoh6il5jQ=
-6,-24,XvBPLD6/q5zOuwyx9rV1tGAVxqE=,vaoS40PNoSlgW7E481+j0JtQkHk=
-13,-31,XvBPLD6/q5zOuwyx9rV1tGAVxqE=,o64NJg83CDUvhK5DHZfoh6il5jQ=
-5,-32,XvBPLD6/q5zOuwyx9rV1tGAVxqE=,4adBCRZZsv8PgKFN0Owghrp2+/E=
-4,-32,XvBPLD6/q5zOuwyx9rV1tGAVxqE=,4adBCRZZsv8PgKFN0Owghrp2+/E=
-2,-32,XvBPLD6/q5zOuwyx9rV1tGAVxqE=,4adBCRZZsv8PgKFN0Owghrp2+/E=
-3,-32,XvBPLD6/q5zOuwyx9rV1tGAVxqE=,4adBCRZZsv8PgKFN0Owghrp2+/E=
-1,-32,XvBPLD6/q5zOuwyx9rV1tGAVxqE=,4adBCRZZsv8PgKFN0Owghrp2+/E=
-6,-17,XvBPLD6/q5zOuwyx9rV1tGAVxqE=,vaoS40PNoSlgW7E481+j0JtQkHk=
-6,-20,XvBPLD6/q5zOuwyx9rV1tGAVxqE=,vaoS40PNoSlgW7E481+j0JtQkHk=
-9,-32,XvBPLD6/q5zOuwyx9rV1tGAVxqE=,o64NJg83CDUvhK5DHZfoh6il5jQ=
-10,-32,XvBPLD6/q5zOuwyx9rV1tGAVxqE=,o64NJg83CDUvhK5DHZfoh6il5jQ=
-12,-31,XvBPLD6/q5zOuwyx9rV1tGAVxqE=,o64NJg83CDUvhK5DHZfoh6il5jQ=
-9,-29,XvBPLD6/q5zOuwyx9rV1tGAVxqE=,o64NJg83CDUvhK5DHZfoh6il5jQ=
-11,-32,XvBPLD6/q5zOuwyx9rV1tGAVxqE=,o64NJg83CDUvhK5DHZfoh6il5jQ=
-11,-31,XvBPLD6/q5zOuwyx9rV1tGAVxqE=,o64NJg83CDUvhK5DHZfoh6il5jQ=
-10,-29,XvBPLD6/q5zOuwyx9rV1tGAVxqE=,o64NJg83CDUvhK5DHZfoh6il5jQ=
-7,-31,XvBPLD6/q5zOuwyx9rV1tGAVxqE=,4adBCRZZsv8PgKFN0Owghrp2+/E=
-4,-30,XvBPLD6/q5zOuwyx9rV1tGAVxqE=,4adBCRZZsv8PgKFN0Owghrp2+/E=
-4,-29,XvBPLD6/q5zOuwyx9rV1tGAVxqE=,4adBCRZZsv8PgKFN0Owghrp2+/E=
-6,-30,XvBPLD6/q5zOuwyx9rV1tGAVxqE=,4adBCRZZsv8PgKFN0Owghrp2+/E=
-14,-30,XvBPLD6/q5zOuwyx9rV1tGAVxqE=,o64NJg83CDUvhK5DHZfoh6il5jQ=
-8,-32,XvBPLD6/q5zOuwyx9rV1tGAVxqE=,4adBCRZZsv8PgKFN0Owghrp2+/E=
-7,-32,XvBPLD6/q5zOuwyx9rV1tGAVxqE=,4adBCRZZsv8PgKFN0Owghrp2+/E=
-13,-30,XvBPLD6/q5zOuwyx9rV1tGAVxqE=,o64NJg83CDUvhK5DHZfoh6il5jQ=
-12,-30,XvBPLD6/q5zOuwyx9rV1tGAVxqE=,o64NJg83CDUvhK5DHZfoh6il5jQ=
-2,-29,XvBPLD6/q5zOuwyx9rV1tGAVxqE=,4adBCRZZsv8PgKFN0Owghrp2+/E=
-1,-29,XvBPLD6/q5zOuwyx9rV1tGAVxqE=,4adBCRZZsv8PgKFN0Owghrp2+/E=
-5,-30,XvBPLD6/q5zOuwyx9rV1tGAVxqE=,4adBCRZZsv8PgKFN0Owghrp2+/E=
-16,-23,XvBPLD6/q5zOuwyx9rV1tGAVxqE=,xgok+/57sBsHRLWxRPgrPtvsg28=
-5,-29,XvBPLD6/q5zOuwyx9rV1tGAVxqE=,4adBCRZZsv8PgKFN0Owghrp2+/E=
-16,-18,XvBPLD6/q5zOuwyx9rV1tGAVxqE=,xgok+/57sBsHRLWxRPgrPtvsg28=
-16,-25,XvBPLD6/q5zOuwyx9rV1tGAVxqE=,o64NJg83CDUvhK5DHZfoh6il5jQ=
-16,-24,XvBPLD6/q5zOuwyx9rV1tGAVxqE=,xgok+/57sBsHRLWxRPgrPtvsg28=
-15,-28,XvBPLD6/q5zOuwyx9rV1tGAVxqE=,o64NJg83CDUvhK5DHZfoh6il5jQ=
-6,-32,XvBPLD6/q5zOuwyx9rV1tGAVxqE=,4adBCRZZsv8PgKFN0Owghrp2+/E=
-15,-27,XvBPLD6/q5zOuwyx9rV1tGAVxqE=,o64NJg83CDUvhK5DHZfoh6il5jQ=
-15,-23,XvBPLD6/q5zOuwyx9rV1tGAVxqE=,xgok+/57sBsHRLWxRPgrPtvsg28=
-16,-28,XvBPLD6/q5zOuwyx9rV1tGAVxqE=,o64NJg83CDUvhK5DHZfoh6il5jQ=
-15,-22,XvBPLD6/q5zOuwyx9rV1tGAVxqE=,xgok+/57sBsHRLWxRPgrPtvsg28=
-13,-23,XvBPLD6/q5zOuwyx9rV1tGAVxqE=,xgok+/57sBsHRLWxRPgrPtvsg28=
-3,-29,XvBPLD6/q5zOuwyx9rV1tGAVxqE=,4adBCRZZsv8PgKFN0Owghrp2+/E=
-15,-25,XvBPLD6/q5zOuwyx9rV1tGAVxqE=,o64NJg83CDUvhK5DHZfoh6il5jQ=
-16,-27,XvBPLD6/q5zOuwyx9rV1tGAVxqE=,o64NJg83CDUvhK5DHZfoh6il5jQ=
-13,-25,XvBPLD6/q5zOuwyx9rV1tGAVxqE=,o64NJg83CDUvhK5DHZfoh6il5jQ=
-16,-22,XvBPLD6/q5zOuwyx9rV1tGAVxqE=,xgok+/57sBsHRLWxRPgrPtvsg28=
-16,-26,XvBPLD6/q5zOuwyx9rV1tGAVxqE=,o64NJg83CDUvhK5DHZfoh6il5jQ=
-13,-17,XvBPLD6/q5zOuwyx9rV1tGAVxqE=,xgok+/57sBsHRLWxRPgrPtvsg28=
-15,-24,XvBPLD6/q5zOuwyx9rV1tGAVxqE=,xgok+/57sBsHRLWxRPgrPtvsg28=
-16,-17,XvBPLD6/q5zOuwyx9rV1tGAVxqE=,xgok+/57sBsHRLWxRPgrPtvsg28=
-13,-24,XvBPLD6/q5zOuwyx9rV1tGAVxqE=,xgok+/57sBsHRLWxRPgrPtvsg28=
-16,-20,XvBPLD6/q5zOuwyx9rV1tGAVxqE=,xgok+/57sBsHRLWxRPgrPtvsg28=
-16,-21,XvBPLD6/q5zOuwyx9rV1tGAVxqE=,xgok+/57sBsHRLWxRPgrPtvsg28=
-16,-19,XvBPLD6/q5zOuwyx9rV1tGAVxqE=,xgok+/57sBsHRLWxRPgrPtvsg28=
-14,-24,XvBPLD6/q5zOuwyx9rV1tGAVxqE=,xgok+/57sBsHRLWxRPgrPtvsg28=
-15,-17,XvBPLD6/q5zOuwyx9rV1tGAVxqE=,xgok+/57sBsHRLWxRPgrPtvsg28=
-15,-26,XvBPLD6/q5zOuwyx9rV1tGAVxqE=,o64NJg83CDUvhK5DHZfoh6il5jQ=
-14,-17,XvBPLD6/q5zOuwyx9rV1tGAVxqE=,xgok+/57sBsHRLWxRPgrPtvsg28=
-1,-25,XvBPLD6/q5zOuwyx9rV1tGAVxqE=,4adBCRZZsv8PgKFN0Owghrp2+/E=
-1,-24,XvBPLD6/q5zOuwyx9rV1tGAVxqE=,vaoS40PNoSlgW7E481+j0JtQkHk=
-1,-23,XvBPLD6/q5zOuwyx9rV1tGAVxqE=,vaoS40PNoSlgW7E481+j0JtQkHk=
-4,-26,XvBPLD6/q5zOuwyx9rV1tGAVxqE=,4adBCRZZsv8PgKFN0Owghrp2+/E=
-14,-25,XvBPLD6/q5zOuwyx9rV1tGAVxqE=,o64NJg83CDUvhK5DHZfoh6il5jQ=
-3,-28,XvBPLD6/q5zOuwyx9rV1tGAVxqE=,4adBCRZZsv8PgKFN0Owghrp2+/E=
-3,-27,XvBPLD6/q5zOuwyx9rV1tGAVxqE=,4adBCRZZsv8PgKFN0Owghrp2+/E=
-2,-27,XvBPLD6/q5zOuwyx9rV1tGAVxqE=,4adBCRZZsv8PgKFN0Owghrp2+/E=
-1,-28,XvBPLD6/q5zOuwyx9rV1tGAVxqE=,4adBCRZZsv8PgKFN0Owghrp2+/E=
-1,-27,XvBPLD6/q5zOuwyx9rV1tGAVxqE=,4adBCRZZsv8PgKFN0Owghrp2+/E=
-3,-17,XvBPLD6/q5zOuwyx9rV1tGAVxqE=,vaoS40PNoSlgW7E481+j0JtQkHk=
-3,-22,XvBPLD6/q5zOuwyx9rV1tGAVxqE=,vaoS40PNoSlgW7E481+j0JtQkHk=
-1,-26,XvBPLD6/q5zOuwyx9rV1tGAVxqE=,4adBCRZZsv8PgKFN0Owghrp2+/E=
-3,-23,XvBPLD6/q5zOuwyx9rV1tGAVxqE=,vaoS40PNoSlgW7E481+j0JtQkHk=
-2,-19,XvBPLD6/q5zOuwyx9rV1tGAVxqE=,vaoS40PNoSlgW7E481+j0JtQkHk=
-4,-23,XvBPLD6/q5zOuwyx9rV1tGAVxqE=,vaoS40PNoSlgW7E481+j0JtQkHk=
-2,-28,XvBPLD6/q5zOuwyx9rV1tGAVxqE=,4adBCRZZsv8PgKFN0Owghrp2+/E=
-2,-24,XvBPLD6/q5zOuwyx9rV1tGAVxqE=,vaoS40PNoSlgW7E481+j0JtQkHk=
-4,-28,XvBPLD6/q5zOuwyx9rV1tGAVxqE=,4adBCRZZsv8PgKFN0Owghrp2+/E=
-2,-20,XvBPLD6/q5zOuwyx9rV1tGAVxqE=,vaoS40PNoSlgW7E481+j0JtQkHk=
-2,-21,XvBPLD6/q5zOuwyx9rV1tGAVxqE=,vaoS40PNoSlgW7E481+j0JtQkHk=
-4,-20,XvBPLD6/q5zOuwyx9rV1tGAVxqE=,vaoS40PNoSlgW7E481+j0JtQkHk=
-2,-18,XvBPLD6/q5zOuwyx9rV1tGAVxqE=,vaoS40PNoSlgW7E481+j0JtQkHk=
-2,-17,XvBPLD6/q5zOuwyx9rV1tGAVxqE=,vaoS40PNoSlgW7E481+j0JtQkHk=
-1,-17,XvBPLD6/q5zOuwyx9rV1tGAVxqE=,vaoS40PNoSlgW7E481+j0JtQkHk=
-4,-25,XvBPLD6/q5zOuwyx9rV1tGAVxqE=,4adBCRZZsv8PgKFN0Owghrp2+/E=
-4,-24,XvBPLD6/q5zOuwyx9rV1tGAVxqE=,vaoS40PNoSlgW7E481+j0JtQkHk=
-1,-21,XvBPLD6/q5zOuwyx9rV1tGAVxqE=,vaoS40PNoSlgW7E481+j0JtQkHk=
-1,-20,XvBPLD6/q5zOuwyx9rV1tGAVxqE=,vaoS40PNoSlgW7E481+j0JtQkHk=
-1,-18,XvBPLD6/q5zOuwyx9rV1tGAVxqE=,vaoS40PNoSlgW7E481+j0JtQkHk=
-1,-19,XvBPLD6/q5zOuwyx9rV1tGAVxqE=,vaoS40PNoSlgW7E481+j0JtQkHk=
-3,-24,XvBPLD6/q5zOuwyx9rV1tGAVxqE=,vaoS40PNoSlgW7E481+j0JtQkHk=
-1,-22,XvBPLD6/q5zOuwyx9rV1tGAVxqE=,vaoS40PNoSlgW7E481+j0JtQkHk=
-31,-25,pnd9p/H0xDh0V9MMqGMCRIaBGW8=,jArjrZQMp+fRXQHJT6o+XPa/R7Y=
-26,-26,pnd9p/H0xDh0V9MMqGMCRIaBGW8=,jArjrZQMp+fRXQHJT6o+XPa/R7Y=
-27,-30,pnd9p/H0xDh0V9MMqGMCRIaBGW8=,jArjrZQMp+fRXQHJT6o+XPa/R7Y=
-28,-30,pnd9p/H0xDh0V9MMqGMCRIaBGW8=,jArjrZQMp+fRXQHJT6o+XPa/R7Y=
-29,-30,pnd9p/H0xDh0V9MMqGMCRIaBGW8=,jArjrZQMp+fRXQHJT6o+XPa/R7Y=
-30,-30,pnd9p/H0xDh0V9MMqGMCRIaBGW8=,jArjrZQMp+fRXQHJT6o+XPa/R7Y=
-27,-26,pnd9p/H0xDh0V9MMqGMCRIaBGW8=,jArjrZQMp+fRXQHJT6o+XPa/R7Y=
-28,-26,pnd9p/H0xDh0V9MMqGMCRIaBGW8=,jArjrZQMp+fRXQHJT6o+XPa/R7Y=
-29,-26,pnd9p/H0xDh0V9MMqGMCRIaBGW8=,jArjrZQMp+fRXQHJT6o+XPa/R7Y=
-31,-30,pnd9p/H0xDh0V9MMqGMCRIaBGW8=,jArjrZQMp+fRXQHJT6o+XPa/R7Y=
-30,-26,pnd9p/H0xDh0V9MMqGMCRIaBGW8=,jArjrZQMp+fRXQHJT6o+XPa/R7Y=
-31,-26,pnd9p/H0xDh0V9MMqGMCRIaBGW8=,jArjrZQMp+fRXQHJT6o+XPa/R7Y=
-26,-27,pnd9p/H0xDh0V9MMqGMCRIaBGW8=,jArjrZQMp+fRXQHJT6o+XPa/R7Y=
-27,-27,pnd9p/H0xDh0V9MMqGMCRIaBGW8=,jArjrZQMp+fRXQHJT6o+XPa/R7Y=
-28,-27,pnd9p/H0xDh0V9MMqGMCRIaBGW8=,jArjrZQMp+fRXQHJT6o+XPa/R7Y=
-28,-31,pnd9p/H0xDh0V9MMqGMCRIaBGW8=,jArjrZQMp+fRXQHJT6o+XPa/R7Y=
-29,-31,pnd9p/H0xDh0V9MMqGMCRIaBGW8=,jArjrZQMp+fRXQHJT6o+XPa/R7Y=
-30,-31,pnd9p/H0xDh0V9MMqGMCRIaBGW8=,jArjrZQMp+fRXQHJT6o+XPa/R7Y=
-31,-31,pnd9p/H0xDh0V9MMqGMCRIaBGW8=,jArjrZQMp+fRXQHJT6o+XPa/R7Y=
-29,-27,pnd9p/H0xDh0V9MMqGMCRIaBGW8=,jArjrZQMp+fRXQHJT6o+XPa/R7Y=
-30,-27,pnd9p/H0xDh0V9MMqGMCRIaBGW8=,jArjrZQMp+fRXQHJT6o+XPa/R7Y=
-31,-27,pnd9p/H0xDh0V9MMqGMCRIaBGW8=,jArjrZQMp+fRXQHJT6o+XPa/R7Y=
-26,-28,pnd9p/H0xDh0V9MMqGMCRIaBGW8=,jArjrZQMp+fRXQHJT6o+XPa/R7Y=
-27,-28,pnd9p/H0xDh0V9MMqGMCRIaBGW8=,jArjrZQMp+fRXQHJT6o+XPa/R7Y=
-28,-28,pnd9p/H0xDh0V9MMqGMCRIaBGW8=,jArjrZQMp+fRXQHJT6o+XPa/R7Y=
-29,-28,pnd9p/H0xDh0V9MMqGMCRIaBGW8=,jArjrZQMp+fRXQHJT6o+XPa/R7Y=
-30,-28,pnd9p/H0xDh0V9MMqGMCRIaBGW8=,jArjrZQMp+fRXQHJT6o+XPa/R7Y=
-31,-28,pnd9p/H0xDh0V9MMqGMCRIaBGW8=,jArjrZQMp+fRXQHJT6o+XPa/R7Y=
-27,-29,pnd9p/H0xDh0V9MMqGMCRIaBGW8=,jArjrZQMp+fRXQHJT6o+XPa/R7Y=
-26,-25,pnd9p/H0xDh0V9MMqGMCRIaBGW8=,jArjrZQMp+fRXQHJT6o+XPa/R7Y=
-28,-29,pnd9p/H0xDh0V9MMqGMCRIaBGW8=,jArjrZQMp+fRXQHJT6o+XPa/R7Y=
-29,-29,pnd9p/H0xDh0V9MMqGMCRIaBGW8=,jArjrZQMp+fRXQHJT6o+XPa/R7Y=
-30,-29,pnd9p/H0xDh0V9MMqGMCRIaBGW8=,jArjrZQMp+fRXQHJT6o+XPa/R7Y=
-31,-29,pnd9p/H0xDh0V9MMqGMCRIaBGW8=,jArjrZQMp+fRXQHJT6o+XPa/R7Y=
-27,-25,pnd9p/H0xDh0V9MMqGMCRIaBGW8=,jArjrZQMp+fRXQHJT6o+XPa/R7Y=
-28,-25,pnd9p/H0xDh0V9MMqGMCRIaBGW8=,jArjrZQMp+fRXQHJT6o+XPa/R7Y=
-29,-25,pnd9p/H0xDh0V9MMqGMCRIaBGW8=,jArjrZQMp+fRXQHJT6o+XPa/R7Y=
-30,-25,pnd9p/H0xDh0V9MMqGMCRIaBGW8=,jArjrZQMp+fRXQHJT6o+XPa/R7Y=
-27,-32,pnd9p/H0xDh0V9MMqGMCRIaBGW8=,jArjrZQMp+fRXQHJT6o+XPa/R7Y=
-28,-32,pnd9p/H0xDh0V9MMqGMCRIaBGW8=,jArjrZQMp+fRXQHJT6o+XPa/R7Y=
-29,-32,pnd9p/H0xDh0V9MMqGMCRIaBGW8=,jArjrZQMp+fRXQHJT6o+XPa/R7Y=
-30,-32,pnd9p/H0xDh0V9MMqGMCRIaBGW8=,jArjrZQMp+fRXQHJT6o+XPa/R7Y=
-31,-32,pnd9p/H0xDh0V9MMqGMCRIaBGW8=,jArjrZQMp+fRXQHJT6o+XPa/R7Y=
-32,-29,pnd9p/H0xDh0V9MMqGMCRIaBGW8=,jArjrZQMp+fRXQHJT6o+XPa/R7Y=
-32,-28,pnd9p/H0xDh0V9MMqGMCRIaBGW8=,jArjrZQMp+fRXQHJT6o+XPa/R7Y=
-32,-27,pnd9p/H0xDh0V9MMqGMCRIaBGW8=,jArjrZQMp+fRXQHJT6o+XPa/R7Y=
-32,-31,pnd9p/H0xDh0V9MMqGMCRIaBGW8=,jArjrZQMp+fRXQHJT6o+XPa/R7Y=
-32,-26,pnd9p/H0xDh0V9MMqGMCRIaBGW8=,jArjrZQMp+fRXQHJT6o+XPa/R7Y=
-32,-30,pnd9p/H0xDh0V9MMqGMCRIaBGW8=,jArjrZQMp+fRXQHJT6o+XPa/R7Y=
-32,-25,pnd9p/H0xDh0V9MMqGMCRIaBGW8=,jArjrZQMp+fRXQHJT6o+XPa/R7Y=
-32,-32,pnd9p/H0xDh0V9MMqGMCRIaBGW8=,jArjrZQMp+fRXQHJT6o+XPa/R7Y=
-18,-31,pnd9p/H0xDh0V9MMqGMCRIaBGW8=,kulaQTM7wW6ZTuNt42vcRJp+YXM=
-17,-31,pnd9p/H0xDh0V9MMqGMCRIaBGW8=,kulaQTM7wW6ZTuNt42vcRJp+YXM=
-21,-27,pnd9p/H0xDh0V9MMqGMCRIaBGW8=,kulaQTM7wW6ZTuNt42vcRJp+YXM=
-20,-27,pnd9p/H0xDh0V9MMqGMCRIaBGW8=,kulaQTM7wW6ZTuNt42vcRJp+YXM=
-18,-27,pnd9p/H0xDh0V9MMqGMCRIaBGW8=,kulaQTM7wW6ZTuNt42vcRJp+YXM=
-20,-26,pnd9p/H0xDh0V9MMqGMCRIaBGW8=,kulaQTM7wW6ZTuNt42vcRJp+YXM=
-19,-26,pnd9p/H0xDh0V9MMqGMCRIaBGW8=,kulaQTM7wW6ZTuNt42vcRJp+YXM=
-18,-26,pnd9p/H0xDh0V9MMqGMCRIaBGW8=,kulaQTM7wW6ZTuNt42vcRJp+YXM=
-17,-26,pnd9p/H0xDh0V9MMqGMCRIaBGW8=,kulaQTM7wW6ZTuNt42vcRJp+YXM=
-25,-26,pnd9p/H0xDh0V9MMqGMCRIaBGW8=,jArjrZQMp+fRXQHJT6o+XPa/R7Y=
-18,-28,pnd9p/H0xDh0V9MMqGMCRIaBGW8=,kulaQTM7wW6ZTuNt42vcRJp+YXM=
-19,-28,pnd9p/H0xDh0V9MMqGMCRIaBGW8=,kulaQTM7wW6ZTuNt42vcRJp+YXM=
-19,-31,pnd9p/H0xDh0V9MMqGMCRIaBGW8=,kulaQTM7wW6ZTuNt42vcRJp+YXM=
-20,-31,pnd9p/H0xDh0V9MMqGMCRIaBGW8=,kulaQTM7wW6ZTuNt42vcRJp+YXM=
-21,-31,pnd9p/H0xDh0V9MMqGMCRIaBGW8=,kulaQTM7wW6ZTuNt42vcRJp+YXM=
-21,-28,pnd9p/H0xDh0V9MMqGMCRIaBGW8=,kulaQTM7wW6ZTuNt42vcRJp+YXM=
-22,-28,pnd9p/H0xDh0V9MMqGMCRIaBGW8=,kulaQTM7wW6ZTuNt42vcRJp+YXM=
-22,-31,pnd9p/H0xDh0V9MMqGMCRIaBGW8=,kulaQTM7wW6ZTuNt42vcRJp+YXM=
-17,-32,pnd9p/H0xDh0V9MMqGMCRIaBGW8=,kulaQTM7wW6ZTuNt42vcRJp+YXM=
-18,-32,pnd9p/H0xDh0V9MMqGMCRIaBGW8=,kulaQTM7wW6ZTuNt42vcRJp+YXM=
-17,-29,pnd9p/H0xDh0V9MMqGMCRIaBGW8=,kulaQTM7wW6ZTuNt42vcRJp+YXM=
-18,-29,pnd9p/H0xDh0V9MMqGMCRIaBGW8=,kulaQTM7wW6ZTuNt42vcRJp+YXM=
-20,-32,pnd9p/H0xDh0V9MMqGMCRIaBGW8=,kulaQTM7wW6ZTuNt42vcRJp+YXM=
-19,-32,pnd9p/H0xDh0V9MMqGMCRIaBGW8=,kulaQTM7wW6ZTuNt42vcRJp+YXM=
-21,-32,pnd9p/H0xDh0V9MMqGMCRIaBGW8=,kulaQTM7wW6ZTuNt42vcRJp+YXM=
-19,-29,pnd9p/H0xDh0V9MMqGMCRIaBGW8=,kulaQTM7wW6ZTuNt42vcRJp+YXM=
-20,-29,pnd9p/H0xDh0V9MMqGMCRIaBGW8=,kulaQTM7wW6ZTuNt42vcRJp+YXM=
-21,-29,pnd9p/H0xDh0V9MMqGMCRIaBGW8=,kulaQTM7wW6ZTuNt42vcRJp+YXM=
-22,-32,pnd9p/H0xDh0V9MMqGMCRIaBGW8=,kulaQTM7wW6ZTuNt42vcRJp+YXM=
-22,-29,pnd9p/H0xDh0V9MMqGMCRIaBGW8=,kulaQTM7wW6ZTuNt42vcRJp+YXM=
-23,-32,pnd9p/H0xDh0V9MMqGMCRIaBGW8=,kulaQTM7wW6ZTuNt42vcRJp+YXM=
-17,-30,pnd9p/H0xDh0V9MMqGMCRIaBGW8=,kulaQTM7wW6ZTuNt42vcRJp+YXM=
-18,-30,pnd9p/H0xDh0V9MMqGMCRIaBGW8=,kulaQTM7wW6ZTuNt42vcRJp+YXM=
-19,-30,pnd9p/H0xDh0V9MMqGMCRIaBGW8=,kulaQTM7wW6ZTuNt42vcRJp+YXM=
-21,-30,pnd9p/H0xDh0V9MMqGMCRIaBGW8=,kulaQTM7wW6ZTuNt42vcRJp+YXM=
-20,-30,pnd9p/H0xDh0V9MMqGMCRIaBGW8=,kulaQTM7wW6ZTuNt42vcRJp+YXM=
-22,-30,pnd9p/H0xDh0V9MMqGMCRIaBGW8=,kulaQTM7wW6ZTuNt42vcRJp+YXM=
-23,-31,pnd9p/H0xDh0V9MMqGMCRIaBGW8=,kulaQTM7wW6ZTuNt42vcRJp+YXM=
-24,-32,pnd9p/H0xDh0V9MMqGMCRIaBGW8=,kulaQTM7wW6ZTuNt42vcRJp+YXM=
-25,-32,pnd9p/H0xDh0V9MMqGMCRIaBGW8=,jArjrZQMp+fRXQHJT6o+XPa/R7Y=
-23,-29,pnd9p/H0xDh0V9MMqGMCRIaBGW8=,kulaQTM7wW6ZTuNt42vcRJp+YXM=
-27,-31,pnd9p/H0xDh0V9MMqGMCRIaBGW8=,jArjrZQMp+fRXQHJT6o+XPa/R7Y=
-26,-29,pnd9p/H0xDh0V9MMqGMCRIaBGW8=,jArjrZQMp+fRXQHJT6o+XPa/R7Y=
-23,-30,pnd9p/H0xDh0V9MMqGMCRIaBGW8=,kulaQTM7wW6ZTuNt42vcRJp+YXM=
-25,-29,pnd9p/H0xDh0V9MMqGMCRIaBGW8=,jArjrZQMp+fRXQHJT6o+XPa/R7Y=
-24,-20,pnd9p/H0xDh0V9MMqGMCRIaBGW8=,xOPKemC+uP9tf+RGXMcyPCgA0B0=
-22,-20,pnd9p/H0xDh0V9MMqGMCRIaBGW8=,xOPKemC+uP9tf+RGXMcyPCgA0B0=
-23,-20,pnd9p/H0xDh0V9MMqGMCRIaBGW8=,xOPKemC+uP9tf+RGXMcyPCgA0B0=
-24,-21,pnd9p/H0xDh0V9MMqGMCRIaBGW8=,xOPKemC+uP9tf+RGXMcyPCgA0B0=
-24,-22,pnd9p/H0xDh0V9MMqGMCRIaBGW8=,xOPKemC+uP9tf+RGXMcyPCgA0B0=
-24,-23,pnd9p/H0xDh0V9MMqGMCRIaBGW8=,xOPKemC+uP9tf+RGXMcyPCgA0B0=
-23,-23,pnd9p/H0xDh0V9MMqGMCRIaBGW8=,xOPKemC+uP9tf+RGXMcyPCgA0B0=
-24,-19,pnd9p/H0xDh0V9MMqGMCRIaBGW8=,xOPKemC+uP9tf+RGXMcyPCgA0B0=
-23,-19,pnd9p/H0xDh0V9MMqGMCRIaBGW8=,xOPKemC+uP9tf+RGXMcyPCgA0B0=
-19,-23,pnd9p/H0xDh0V9MMqGMCRIaBGW8=,xOPKemC+uP9tf+RGXMcyPCgA0B0=
-20,-24,pnd9p/H0xDh0V9MMqGMCRIaBGW8=,xOPKemC+uP9tf+RGXMcyPCgA0B0=
-24,-24,pnd9p/H0xDh0V9MMqGMCRIaBGW8=,xOPKemC+uP9tf+RGXMcyPCgA0B0=
-23,-24,pnd9p/H0xDh0V9MMqGMCRIaBGW8=,xOPKemC+uP9tf+RGXMcyPCgA0B0=
-24,-18,pnd9p/H0xDh0V9MMqGMCRIaBGW8=,xOPKemC+uP9tf+RGXMcyPCgA0B0=
-23,-18,pnd9p/H0xDh0V9MMqGMCRIaBGW8=,xOPKemC+uP9tf+RGXMcyPCgA0B0=
-19,-18,pnd9p/H0xDh0V9MMqGMCRIaBGW8=,xOPKemC+uP9tf+RGXMcyPCgA0B0=
-18,-18,pnd9p/H0xDh0V9MMqGMCRIaBGW8=,xOPKemC+uP9tf+RGXMcyPCgA0B0=
-24,-17,pnd9p/H0xDh0V9MMqGMCRIaBGW8=,xOPKemC+uP9tf+RGXMcyPCgA0B0=
-23,-17,pnd9p/H0xDh0V9MMqGMCRIaBGW8=,xOPKemC+uP9tf+RGXMcyPCgA0B0=
-22,-17,pnd9p/H0xDh0V9MMqGMCRIaBGW8=,xOPKemC+uP9tf+RGXMcyPCgA0B0=
-18,-24,pnd9p/H0xDh0V9MMqGMCRIaBGW8=,xOPKemC+uP9tf+RGXMcyPCgA0B0=
-23,-21,pnd9p/H0xDh0V9MMqGMCRIaBGW8=,xOPKemC+uP9tf+RGXMcyPCgA0B0=
-19,-22,pnd9p/H0xDh0V9MMqGMCRIaBGW8=,xOPKemC+uP9tf+RGXMcyPCgA0B0=
-25,-25,pnd9p/H0xDh0V9MMqGMCRIaBGW8=,jArjrZQMp+fRXQHJT6o+XPa/R7Y=
-17,-24,pnd9p/H0xDh0V9MMqGMCRIaBGW8=,xOPKemC+uP9tf+RGXMcyPCgA0B0=
-17,-22,pnd9p/H0xDh0V9MMqGMCRIaBGW8=,xOPKemC+uP9tf+RGXMcyPCgA0B0=
-18,-21,pnd9p/H0xDh0V9MMqGMCRIaBGW8=,xOPKemC+uP9tf+RGXMcyPCgA0B0=
-17,-25,pnd9p/H0xDh0V9MMqGMCRIaBGW8=,kulaQTM7wW6ZTuNt42vcRJp+YXM=
-18,-25,pnd9p/H0xDh0V9MMqGMCRIaBGW8=,kulaQTM7wW6ZTuNt42vcRJp+YXM=
-19,-25,pnd9p/H0xDh0V9MMqGMCRIaBGW8=,kulaQTM7wW6ZTuNt42vcRJp+YXM=
-20,-25,pnd9p/H0xDh0V9MMqGMCRIaBGW8=,kulaQTM7wW6ZTuNt42vcRJp+YXM=
-19,-24,pnd9p/H0xDh0V9MMqGMCRIaBGW8=,xOPKemC+uP9tf+RGXMcyPCgA0B0=
-25,-28,pnd9p/H0xDh0V9MMqGMCRIaBGW8=,jArjrZQMp+fRXQHJT6o+XPa/R7Y=
-26,-32,pnd9p/H0xDh0V9MMqGMCRIaBGW8=,jArjrZQMp+fRXQHJT6o+XPa/R7Y=
-20,-17,pnd9p/H0xDh0V9MMqGMCRIaBGW8=,xOPKemC+uP9tf+RGXMcyPCgA0B0=
-25,-27,pnd9p/H0xDh0V9MMqGMCRIaBGW8=,jArjrZQMp+fRXQHJT6o+XPa/R7Y=
-19,-17,pnd9p/H0xDh0V9MMqGMCRIaBGW8=,xOPKemC+uP9tf+RGXMcyPCgA0B0=
-18,-23,pnd9p/H0xDh0V9MMqGMCRIaBGW8=,xOPKemC+uP9tf+RGXMcyPCgA0B0=
-17,-23,pnd9p/H0xDh0V9MMqGMCRIaBGW8=,xOPKemC+uP9tf+RGXMcyPCgA0B0=
-24,-25,pnd9p/H0xDh0V9MMqGMCRIaBGW8=,kulaQTM7wW6ZTuNt42vcRJp+YXM=
-26,-30,pnd9p/H0xDh0V9MMqGMCRIaBGW8=,jArjrZQMp+fRXQHJT6o+XPa/R7Y=
-24,-31,pnd9p/H0xDh0V9MMqGMCRIaBGW8=,kulaQTM7wW6ZTuNt42vcRJp+YXM=
-24,-29,pnd9p/H0xDh0V9MMqGMCRIaBGW8=,kulaQTM7wW6ZTuNt42vcRJp+YXM=
-25,-31,pnd9p/H0xDh0V9MMqGMCRIaBGW8=,jArjrZQMp+fRXQHJT6o+XPa/R7Y=
-26,-31,pnd9p/H0xDh0V9MMqGMCRIaBGW8=,jArjrZQMp+fRXQHJT6o+XPa/R7Y=
-19,-27,pnd9p/H0xDh0V9MMqGMCRIaBGW8=,kulaQTM7wW6ZTuNt42vcRJp+YXM=
-22,-27,pnd9p/H0xDh0V9MMqGMCRIaBGW8=,kulaQTM7wW6ZTuNt42vcRJp+YXM=
-17,-27,pnd9p/H0xDh0V9MMqGMCRIaBGW8=,kulaQTM7wW6ZTuNt42vcRJp+YXM=
-17,-28,pnd9p/H0xDh0V9MMqGMCRIaBGW8=,kulaQTM7wW6ZTuNt42vcRJp+YXM=
-21,-26,pnd9p/H0xDh0V9MMqGMCRIaBGW8=,kulaQTM7wW6ZTuNt42vcRJp+YXM=
-20,-21,pnd9p/H0xDh0V9MMqGMCRIaBGW8=,xOPKemC+uP9tf+RGXMcyPCgA0B0=
-18,-17,pnd9p/H0xDh0V9MMqGMCRIaBGW8=,xOPKemC+uP9tf+RGXMcyPCgA0B0=
-20,-28,pnd9p/H0xDh0V9MMqGMCRIaBGW8=,kulaQTM7wW6ZTuNt42vcRJp+YXM=
-19,-21,pnd9p/H0xDh0V9MMqGMCRIaBGW8=,xOPKemC+uP9tf+RGXMcyPCgA0B0=
-18,-22,pnd9p/H0xDh0V9MMqGMCRIaBGW8=,xOPKemC+uP9tf+RGXMcyPCgA0B0=
-17,-17,pnd9p/H0xDh0V9MMqGMCRIaBGW8=,xOPKemC+uP9tf+RGXMcyPCgA0B0=
-22,-26,pnd9p/H0xDh0V9MMqGMCRIaBGW8=,kulaQTM7wW6ZTuNt42vcRJp+YXM=
-25,-30,pnd9p/H0xDh0V9MMqGMCRIaBGW8=,jArjrZQMp+fRXQHJT6o+XPa/R7Y=
-24,-26,pnd9p/H0xDh0V9MMqGMCRIaBGW8=,kulaQTM7wW6ZTuNt42vcRJp+YXM=
-17,-21,pnd9p/H0xDh0V9MMqGMCRIaBGW8=,xOPKemC+uP9tf+RGXMcyPCgA0B0=
-21,-17,pnd9p/H0xDh0V9MMqGMCRIaBGW8=,xOPKemC+uP9tf+RGXMcyPCgA0B0=
-22,-24,pnd9p/H0xDh0V9MMqGMCRIaBGW8=,xOPKemC+uP9tf+RGXMcyPCgA0B0=
-23,-22,pnd9p/H0xDh0V9MMqGMCRIaBGW8=,xOPKemC+uP9tf+RGXMcyPCgA0B0=
-19,-20,pnd9p/H0xDh0V9MMqGMCRIaBGW8=,xOPKemC+uP9tf+RGXMcyPCgA0B0=
-24,-27,pnd9p/H0xDh0V9MMqGMCRIaBGW8=,kulaQTM7wW6ZTuNt42vcRJp+YXM=
-23,-28,pnd9p/H0xDh0V9MMqGMCRIaBGW8=,kulaQTM7wW6ZTuNt42vcRJp+YXM=
-18,-20,pnd9p/H0xDh0V9MMqGMCRIaBGW8=,xOPKemC+uP9tf+RGXMcyPCgA0B0=
-21,-20,pnd9p/H0xDh0V9MMqGMCRIaBGW8=,xOPKemC+uP9tf+RGXMcyPCgA0B0=
-22,-25,pnd9p/H0xDh0V9MMqGMCRIaBGW8=,kulaQTM7wW6ZTuNt42vcRJp+YXM=
-22,-23,pnd9p/H0xDh0V9MMqGMCRIaBGW8=,xOPKemC+uP9tf+RGXMcyPCgA0B0=
-20,-20,pnd9p/H0xDh0V9MMqGMCRIaBGW8=,xOPKemC+uP9tf+RGXMcyPCgA0B0=
-22,-19,pnd9p/H0xDh0V9MMqGMCRIaBGW8=,xOPKemC+uP9tf+RGXMcyPCgA0B0=
-21,-23,pnd9p/H0xDh0V9MMqGMCRIaBGW8=,xOPKemC+uP9tf+RGXMcyPCgA0B0=
-24,-30,pnd9p/H0xDh0V9MMqGMCRIaBGW8=,kulaQTM7wW6ZTuNt42vcRJp+YXM=
-17,-20,pnd9p/H0xDh0V9MMqGMCRIaBGW8=,xOPKemC+uP9tf+RGXMcyPCgA0B0=
-21,-19,pnd9p/H0xDh0V9MMqGMCRIaBGW8=,xOPKemC+uP9tf+RGXMcyPCgA0B0=
-19,-19,pnd9p/H0xDh0V9MMqGMCRIaBGW8=,xOPKemC+uP9tf+RGXMcyPCgA0B0=
-21,-22,pnd9p/H0xDh0V9MMqGMCRIaBGW8=,xOPKemC+uP9tf+RGXMcyPCgA0B0=
-21,-18,pnd9p/H0xDh0V9MMqGMCRIaBGW8=,xOPKemC+uP9tf+RGXMcyPCgA0B0=
-18,-19,pnd9p/H0xDh0V9MMqGMCRIaBGW8=,xOPKemC+uP9tf+RGXMcyPCgA0B0=
-17,-19,pnd9p/H0xDh0V9MMqGMCRIaBGW8=,xOPKemC+uP9tf+RGXMcyPCgA0B0=
-23,-26,pnd9p/H0xDh0V9MMqGMCRIaBGW8=,kulaQTM7wW6ZTuNt42vcRJp+YXM=
-17,-18,pnd9p/H0xDh0V9MMqGMCRIaBGW8=,xOPKemC+uP9tf+RGXMcyPCgA0B0=
-20,-19,pnd9p/H0xDh0V9MMqGMCRIaBGW8=,xOPKemC+uP9tf+RGXMcyPCgA0B0=
-22,-18,pnd9p/H0xDh0V9MMqGMCRIaBGW8=,xOPKemC+uP9tf+RGXMcyPCgA0B0=
-22,-22,pnd9p/H0xDh0V9MMqGMCRIaBGW8=,xOPKemC+uP9tf+RGXMcyPCgA0B0=
-23,-27,pnd9p/H0xDh0V9MMqGMCRIaBGW8=,kulaQTM7wW6ZTuNt42vcRJp+YXM=
-21,-24,pnd9p/H0xDh0V9MMqGMCRIaBGW8=,xOPKemC+uP9tf+RGXMcyPCgA0B0=
-20,-23,pnd9p/H0xDh0V9MMqGMCRIaBGW8=,xOPKemC+uP9tf+RGXMcyPCgA0B0=
-20,-18,pnd9p/H0xDh0V9MMqGMCRIaBGW8=,xOPKemC+uP9tf+RGXMcyPCgA0B0=
-24,-28,pnd9p/H0xDh0V9MMqGMCRIaBGW8=,kulaQTM7wW6ZTuNt42vcRJp+YXM=
-21,-25,pnd9p/H0xDh0V9MMqGMCRIaBGW8=,kulaQTM7wW6ZTuNt42vcRJp+YXM=
-20,-22,pnd9p/H0xDh0V9MMqGMCRIaBGW8=,xOPKemC+uP9tf+RGXMcyPCgA0B0=
-22,-21,pnd9p/H0xDh0V9MMqGMCRIaBGW8=,xOPKemC+uP9tf+RGXMcyPCgA0B0=
-21,-21,pnd9p/H0xDh0V9MMqGMCRIaBGW8=,xOPKemC+uP9tf+RGXMcyPCgA0B0=
-23,-25,pnd9p/H0xDh0V9MMqGMCRIaBGW8=,kulaQTM7wW6ZTuNt42vcRJp+YXM=
-24,-10,pnd9p/H0xDh0V9MMqGMCRIaBGW8=,VWEfs24e6UHJcVnHzIsdwp1Scyk=
-17,-11,pnd9p/H0xDh0V9MMqGMCRIaBGW8=,VWEfs24e6UHJcVnHzIsdwp1Scyk=
-18,-11,pnd9p/H0xDh0V9MMqGMCRIaBGW8=,VWEfs24e6UHJcVnHzIsdwp1Scyk=
-21,-11,pnd9p/H0xDh0V9MMqGMCRIaBGW8=,VWEfs24e6UHJcVnHzIsdwp1Scyk=
-22,-11,pnd9p/H0xDh0V9MMqGMCRIaBGW8=,VWEfs24e6UHJcVnHzIsdwp1Scyk=
-23,-11,pnd9p/H0xDh0V9MMqGMCRIaBGW8=,VWEfs24e6UHJcVnHzIsdwp1Scyk=
-24,-11,pnd9p/H0xDh0V9MMqGMCRIaBGW8=,VWEfs24e6UHJcVnHzIsdwp1Scyk=
-17,-12,pnd9p/H0xDh0V9MMqGMCRIaBGW8=,VWEfs24e6UHJcVnHzIsdwp1Scyk=
-22,-12,pnd9p/H0xDh0V9MMqGMCRIaBGW8=,VWEfs24e6UHJcVnHzIsdwp1Scyk=
-23,-12,pnd9p/H0xDh0V9MMqGMCRIaBGW8=,VWEfs24e6UHJcVnHzIsdwp1Scyk=
-21,-12,pnd9p/H0xDh0V9MMqGMCRIaBGW8=,VWEfs24e6UHJcVnHzIsdwp1Scyk=
-24,-12,pnd9p/H0xDh0V9MMqGMCRIaBGW8=,VWEfs24e6UHJcVnHzIsdwp1Scyk=
-20,-13,pnd9p/H0xDh0V9MMqGMCRIaBGW8=,VWEfs24e6UHJcVnHzIsdwp1Scyk=
-21,-13,pnd9p/H0xDh0V9MMqGMCRIaBGW8=,VWEfs24e6UHJcVnHzIsdwp1Scyk=
-22,-13,pnd9p/H0xDh0V9MMqGMCRIaBGW8=,VWEfs24e6UHJcVnHzIsdwp1Scyk=
-24,-13,pnd9p/H0xDh0V9MMqGMCRIaBGW8=,VWEfs24e6UHJcVnHzIsdwp1Scyk=
-23,-13,pnd9p/H0xDh0V9MMqGMCRIaBGW8=,VWEfs24e6UHJcVnHzIsdwp1Scyk=
-20,-14,pnd9p/H0xDh0V9MMqGMCRIaBGW8=,VWEfs24e6UHJcVnHzIsdwp1Scyk=
-17,-10,pnd9p/H0xDh0V9MMqGMCRIaBGW8=,VWEfs24e6UHJcVnHzIsdwp1Scyk=
-18,-10,pnd9p/H0xDh0V9MMqGMCRIaBGW8=,VWEfs24e6UHJcVnHzIsdwp1Scyk=
-21,-14,pnd9p/H0xDh0V9MMqGMCRIaBGW8=,VWEfs24e6UHJcVnHzIsdwp1Scyk=
-22,-14,pnd9p/H0xDh0V9MMqGMCRIaBGW8=,VWEfs24e6UHJcVnHzIsdwp1Scyk=
-19,-10,pnd9p/H0xDh0V9MMqGMCRIaBGW8=,VWEfs24e6UHJcVnHzIsdwp1Scyk=
-23,-14,pnd9p/H0xDh0V9MMqGMCRIaBGW8=,VWEfs24e6UHJcVnHzIsdwp1Scyk=
-21,-10,pnd9p/H0xDh0V9MMqGMCRIaBGW8=,VWEfs24e6UHJcVnHzIsdwp1Scyk=
-24,-14,pnd9p/H0xDh0V9MMqGMCRIaBGW8=,VWEfs24e6UHJcVnHzIsdwp1Scyk=
-19,-15,pnd9p/H0xDh0V9MMqGMCRIaBGW8=,VWEfs24e6UHJcVnHzIsdwp1Scyk=
-22,-10,pnd9p/H0xDh0V9MMqGMCRIaBGW8=,VWEfs24e6UHJcVnHzIsdwp1Scyk=
-20,-15,pnd9p/H0xDh0V9MMqGMCRIaBGW8=,VWEfs24e6UHJcVnHzIsdwp1Scyk=
-21,-15,pnd9p/H0xDh0V9MMqGMCRIaBGW8=,VWEfs24e6UHJcVnHzIsdwp1Scyk=
-23,-10,pnd9p/H0xDh0V9MMqGMCRIaBGW8=,VWEfs24e6UHJcVnHzIsdwp1Scyk=
-22,-15,pnd9p/H0xDh0V9MMqGMCRIaBGW8=,VWEfs24e6UHJcVnHzIsdwp1Scyk=
-23,-15,pnd9p/H0xDh0V9MMqGMCRIaBGW8=,VWEfs24e6UHJcVnHzIsdwp1Scyk=
-24,-15,pnd9p/H0xDh0V9MMqGMCRIaBGW8=,VWEfs24e6UHJcVnHzIsdwp1Scyk=
-23,-16,pnd9p/H0xDh0V9MMqGMCRIaBGW8=,VWEfs24e6UHJcVnHzIsdwp1Scyk=
-22,-16,pnd9p/H0xDh0V9MMqGMCRIaBGW8=,VWEfs24e6UHJcVnHzIsdwp1Scyk=
-20,-16,pnd9p/H0xDh0V9MMqGMCRIaBGW8=,VWEfs24e6UHJcVnHzIsdwp1Scyk=
-21,-16,pnd9p/H0xDh0V9MMqGMCRIaBGW8=,VWEfs24e6UHJcVnHzIsdwp1Scyk=
-19,-16,pnd9p/H0xDh0V9MMqGMCRIaBGW8=,VWEfs24e6UHJcVnHzIsdwp1Scyk=
-18,-16,pnd9p/H0xDh0V9MMqGMCRIaBGW8=,VWEfs24e6UHJcVnHzIsdwp1Scyk=
-24,-16,3hztZ/W6fgXScMQUbdVjpFg/1Mc=,VWEfs24e6UHJcVnHzIsdwp1Scyk=
-18,-15,3hztZ/W6fgXScMQUbdVjpFg/1Mc=,VWEfs24e6UHJcVnHzIsdwp1Scyk=
-17,-13,3hztZ/W6fgXScMQUbdVjpFg/1Mc=,VWEfs24e6UHJcVnHzIsdwp1Scyk=
-17,-15,3hztZ/W6fgXScMQUbdVjpFg/1Mc=,VWEfs24e6UHJcVnHzIsdwp1Scyk=
-17,-16,3hztZ/W6fgXScMQUbdVjpFg/1Mc=,VWEfs24e6UHJcVnHzIsdwp1Scyk=
-19,-14,3hztZ/W6fgXScMQUbdVjpFg/1Mc=,VWEfs24e6UHJcVnHzIsdwp1Scyk=
-19,-13,3hztZ/W6fgXScMQUbdVjpFg/1Mc=,VWEfs24e6UHJcVnHzIsdwp1Scyk=
-18,-13,3hztZ/W6fgXScMQUbdVjpFg/1Mc=,VWEfs24e6UHJcVnHzIsdwp1Scyk=
-18,-14,3hztZ/W6fgXScMQUbdVjpFg/1Mc=,VWEfs24e6UHJcVnHzIsdwp1Scyk=
-17,-6,3hztZ/W6fgXScMQUbdVjpFg/1Mc=,16hWV7wPAdYk4jtsCRsS+me1QBo=
-17,-14,3hztZ/W6fgXScMQUbdVjpFg/1Mc=,VWEfs24e6UHJcVnHzIsdwp1Scyk=
-24,-6,3hztZ/W6fgXScMQUbdVjpFg/1Mc=,16hWV7wPAdYk4jtsCRsS+me1QBo=
-21,-1,3hztZ/W6fgXScMQUbdVjpFg/1Mc=,16hWV7wPAdYk4jtsCRsS+me1QBo=
-24,-5,3hztZ/W6fgXScMQUbdVjpFg/1Mc=,16hWV7wPAdYk4jtsCRsS+me1QBo=
-22,-3,3hztZ/W6fgXScMQUbdVjpFg/1Mc=,16hWV7wPAdYk4jtsCRsS+me1QBo=
-18,-6,3hztZ/W6fgXScMQUbdVjpFg/1Mc=,16hWV7wPAdYk4jtsCRsS+me1QBo=
-22,-2,3hztZ/W6fgXScMQUbdVjpFg/1Mc=,16hWV7wPAdYk4jtsCRsS+me1QBo=
-23,-3,3hztZ/W6fgXScMQUbdVjpFg/1Mc=,16hWV7wPAdYk4jtsCRsS+me1QBo=
-24,-8,3hztZ/W6fgXScMQUbdVjpFg/1Mc=,16hWV7wPAdYk4jtsCRsS+me1QBo=
-23,-2,3hztZ/W6fgXScMQUbdVjpFg/1Mc=,16hWV7wPAdYk4jtsCRsS+me1QBo=
-22,-8,3hztZ/W6fgXScMQUbdVjpFg/1Mc=,16hWV7wPAdYk4jtsCRsS+me1QBo=
-24,-3,3hztZ/W6fgXScMQUbdVjpFg/1Mc=,16hWV7wPAdYk4jtsCRsS+me1QBo=
-24,-7,3hztZ/W6fgXScMQUbdVjpFg/1Mc=,16hWV7wPAdYk4jtsCRsS+me1QBo=
-23,-4,3hztZ/W6fgXScMQUbdVjpFg/1Mc=,16hWV7wPAdYk4jtsCRsS+me1QBo=
-23,-7,3hztZ/W6fgXScMQUbdVjpFg/1Mc=,16hWV7wPAdYk4jtsCRsS+me1QBo=
-24,-2,3hztZ/W6fgXScMQUbdVjpFg/1Mc=,16hWV7wPAdYk4jtsCRsS+me1QBo=
-20,-6,3hztZ/W6fgXScMQUbdVjpFg/1Mc=,16hWV7wPAdYk4jtsCRsS+me1QBo=
-17,-1,3hztZ/W6fgXScMQUbdVjpFg/1Mc=,16hWV7wPAdYk4jtsCRsS+me1QBo=
-21,-2,3hztZ/W6fgXScMQUbdVjpFg/1Mc=,16hWV7wPAdYk4jtsCRsS+me1QBo=
-19,-6,3hztZ/W6fgXScMQUbdVjpFg/1Mc=,16hWV7wPAdYk4jtsCRsS+me1QBo=
-17,-3,3hztZ/W6fgXScMQUbdVjpFg/1Mc=,16hWV7wPAdYk4jtsCRsS+me1QBo=
-18,-12,3hztZ/W6fgXScMQUbdVjpFg/1Mc=,VWEfs24e6UHJcVnHzIsdwp1Scyk=
-23,-5,3hztZ/W6fgXScMQUbdVjpFg/1Mc=,16hWV7wPAdYk4jtsCRsS+me1QBo=
-20,-2,3hztZ/W6fgXScMQUbdVjpFg/1Mc=,16hWV7wPAdYk4jtsCRsS+me1QBo=
-21,-3,3hztZ/W6fgXScMQUbdVjpFg/1Mc=,16hWV7wPAdYk4jtsCRsS+me1QBo=
-22,-1,3hztZ/W6fgXScMQUbdVjpFg/1Mc=,16hWV7wPAdYk4jtsCRsS+me1QBo=
-19,-11,3hztZ/W6fgXScMQUbdVjpFg/1Mc=,VWEfs24e6UHJcVnHzIsdwp1Scyk=
-17,-8,3hztZ/W6fgXScMQUbdVjpFg/1Mc=,16hWV7wPAdYk4jtsCRsS+me1QBo=
-20,-10,3hztZ/W6fgXScMQUbdVjpFg/1Mc=,VWEfs24e6UHJcVnHzIsdwp1Scyk=
-24,-4,3hztZ/W6fgXScMQUbdVjpFg/1Mc=,16hWV7wPAdYk4jtsCRsS+me1QBo=
-17,-9,3hztZ/W6fgXScMQUbdVjpFg/1Mc=,VWEfs24e6UHJcVnHzIsdwp1Scyk=
-18,-9,3hztZ/W6fgXScMQUbdVjpFg/1Mc=,VWEfs24e6UHJcVnHzIsdwp1Scyk=
-20,-12,3hztZ/W6fgXScMQUbdVjpFg/1Mc=,VWEfs24e6UHJcVnHzIsdwp1Scyk=
-20,-1,3hztZ/W6fgXScMQUbdVjpFg/1Mc=,16hWV7wPAdYk4jtsCRsS+me1QBo=
-17,-5,3hztZ/W6fgXScMQUbdVjpFg/1Mc=,16hWV7wPAdYk4jtsCRsS+me1QBo=
-23,-1,3hztZ/W6fgXScMQUbdVjpFg/1Mc=,16hWV7wPAdYk4jtsCRsS+me1QBo=
-19,-9,3hztZ/W6fgXScMQUbdVjpFg/1Mc=,VWEfs24e6UHJcVnHzIsdwp1Scyk=
-19,-8,3hztZ/W6fgXScMQUbdVjpFg/1Mc=,16hWV7wPAdYk4jtsCRsS+me1QBo=
-19,-12,3hztZ/W6fgXScMQUbdVjpFg/1Mc=,VWEfs24e6UHJcVnHzIsdwp1Scyk=
-21,-6,3hztZ/W6fgXScMQUbdVjpFg/1Mc=,16hWV7wPAdYk4jtsCRsS+me1QBo=
-17,-7,3hztZ/W6fgXScMQUbdVjpFg/1Mc=,16hWV7wPAdYk4jtsCRsS+me1QBo=
-17,-4,3hztZ/W6fgXScMQUbdVjpFg/1Mc=,16hWV7wPAdYk4jtsCRsS+me1QBo=
-18,-7,3hztZ/W6fgXScMQUbdVjpFg/1Mc=,16hWV7wPAdYk4jtsCRsS+me1QBo=
-18,-5,3hztZ/W6fgXScMQUbdVjpFg/1Mc=,16hWV7wPAdYk4jtsCRsS+me1QBo=
-18,-1,3hztZ/W6fgXScMQUbdVjpFg/1Mc=,16hWV7wPAdYk4jtsCRsS+me1QBo=
-22,-7,3hztZ/W6fgXScMQUbdVjpFg/1Mc=,16hWV7wPAdYk4jtsCRsS+me1QBo=
-19,-3,3hztZ/W6fgXScMQUbdVjpFg/1Mc=,16hWV7wPAdYk4jtsCRsS+me1QBo=
-22,-9,3hztZ/W6fgXScMQUbdVjpFg/1Mc=,VWEfs24e6UHJcVnHzIsdwp1Scyk=
-23,-8,3hztZ/W6fgXScMQUbdVjpFg/1Mc=,16hWV7wPAdYk4jtsCRsS+me1QBo=
-19,-1,3hztZ/W6fgXScMQUbdVjpFg/1Mc=,16hWV7wPAdYk4jtsCRsS+me1QBo=
-23,-6,3hztZ/W6fgXScMQUbdVjpFg/1Mc=,16hWV7wPAdYk4jtsCRsS+me1QBo=
-20,-11,3hztZ/W6fgXScMQUbdVjpFg/1Mc=,VWEfs24e6UHJcVnHzIsdwp1Scyk=
-20,-9,3hztZ/W6fgXScMQUbdVjpFg/1Mc=,VWEfs24e6UHJcVnHzIsdwp1Scyk=
-24,-1,3hztZ/W6fgXScMQUbdVjpFg/1Mc=,16hWV7wPAdYk4jtsCRsS+me1QBo=
-23,-9,3hztZ/W6fgXScMQUbdVjpFg/1Mc=,VWEfs24e6UHJcVnHzIsdwp1Scyk=
-21,-8,3hztZ/W6fgXScMQUbdVjpFg/1Mc=,16hWV7wPAdYk4jtsCRsS+me1QBo=
-21,-9,3hztZ/W6fgXScMQUbdVjpFg/1Mc=,VWEfs24e6UHJcVnHzIsdwp1Scyk=
-24,-9,3hztZ/W6fgXScMQUbdVjpFg/1Mc=,VWEfs24e6UHJcVnHzIsdwp1Scyk=
-18,-3,3hztZ/W6fgXScMQUbdVjpFg/1Mc=,16hWV7wPAdYk4jtsCRsS+me1QBo=
-22,-4,3hztZ/W6fgXScMQUbdVjpFg/1Mc=,16hWV7wPAdYk4jtsCRsS+me1QBo=
-17,-2,3hztZ/W6fgXScMQUbdVjpFg/1Mc=,16hWV7wPAdYk4jtsCRsS+me1QBo=
-18,-8,3hztZ/W6fgXScMQUbdVjpFg/1Mc=,16hWV7wPAdYk4jtsCRsS+me1QBo=
-20,-3,3hztZ/W6fgXScMQUbdVjpFg/1Mc=,16hWV7wPAdYk4jtsCRsS+me1QBo=
-18,-2,3hztZ/W6fgXScMQUbdVjpFg/1Mc=,16hWV7wPAdYk4jtsCRsS+me1QBo=
-19,-7,3hztZ/W6fgXScMQUbdVjpFg/1Mc=,16hWV7wPAdYk4jtsCRsS+me1QBo=
-18,-4,3hztZ/W6fgXScMQUbdVjpFg/1Mc=,16hWV7wPAdYk4jtsCRsS+me1QBo=
-22,-6,3hztZ/W6fgXScMQUbdVjpFg/1Mc=,16hWV7wPAdYk4jtsCRsS+me1QBo=
-22,-5,3hztZ/W6fgXScMQUbdVjpFg/1Mc=,16hWV7wPAdYk4jtsCRsS+me1QBo=
-21,-4,3hztZ/W6fgXScMQUbdVjpFg/1Mc=,16hWV7wPAdYk4jtsCRsS+me1QBo=
-20,-8,3hztZ/W6fgXScMQUbdVjpFg/1Mc=,16hWV7wPAdYk4jtsCRsS+me1QBo=
-20,-7,3hztZ/W6fgXScMQUbdVjpFg/1Mc=,16hWV7wPAdYk4jtsCRsS+me1QBo=
-19,-4,3hztZ/W6fgXScMQUbdVjpFg/1Mc=,16hWV7wPAdYk4jtsCRsS+me1QBo=
-21,-7,3hztZ/W6fgXScMQUbdVjpFg/1Mc=,16hWV7wPAdYk4jtsCRsS+me1QBo=
-20,-5,3hztZ/W6fgXScMQUbdVjpFg/1Mc=,16hWV7wPAdYk4jtsCRsS+me1QBo=
-19,-5,3hztZ/W6fgXScMQUbdVjpFg/1Mc=,16hWV7wPAdYk4jtsCRsS+me1QBo=
-21,-5,3hztZ/W6fgXScMQUbdVjpFg/1Mc=,16hWV7wPAdYk4jtsCRsS+me1QBo=
-19,-2,3hztZ/W6fgXScMQUbdVjpFg/1Mc=,16hWV7wPAdYk4jtsCRsS+me1QBo=
-20,-4,3hztZ/W6fgXScMQUbdVjpFg/1Mc=,16hWV7wPAdYk4jtsCRsS+me1QBo=
