65,-1023,pVG54uwUyMYIOZSW0lGne9Ec6X4=,N7vRbuwis6cJsGePz0lLE+M5XZ8=
71,-1024,pVG54uwUyMYIOZSW0lGne9Ec6X4=,N7vRbuwis6cJsGePz0lLE+M5XZ8=
71,-1023,pVG54uwUyMYIOZSW0lGne9Ec6X4=,N7vRbuwis6cJsGePz0lLE+M5XZ8=
70,-1023,pVG54uwUyMYIOZSW0lGne9Ec6X4=,N7vRbuwis6cJsGePz0lLE+M5XZ8=
67,-1018,pVG54uwUyMYIOZSW0lGne9Ec6X4=,N7vRbuwis6cJsGePz0lLE+M5XZ8=
69,-1023,pVG54uwUyMYIOZSW0lGne9Ec6X4=,N7vRbuwis6cJsGePz0lLE+M5XZ8=
67,-1019,pVG54uwUyMYIOZSW0lGne9Ec6X4=,N7vRbuwis6cJsGePz0lLE+M5XZ8=
69,-1024,pVG54uwUyMYIOZSW0lGne9Ec6X4=,N7vRbuwis6cJsGePz0lLE+M5XZ8=
66,-1019,pVG54uwUyMYIOZSW0lGne9Ec6X4=,N7vRbuwis6cJsGePz0lLE+M5XZ8=
71,-1022,pVG54uwUyMYIOZSW0lGne9Ec6X4=,N7vRbuwis6cJsGePz0lLE+M5XZ8=
70,-1022,pVG54uwUyMYIOZSW0lGne9Ec6X4=,N7vRbuwis6cJsGePz0lLE+M5XZ8=
67,-1024,pVG54uwUyMYIOZSW0lGne9Ec6X4=,N7vRbuwis6cJsGePz0lLE+M5XZ8=
67,-1023,pVG54uwUyMYIOZSW0lGne9Ec6X4=,N7vRbuwis6cJsGePz0lLE+M5XZ8=
68,-1023,pVG54uwUyMYIOZSW0lGne9Ec6X4=,N7vRbuwis6cJsGePz0lLE+M5XZ8=
68,-1024,pVG54uwUyMYIOZSW0lGne9Ec6X4=,N7vRbuwis6cJsGePz0lLE+M5XZ8=
65,-1019,pVG54uwUyMYIOZSW0lGne9Ec6X4=,N7vRbuwis6cJsGePz0lLE+M5XZ8=
65,-1020,pVG54uwUyMYIOZSW0lGne9Ec6X4=,N7vRbuwis6cJsGePz0lLE+M5XZ8=
64,-1019,pVG54uwUyMYIOZSW0lGne9Ec6X4=,N7vRbuwis6cJsGePz0lLE+M5XZ8=
66,-1018,pVG54uwUyMYIOZSW0lGne9Ec6X4=,N7vRbuwis6cJsGePz0lLE+M5XZ8=
64,-1020,pVG54uwUyMYIOZSW0lGne9Ec6X4=,N7vRbuwis6cJsGePz0lLE+M5XZ8=
71,-1020,pVG54uwUyMYIOZSW0lGne9Ec6X4=,N7vRbuwis6cJsGePz0lLE+M5XZ8=
69,-1022,pVG54uwUyMYIOZSW0lGne9Ec6X4=,N7vRbuwis6cJsGePz0lLE+M5XZ8=
70,-1020,pVG54uwUyMYIOZSW0lGne9Ec6X4=,N7vRbuwis6cJsGePz0lLE+M5XZ8=
71,-1021,pVG54uwUyMYIOZSW0lGne9Ec6X4=,N7vRbuwis6cJsGePz0lLE+M5XZ8=
70,-1021,pVG54uwUyMYIOZSW0lGne9Ec6X4=,N7vRbuwis6cJsGePz0lLE+M5XZ8=
68,-1022,pVG54uwUyMYIOZSW0lGne9Ec6X4=,N7vRbuwis6cJsGePz0lLE+M5XZ8=
69,-1020,pVG54uwUyMYIOZSW0lGne9Ec6X4=,N7vRbuwis6cJsGePz0lLE+M5XZ8=
70,-1024,pVG54uwUyMYIOZSW0lGne9Ec6X4=,N7vRbuwis6cJsGePz0lLE+M5XZ8=
69,-1021,pVG54uwUyMYIOZSW0lGne9Ec6X4=,N7vRbuwis6cJsGePz0lLE+M5XZ8=
67,-1022,pVG54uwUyMYIOZSW0lGne9Ec6X4=,N7vRbuwis6cJsGePz0lLE+M5XZ8=
68,-1021,pVG54uwUyMYIOZSW0lGne9Ec6X4=,N7vRbuwis6cJsGePz0lLE+M5XZ8=
65,-1018,pVG54uwUyMYIOZSW0lGne9Ec6X4=,N7vRbuwis6cJsGePz0lLE+M5XZ8=
68,-1020,pVG54uwUyMYIOZSW0lGne9Ec6X4=,N7vRbuwis6cJsGePz0lLE+M5XZ8=
66,-1022,pVG54uwUyMYIOZSW0lGne9Ec6X4=,N7vRbuwis6cJsGePz0lLE+M5XZ8=
67,-1021,pVG54uwUyMYIOZSW0lGne9Ec6X4=,N7vRbuwis6cJsGePz0lLE+M5XZ8=
65,-1024,pVG54uwUyMYIOZSW0lGne9Ec6X4=,N7vRbuwis6cJsGePz0lLE+M5XZ8=
65,-1022,pVG54uwUyMYIOZSW0lGne9Ec6X4=,N7vRbuwis6cJsGePz0lLE+M5XZ8=
64,-1018,pVG54uwUyMYIOZSW0lGne9Ec6X4=,N7vRbuwis6cJsGePz0lLE+M5XZ8=
67,-1020,pVG54uwUyMYIOZSW0lGne9Ec6X4=,N7vRbuwis6cJsGePz0lLE+M5XZ8=
71,-1018,pVG54uwUyMYIOZSW0lGne9Ec6X4=,N7vRbuwis6cJsGePz0lLE+M5XZ8=
71,-1019,pVG54uwUyMYIOZSW0lGne9Ec6X4=,N7vRbuwis6cJsGePz0lLE+M5XZ8=
70,-1018,pVG54uwUyMYIOZSW0lGne9Ec6X4=,N7vRbuwis6cJsGePz0lLE+M5XZ8=
70,-1019,pVG54uwUyMYIOZSW0lGne9Ec6X4=,N7vRbuwis6cJsGePz0lLE+M5XZ8=
69,-1018,pVG54uwUyMYIOZSW0lGne9Ec6X4=,N7vRbuwis6cJsGePz0lLE+M5XZ8=
66,-1021,pVG54uwUyMYIOZSW0lGne9Ec6X4=,N7vRbuwis6cJsGePz0lLE+M5XZ8=
65,-1021,pVG54uwUyMYIOZSW0lGne9Ec6X4=,N7vRbuwis6cJsGePz0lLE+M5XZ8=
66,-1020,pVG54uwUyMYIOZSW0lGne9Ec6X4=,N7vRbuwis6cJsGePz0lLE+M5XZ8=
68,-1019,pVG54uwUyMYIOZSW0lGne9Ec6X4=,N7vRbuwis6cJsGePz0lLE+M5XZ8=
66,-1024,pVG54uwUyMYIOZSW0lGne9Ec6X4=,N7vRbuwis6cJsGePz0lLE+M5XZ8=
69,-1019,pVG54uwUyMYIOZSW0lGne9Ec6X4=,N7vRbuwis6cJsGePz0lLE+M5XZ8=
68,-1018,pVG54uwUyMYIOZSW0lGne9Ec6X4=,N7vRbuwis6cJsGePz0lLE+M5XZ8=
66,-1023,pVG54uwUyMYIOZSW0lGne9Ec6X4=,N7vRbuwis6cJsGePz0lLE+M5XZ8=
64,-1010,pVG54uwUyMYIOZSW0lGne9Ec6X4=,04/vaLf6uYGvPUEYV6tCF1qetYg=
67,-1017,pVG54uwUyMYIOZSW0lGne9Ec6X4=,N7vRbuwis6cJsGePz0lLE+M5XZ8=
65,-1010,pVG54uwUyMYIOZSW0lGne9Ec6X4=,04/vaLf6uYGvPUEYV6tCF1qetYg=
70,-1011,pVG54uwUyMYIOZSW0lGne9Ec6X4=,04/vaLf6uYGvPUEYV6tCF1qetYg=
66,-1010,pVG54uwUyMYIOZSW0lGne9Ec6X4=,04/vaLf6uYGvPUEYV6tCF1qetYg=
71,-1011,pVG54uwUyMYIOZSW0lGne9Ec6X4=,04/vaLf6uYGvPUEYV6tCF1qetYg=
68,-1011,pVG54uwUyMYIOZSW0lGne9Ec6X4=,04/vaLf6uYGvPUEYV6tCF1qetYg=
67,-1010,pVG54uwUyMYIOZSW0lGne9Ec6X4=,04/vaLf6uYGvPUEYV6tCF1qetYg=
67,-1011,pVG54uwUyMYIOZSW0lGne9Ec6X4=,04/vaLf6uYGvPUEYV6tCF1qetYg=
65,-1011,pVG54uwUyMYIOZSW0lGne9Ec6X4=,04/vaLf6uYGvPUEYV6tCF1qetYg=
68,-1017,pVG54uwUyMYIOZSW0lGne9Ec6X4=,N7vRbuwis6cJsGePz0lLE+M5XZ8=
68,-1010,pVG54uwUyMYIOZSW0lGne9Ec6X4=,04/vaLf6uYGvPUEYV6tCF1qetYg=
69,-1011,pVG54uwUyMYIOZSW0lGne9Ec6X4=,04/vaLf6uYGvPUEYV6tCF1qetYg=
64,-1011,pVG54uwUyMYIOZSW0lGne9Ec6X4=,04/vaLf6uYGvPUEYV6tCF1qetYg=
69,-1017,pVG54uwUyMYIOZSW0lGne9Ec6X4=,N7vRbuwis6cJsGePz0lLE+M5XZ8=
70,-1017,pVG54uwUyMYIOZSW0lGne9Ec6X4=,N7vRbuwis6cJsGePz0lLE+M5XZ8=
69,-1012,pVG54uwUyMYIOZSW0lGne9Ec6X4=,04/vaLf6uYGvPUEYV6tCF1qetYg=
70,-1012,pVG54uwUyMYIOZSW0lGne9Ec6X4=,04/vaLf6uYGvPUEYV6tCF1qetYg=
69,-1010,pVG54uwUyMYIOZSW0lGne9Ec6X4=,04/vaLf6uYGvPUEYV6tCF1qetYg=
68,-1012,pVG54uwUyMYIOZSW0lGne9Ec6X4=,04/vaLf6uYGvPUEYV6tCF1qetYg=
67,-1012,pVG54uwUyMYIOZSW0lGne9Ec6X4=,04/vaLf6uYGvPUEYV6tCF1qetYg=
71,-1017,pVG54uwUyMYIOZSW0lGne9Ec6X4=,N7vRbuwis6cJsGePz0lLE+M5XZ8=
71,-1012,pVG54uwUyMYIOZSW0lGne9Ec6X4=,04/vaLf6uYGvPUEYV6tCF1qetYg=
70,-1010,pVG54uwUyMYIOZSW0lGne9Ec6X4=,04/vaLf6uYGvPUEYV6tCF1qetYg=
64,-1012,pVG54uwUyMYIOZSW0lGne9Ec6X4=,04/vaLf6uYGvPUEYV6tCF1qetYg=
64,-1016,pVG54uwUyMYIOZSW0lGne9Ec6X4=,04/vaLf6uYGvPUEYV6tCF1qetYg=
71,-1013,pVG54uwUyMYIOZSW0lGne9Ec6X4=,04/vaLf6uYGvPUEYV6tCF1qetYg=
70,-1013,pVG54uwUyMYIOZSW0lGne9Ec6X4=,04/vaLf6uYGvPUEYV6tCF1qetYg=
71,-1010,pVG54uwUyMYIOZSW0lGne9Ec6X4=,04/vaLf6uYGvPUEYV6tCF1qetYg=
69,-1013,pVG54uwUyMYIOZSW0lGne9Ec6X4=,04/vaLf6uYGvPUEYV6tCF1qetYg=
65,-1012,pVG54uwUyMYIOZSW0lGne9Ec6X4=,04/vaLf6uYGvPUEYV6tCF1qetYg=
68,-1013,pVG54uwUyMYIOZSW0lGne9Ec6X4=,04/vaLf6uYGvPUEYV6tCF1qetYg=
67,-1013,pVG54uwUyMYIOZSW0lGne9Ec6X4=,04/vaLf6uYGvPUEYV6tCF1qetYg=
64,-1009,pVG54uwUyMYIOZSW0lGne9Ec6X4=,04/vaLf6uYGvPUEYV6tCF1qetYg=
66,-1017,pVG54uwUyMYIOZSW0lGne9Ec6X4=,N7vRbuwis6cJsGePz0lLE+M5XZ8=
65,-1017,pVG54uwUyMYIOZSW0lGne9Ec6X4=,N7vRbuwis6cJsGePz0lLE+M5XZ8=
71,-1014,pVG54uwUyMYIOZSW0lGne9Ec6X4=,04/vaLf6uYGvPUEYV6tCF1qetYg=
70,-1014,pVG54uwUyMYIOZSW0lGne9Ec6X4=,04/vaLf6uYGvPUEYV6tCF1qetYg=
64,-1013,pVG54uwUyMYIOZSW0lGne9Ec6X4=,04/vaLf6uYGvPUEYV6tCF1qetYg=
69,-1014,pVG54uwUyMYIOZSW0lGne9Ec6X4=,04/vaLf6uYGvPUEYV6tCF1qetYg=
64,-1017,pVG54uwUyMYIOZSW0lGne9Ec6X4=,N7vRbuwis6cJsGePz0lLE+M5XZ8=
68,-1014,pVG54uwUyMYIOZSW0lGne9Ec6X4=,04/vaLf6uYGvPUEYV6tCF1qetYg=
66,-1014,pVG54uwUyMYIOZSW0lGne9Ec6X4=,04/vaLf6uYGvPUEYV6tCF1qetYg=
67,-1014,pVG54uwUyMYIOZSW0lGne9Ec6X4=,04/vaLf6uYGvPUEYV6tCF1qetYg=
71,-1009,pVG54uwUyMYIOZSW0lGne9Ec6X4=,04/vaLf6uYGvPUEYV6tCF1qetYg=
65,-1016,pVG54uwUyMYIOZSW0lGne9Ec6X4=,04/vaLf6uYGvPUEYV6tCF1qetYg=
65,-1009,pVG54uwUyMYIOZSW0lGne9Ec6X4=,04/vaLf6uYGvPUEYV6tCF1qetYg=
66,-1016,pVG54uwUyMYIOZSW0lGne9Ec6X4=,04/vaLf6uYGvPUEYV6tCF1qetYg=
67,-1016,pVG54uwUyMYIOZSW0lGne9Ec6X4=,04/vaLf6uYGvPUEYV6tCF1qetYg=
68,-1016,pVG54uwUyMYIOZSW0lGne9Ec6X4=,04/vaLf6uYGvPUEYV6tCF1qetYg=
69,-1016,pVG54uwUyMYIOZSW0lGne9Ec6X4=,04/vaLf6uYGvPUEYV6tCF1qetYg=
66,-1009,pVG54uwUyMYIOZSW0lGne9Ec6X4=,04/vaLf6uYGvPUEYV6tCF1qetYg=
70,-1016,pVG54uwUyMYIOZSW0lGne9Ec6X4=,04/vaLf6uYGvPUEYV6tCF1qetYg=
71,-1016,pVG54uwUyMYIOZSW0lGne9Ec6X4=,04/vaLf6uYGvPUEYV6tCF1qetYg=
64,-1015,pVG54uwUyMYIOZSW0lGne9Ec6X4=,04/vaLf6uYGvPUEYV6tCF1qetYg=
67,-1009,pVG54uwUyMYIOZSW0lGne9Ec6X4=,04/vaLf6uYGvPUEYV6tCF1qetYg=
64,-1023,pVG54uwUyMYIOZSW0lGne9Ec6X4=,N7vRbuwis6cJsGePz0lLE+M5XZ8=
71,-1015,pVG54uwUyMYIOZSW0lGne9Ec6X4=,04/vaLf6uYGvPUEYV6tCF1qetYg=
70,-1015,pVG54uwUyMYIOZSW0lGne9Ec6X4=,04/vaLf6uYGvPUEYV6tCF1qetYg=
69,-1015,pVG54uwUyMYIOZSW0lGne9Ec6X4=,04/vaLf6uYGvPUEYV6tCF1qetYg=
68,-1015,pVG54uwUyMYIOZSW0lGne9Ec6X4=,04/vaLf6uYGvPUEYV6tCF1qetYg=
67,-1015,pVG54uwUyMYIOZSW0lGne9Ec6X4=,04/vaLf6uYGvPUEYV6tCF1qetYg=
70,-1009,pVG54uwUyMYIOZSW0lGne9Ec6X4=,04/vaLf6uYGvPUEYV6tCF1qetYg=
69,-1009,pVG54uwUyMYIOZSW0lGne9Ec6X4=,04/vaLf6uYGvPUEYV6tCF1qetYg=
68,-1009,pVG54uwUyMYIOZSW0lGne9Ec6X4=,04/vaLf6uYGvPUEYV6tCF1qetYg=
66,-1015,pVG54uwUyMYIOZSW0lGne9Ec6X4=,04/vaLf6uYGvPUEYV6tCF1qetYg=
64,-1022,pVG54uwUyMYIOZSW0lGne9Ec6X4=,N7vRbuwis6cJsGePz0lLE+M5XZ8=
64,-1021,pVG54uwUyMYIOZSW0lGne9Ec6X4=,N7vRbuwis6cJsGePz0lLE+M5XZ8=
65,-1015,pVG54uwUyMYIOZSW0lGne9Ec6X4=,04/vaLf6uYGvPUEYV6tCF1qetYg=
64,-1024,pVG54uwUyMYIOZSW0lGne9Ec6X4=,N7vRbuwis6cJsGePz0lLE+M5XZ8=
64,-1014,pVG54uwUyMYIOZSW0lGne9Ec6X4=,04/vaLf6uYGvPUEYV6tCF1qetYg=
66,-1011,pVG54uwUyMYIOZSW0lGne9Ec6X4=,04/vaLf6uYGvPUEYV6tCF1qetYg=
66,-1012,pVG54uwUyMYIOZSW0lGne9Ec6X4=,04/vaLf6uYGvPUEYV6tCF1qetYg=
66,-1013,pVG54uwUyMYIOZSW0lGne9Ec6X4=,04/vaLf6uYGvPUEYV6tCF1qetYg=
65,-1014,pVG54uwUyMYIOZSW0lGne9Ec6X4=,04/vaLf6uYGvPUEYV6tCF1qetYg=
65,-1013,pVG54uwUyMYIOZSW0lGne9Ec6X4=,04/vaLf6uYGvPUEYV6tCF1qetYg=
71,-993,mzg7lAiSTkFmhViDpfia94ToMXU=,6siJYfIG0IP1zxCI7Bx5UNwB6x8=
65,-999,mzg7lAiSTkFmhViDpfia94ToMXU=,6siJYfIG0IP1zxCI7Bx5UNwB6x8=
64,-999,mzg7lAiSTkFmhViDpfia94ToMXU=,6siJYfIG0IP1zxCI7Bx5UNwB6x8=
70,-993,mzg7lAiSTkFmhViDpfia94ToMXU=,6siJYfIG0IP1zxCI7Bx5UNwB6x8=
66,-999,mzg7lAiSTkFmhViDpfia94ToMXU=,6siJYfIG0IP1zxCI7Bx5UNwB6x8=
67,-999,mzg7lAiSTkFmhViDpfia94ToMXU=,6siJYfIG0IP1zxCI7Bx5UNwB6x8=
69,-993,mzg7lAiSTkFmhViDpfia94ToMXU=,6siJYfIG0IP1zxCI7Bx5UNwB6x8=
68,-999,mzg7lAiSTkFmhViDpfia94ToMXU=,6siJYfIG0IP1zxCI7Bx5UNwB6x8=
67,-993,mzg7lAiSTkFmhViDpfia94ToMXU=,6siJYfIG0IP1zxCI7Bx5UNwB6x8=
69,-999,mzg7lAiSTkFmhViDpfia94ToMXU=,6siJYfIG0IP1zxCI7Bx5UNwB6x8=
66,-993,mzg7lAiSTkFmhViDpfia94ToMXU=,6siJYfIG0IP1zxCI7Bx5UNwB6x8=
70,-999,mzg7lAiSTkFmhViDpfia94ToMXU=,6siJYfIG0IP1zxCI7Bx5UNwB6x8=
71,-999,mzg7lAiSTkFmhViDpfia94ToMXU=,6siJYfIG0IP1zxCI7Bx5UNwB6x8=
64,-993,mzg7lAiSTkFmhViDpfia94ToMXU=,6siJYfIG0IP1zxCI7Bx5UNwB6x8=
65,-993,mzg7lAiSTkFmhViDpfia94ToMXU=,6siJYfIG0IP1zxCI7Bx5UNwB6x8=
64,-998,mzg7lAiSTkFmhViDpfia94ToMXU=,6siJYfIG0IP1zxCI7Bx5UNwB6x8=
70,-994,mzg7lAiSTkFmhViDpfia94ToMXU=,6siJYfIG0IP1zxCI7Bx5UNwB6x8=
68,-993,mzg7lAiSTkFmhViDpfia94ToMXU=,6siJYfIG0IP1zxCI7Bx5UNwB6x8=
65,-998,mzg7lAiSTkFmhViDpfia94ToMXU=,6siJYfIG0IP1zxCI7Bx5UNwB6x8=
69,-994,mzg7lAiSTkFmhViDpfia94ToMXU=,6siJYfIG0IP1zxCI7Bx5UNwB6x8=
66,-998,mzg7lAiSTkFmhViDpfia94ToMXU=,6siJYfIG0IP1zxCI7Bx5UNwB6x8=
68,-994,mzg7lAiSTkFmhViDpfia94ToMXU=,6siJYfIG0IP1zxCI7Bx5UNwB6x8=
67,-994,mzg7lAiSTkFmhViDpfia94ToMXU=,6siJYfIG0IP1zxCI7Bx5UNwB6x8=
67,-998,mzg7lAiSTkFmhViDpfia94ToMXU=,6siJYfIG0IP1zxCI7Bx5UNwB6x8=
71,-994,mzg7lAiSTkFmhViDpfia94ToMXU=,6siJYfIG0IP1zxCI7Bx5UNwB6x8=
64,-994,mzg7lAiSTkFmhViDpfia94ToMXU=,6siJYfIG0IP1zxCI7Bx5UNwB6x8=
68,-998,mzg7lAiSTkFmhViDpfia94ToMXU=,6siJYfIG0IP1zxCI7Bx5UNwB6x8=
65,-994,mzg7lAiSTkFmhViDpfia94ToMXU=,6siJYfIG0IP1zxCI7Bx5UNwB6x8=
69,-995,mzg7lAiSTkFmhViDpfia94ToMXU=,6siJYfIG0IP1zxCI7Bx5UNwB6x8=
70,-995,mzg7lAiSTkFmhViDpfia94ToMXU=,6siJYfIG0IP1zxCI7Bx5UNwB6x8=
69,-998,mzg7lAiSTkFmhViDpfia94ToMXU=,6siJYfIG0IP1zxCI7Bx5UNwB6x8=
68,-995,mzg7lAiSTkFmhViDpfia94ToMXU=,6siJYfIG0IP1zxCI7Bx5UNwB6x8=
70,-998,mzg7lAiSTkFmhViDpfia94ToMXU=,6siJYfIG0IP1zxCI7Bx5UNwB6x8=
67,-995,mzg7lAiSTkFmhViDpfia94ToMXU=,6siJYfIG0IP1zxCI7Bx5UNwB6x8=
65,-995,mzg7lAiSTkFmhViDpfia94ToMXU=,6siJYfIG0IP1zxCI7Bx5UNwB6x8=
71,-998,mzg7lAiSTkFmhViDpfia94ToMXU=,6siJYfIG0IP1zxCI7Bx5UNwB6x8=
71,-996,mzg7lAiSTkFmhViDpfia94ToMXU=,6siJYfIG0IP1zxCI7Bx5UNwB6x8=
71,-995,mzg7lAiSTkFmhViDpfia94ToMXU=,6siJYfIG0IP1zxCI7Bx5UNwB6x8=
70,-996,mzg7lAiSTkFmhViDpfia94ToMXU=,6siJYfIG0IP1zxCI7Bx5UNwB6x8=
69,-996,mzg7lAiSTkFmhViDpfia94ToMXU=,6siJYfIG0IP1zxCI7Bx5UNwB6x8=
67,-996,mzg7lAiSTkFmhViDpfia94ToMXU=,6siJYfIG0IP1zxCI7Bx5UNwB6x8=
64,-996,mzg7lAiSTkFmhViDpfia94ToMXU=,6siJYfIG0IP1zxCI7Bx5UNwB6x8=
65,-996,mzg7lAiSTkFmhViDpfia94ToMXU=,6siJYfIG0IP1zxCI7Bx5UNwB6x8=
64,-995,mzg7lAiSTkFmhViDpfia94ToMXU=,6siJYfIG0IP1zxCI7Bx5UNwB6x8=
71,-997,mzg7lAiSTkFmhViDpfia94ToMXU=,6siJYfIG0IP1zxCI7Bx5UNwB6x8=
69,-997,mzg7lAiSTkFmhViDpfia94ToMXU=,6siJYfIG0IP1zxCI7Bx5UNwB6x8=
68,-996,mzg7lAiSTkFmhViDpfia94ToMXU=,6siJYfIG0IP1zxCI7Bx5UNwB6x8=
66,-997,mzg7lAiSTkFmhViDpfia94ToMXU=,6siJYfIG0IP1zxCI7Bx5UNwB6x8=
68,-997,mzg7lAiSTkFmhViDpfia94ToMXU=,6siJYfIG0IP1zxCI7Bx5UNwB6x8=
70,-997,mzg7lAiSTkFmhViDpfia94ToMXU=,6siJYfIG0IP1zxCI7Bx5UNwB6x8=
65,-997,mzg7lAiSTkFmhViDpfia94ToMXU=,6siJYfIG0IP1zxCI7Bx5UNwB6x8=
67,-997,mzg7lAiSTkFmhViDpfia94ToMXU=,6siJYfIG0IP1zxCI7Bx5UNwB6x8=
64,-997,mzg7lAiSTkFmhViDpfia94ToMXU=,6siJYfIG0IP1zxCI7Bx5UNwB6x8=
71,-1000,mzg7lAiSTkFmhViDpfia94ToMXU=,6siJYfIG0IP1zxCI7Bx5UNwB6x8=
65,-1005,mzg7lAiSTkFmhViDpfia94ToMXU=,1Q+ErmKjhP2mVn6ayNifS3HsbaQ=
70,-1000,mzg7lAiSTkFmhViDpfia94ToMXU=,6siJYfIG0IP1zxCI7Bx5UNwB6x8=
67,-1004,mzg7lAiSTkFmhViDpfia94ToMXU=,1Q+ErmKjhP2mVn6ayNifS3HsbaQ=
66,-1004,mzg7lAiSTkFmhViDpfia94ToMXU=,1Q+ErmKjhP2mVn6ayNifS3HsbaQ=
67,-1008,mzg7lAiSTkFmhViDpfia94ToMXU=,1Q+ErmKjhP2mVn6ayNifS3HsbaQ=
65,-1004,mzg7lAiSTkFmhViDpfia94ToMXU=,1Q+ErmKjhP2mVn6ayNifS3HsbaQ=
71,-1001,mzg7lAiSTkFmhViDpfia94ToMXU=,1Q+ErmKjhP2mVn6ayNifS3HsbaQ=
64,-1004,mzg7lAiSTkFmhViDpfia94ToMXU=,1Q+ErmKjhP2mVn6ayNifS3HsbaQ=
71,-1002,mzg7lAiSTkFmhViDpfia94ToMXU=,1Q+ErmKjhP2mVn6ayNifS3HsbaQ=
70,-1002,mzg7lAiSTkFmhViDpfia94ToMXU=,1Q+ErmKjhP2mVn6ayNifS3HsbaQ=
71,-1008,mzg7lAiSTkFmhViDpfia94ToMXU=,1Q+ErmKjhP2mVn6ayNifS3HsbaQ=
69,-1000,mzg7lAiSTkFmhViDpfia94ToMXU=,6siJYfIG0IP1zxCI7Bx5UNwB6x8=
64,-1001,mzg7lAiSTkFmhViDpfia94ToMXU=,1Q+ErmKjhP2mVn6ayNifS3HsbaQ=
64,-1006,mzg7lAiSTkFmhViDpfia94ToMXU=,1Q+ErmKjhP2mVn6ayNifS3HsbaQ=
66,-1005,mzg7lAiSTkFmhViDpfia94ToMXU=,1Q+ErmKjhP2mVn6ayNifS3HsbaQ=
71,-1005,mzg7lAiSTkFmhViDpfia94ToMXU=,1Q+ErmKjhP2mVn6ayNifS3HsbaQ=
64,-1005,mzg7lAiSTkFmhViDpfia94ToMXU=,1Q+ErmKjhP2mVn6ayNifS3HsbaQ=
69,-1008,mzg7lAiSTkFmhViDpfia94ToMXU=,1Q+ErmKjhP2mVn6ayNifS3HsbaQ=
70,-1003,mzg7lAiSTkFmhViDpfia94ToMXU=,1Q+ErmKjhP2mVn6ayNifS3HsbaQ=
69,-1003,mzg7lAiSTkFmhViDpfia94ToMXU=,1Q+ErmKjhP2mVn6ayNifS3HsbaQ=
68,-1003,mzg7lAiSTkFmhViDpfia94ToMXU=,1Q+ErmKjhP2mVn6ayNifS3HsbaQ=
69,-1002,mzg7lAiSTkFmhViDpfia94ToMXU=,1Q+ErmKjhP2mVn6ayNifS3HsbaQ=
71,-1003,mzg7lAiSTkFmhViDpfia94ToMXU=,1Q+ErmKjhP2mVn6ayNifS3HsbaQ=
68,-1002,mzg7lAiSTkFmhViDpfia94ToMXU=,1Q+ErmKjhP2mVn6ayNifS3HsbaQ=
70,-1001,mzg7lAiSTkFmhViDpfia94ToMXU=,1Q+ErmKjhP2mVn6ayNifS3HsbaQ=
68,-1004,mzg7lAiSTkFmhViDpfia94ToMXU=,1Q+ErmKjhP2mVn6ayNifS3HsbaQ=
70,-1005,mzg7lAiSTkFmhViDpfia94ToMXU=,1Q+ErmKjhP2mVn6ayNifS3HsbaQ=
68,-1000,mzg7lAiSTkFmhViDpfia94ToMXU=,6siJYfIG0IP1zxCI7Bx5UNwB6x8=
67,-1002,mzg7lAiSTkFmhViDpfia94ToMXU=,1Q+ErmKjhP2mVn6ayNifS3HsbaQ=
69,-1001,mzg7lAiSTkFmhViDpfia94ToMXU=,1Q+ErmKjhP2mVn6ayNifS3HsbaQ=
69,-1004,mzg7lAiSTkFmhViDpfia94ToMXU=,1Q+ErmKjhP2mVn6ayNifS3HsbaQ=
71,-1007,mzg7lAiSTkFmhViDpfia94ToMXU=,1Q+ErmKjhP2mVn6ayNifS3HsbaQ=
70,-1004,mzg7lAiSTkFmhViDpfia94ToMXU=,1Q+ErmKjhP2mVn6ayNifS3HsbaQ=
67,-1000,mzg7lAiSTkFmhViDpfia94ToMXU=,6siJYfIG0IP1zxCI7Bx5UNwB6x8=
64,-1002,mzg7lAiSTkFmhViDpfia94ToMXU=,1Q+ErmKjhP2mVn6ayNifS3HsbaQ=
71,-1006,mzg7lAiSTkFmhViDpfia94ToMXU=,1Q+ErmKjhP2mVn6ayNifS3HsbaQ=
68,-1001,mzg7lAiSTkFmhViDpfia94ToMXU=,1Q+ErmKjhP2mVn6ayNifS3HsbaQ=
69,-1005,mzg7lAiSTkFmhViDpfia94ToMXU=,1Q+ErmKjhP2mVn6ayNifS3HsbaQ=
70,-1006,mzg7lAiSTkFmhViDpfia94ToMXU=,1Q+ErmKjhP2mVn6ayNifS3HsbaQ=
71,-1004,mzg7lAiSTkFmhViDpfia94ToMXU=,1Q+ErmKjhP2mVn6ayNifS3HsbaQ=
66,-1000,mzg7lAiSTkFmhViDpfia94ToMXU=,6siJYfIG0IP1zxCI7Bx5UNwB6x8=
64,-1003,mzg7lAiSTkFmhViDpfia94ToMXU=,1Q+ErmKjhP2mVn6ayNifS3HsbaQ=
65,-1000,mzg7lAiSTkFmhViDpfia94ToMXU=,6siJYfIG0IP1zxCI7Bx5UNwB6x8=
69,-1006,mzg7lAiSTkFmhViDpfia94ToMXU=,1Q+ErmKjhP2mVn6ayNifS3HsbaQ=
65,-1003,mzg7lAiSTkFmhViDpfia94ToMXU=,1Q+ErmKjhP2mVn6ayNifS3HsbaQ=
68,-1006,mzg7lAiSTkFmhViDpfia94ToMXU=,1Q+ErmKjhP2mVn6ayNifS3HsbaQ=
67,-1006,mzg7lAiSTkFmhViDpfia94ToMXU=,1Q+ErmKjhP2mVn6ayNifS3HsbaQ=
66,-1006,mzg7lAiSTkFmhViDpfia94ToMXU=,1Q+ErmKjhP2mVn6ayNifS3HsbaQ=
66,-1008,mzg7lAiSTkFmhViDpfia94ToMXU=,1Q+ErmKjhP2mVn6ayNifS3HsbaQ=
65,-1002,mzg7lAiSTkFmhViDpfia94ToMXU=,1Q+ErmKjhP2mVn6ayNifS3HsbaQ=
64,-1008,mzg7lAiSTkFmhViDpfia94ToMXU=,1Q+ErmKjhP2mVn6ayNifS3HsbaQ=
64,-1000,mzg7lAiSTkFmhViDpfia94ToMXU=,6siJYfIG0IP1zxCI7Bx5UNwB6x8=
67,-1001,mzg7lAiSTkFmhViDpfia94ToMXU=,1Q+ErmKjhP2mVn6ayNifS3HsbaQ=
70,-1008,mzg7lAiSTkFmhViDpfia94ToMXU=,1Q+ErmKjhP2mVn6ayNifS3HsbaQ=
70,-1007,mzg7lAiSTkFmhViDpfia94ToMXU=,1Q+ErmKjhP2mVn6ayNifS3HsbaQ=
69,-1007,mzg7lAiSTkFmhViDpfia94ToMXU=,1Q+ErmKjhP2mVn6ayNifS3HsbaQ=
68,-1007,mzg7lAiSTkFmhViDpfia94ToMXU=,1Q+ErmKjhP2mVn6ayNifS3HsbaQ=
67,-1007,mzg7lAiSTkFmhViDpfia94ToMXU=,1Q+ErmKjhP2mVn6ayNifS3HsbaQ=
66,-1007,mzg7lAiSTkFmhViDpfia94ToMXU=,1Q+ErmKjhP2mVn6ayNifS3HsbaQ=
68,-1005,mzg7lAiSTkFmhViDpfia94ToMXU=,1Q+ErmKjhP2mVn6ayNifS3HsbaQ=
64,-1007,mzg7lAiSTkFmhViDpfia94ToMXU=,1Q+ErmKjhP2mVn6ayNifS3HsbaQ=
65,-1007,mzg7lAiSTkFmhViDpfia94ToMXU=,1Q+ErmKjhP2mVn6ayNifS3HsbaQ=
68,-1008,mzg7lAiSTkFmhViDpfia94ToMXU=,1Q+ErmKjhP2mVn6ayNifS3HsbaQ=
67,-1005,mzg7lAiSTkFmhViDpfia94ToMXU=,1Q+ErmKjhP2mVn6ayNifS3HsbaQ=
65,-1001,mzg7lAiSTkFmhViDpfia94ToMXU=,1Q+ErmKjhP2mVn6ayNifS3HsbaQ=
66,-1002,mzg7lAiSTkFmhViDpfia94ToMXU=,1Q+ErmKjhP2mVn6ayNifS3HsbaQ=
65,-1008,mzg7lAiSTkFmhViDpfia94ToMXU=,1Q+ErmKjhP2mVn6ayNifS3HsbaQ=
67,-1003,mzg7lAiSTkFmhViDpfia94ToMXU=,1Q+ErmKjhP2mVn6ayNifS3HsbaQ=
66,-1003,mzg7lAiSTkFmhViDpfia94ToMXU=,1Q+ErmKjhP2mVn6ayNifS3HsbaQ=
66,-1001,mzg7lAiSTkFmhViDpfia94ToMXU=,1Q+ErmKjhP2mVn6ayNifS3HsbaQ=
66,-994,mzg7lAiSTkFmhViDpfia94ToMXU=,6siJYfIG0IP1zxCI7Bx5UNwB6x8=
65,-1006,mzg7lAiSTkFmhViDpfia94ToMXU=,1Q+ErmKjhP2mVn6ayNifS3HsbaQ=
66,-995,mzg7lAiSTkFmhViDpfia94ToMXU=,6siJYfIG0IP1zxCI7Bx5UNwB6x8=
66,-996,mzg7lAiSTkFmhViDpfia94ToMXU=,6siJYfIG0IP1zxCI7Bx5UNwB6x8=
