252,475,zfLKCx6wNED0/qnB+2HR8CIXlJw=,XOYvubsUZDVOzVSBem5lobx8l/4=
251,477,zfLKCx6wNED0/qnB+2HR8CIXlJw=,XOYvubsUZDVOzVSBem5lobx8l/4=
250,477,zfLKCx6wNED0/qnB+2HR8CIXlJw=,XOYvubsUZDVOzVSBem5lobx8l/4=
249,477,zfLKCx6wNED0/qnB+2HR8CIXlJw=,XOYvubsUZDVOzVSBem5lobx8l/4=
251,473,zfLKCx6wNED0/qnB+2HR8CIXlJw=,XOYvubsUZDVOzVSBem5lobx8l/4=
250,479,zfLKCx6wNED0/qnB+2HR8CIXlJw=,XOYvubsUZDVOzVSBem5lobx8l/4=
251,479,zfLKCx6wNED0/qnB+2HR8CIXlJw=,XOYvubsUZDVOzVSBem5lobx8l/4=
252,479,zfLKCx6wNED0/qnB+2HR8CIXlJw=,XOYvubsUZDVOzVSBem5lobx8l/4=
251,476,zfLKCx6wNED0/qnB+2HR8CIXlJw=,XOYvubsUZDVOzVSBem5lobx8l/4=
249,479,zfLKCx6wNED0/qnB+2HR8CIXlJw=,XOYvubsUZDVOzVSBem5lobx8l/4=
254,472,zfLKCx6wNED0/qnB+2HR8CIXlJw=,XOYvubsUZDVOzVSBem5lobx8l/4=
251,475,zfLKCx6wNED0/qnB+2HR8CIXlJw=,XOYvubsUZDVOzVSBem5lobx8l/4=
249,473,zfLKCx6wNED0/qnB+2HR8CIXlJw=,XOYvubsUZDVOzVSBem5lobx8l/4=
255,476,zfLKCx6wNED0/qnB+2HR8CIXlJw=,XOYvubsUZDVOzVSBem5lobx8l/4=
255,472,zfLKCx6wNED0/qnB+2HR8CIXlJw=,XOYvubsUZDVOzVSBem5lobx8l/4=
250,475,zfLKCx6wNED0/qnB+2HR8CIXlJw=,XOYvubsUZDVOzVSBem5lobx8l/4=
255,478,zfLKCx6wNED0/qnB+2HR8CIXlJw=,XOYvubsUZDVOzVSBem5lobx8l/4=
249,475,zfLKCx6wNED0/qnB+2HR8CIXlJw=,XOYvubsUZDVOzVSBem5lobx8l/4=
250,476,zfLKCx6wNED0/qnB+2HR8CIXlJw=,XOYvubsUZDVOzVSBem5lobx8l/4=
249,476,zfLKCx6wNED0/qnB+2HR8CIXlJw=,XOYvubsUZDVOzVSBem5lobx8l/4=
253,478,zfLKCx6wNED0/qnB+2HR8CIXlJw=,XOYvubsUZDVOzVSBem5lobx8l/4=
254,476,zfLKCx6wNED0/qnB+2HR8CIXlJw=,XOYvubsUZDVOzVSBem5lobx8l/4=
253,472,zfLKCx6wNED0/qnB+2HR8CIXlJw=,XOYvubsUZDVOzVSBem5lobx8l/4=
251,474,zfLKCx6wNED0/qnB+2HR8CIXlJw=,XOYvubsUZDVOzVSBem5lobx8l/4=
254,478,zfLKCx6wNED0/qnB+2HR8CIXlJw=,XOYvubsUZDVOzVSBem5lobx8l/4=
250,474,zfLKCx6wNED0/qnB+2HR8CIXlJw=,XOYvubsUZDVOzVSBem5lobx8l/4=
251,472,zfLKCx6wNED0/qnB+2HR8CIXlJw=,XOYvubsUZDVOzVSBem5lobx8l/4=
249,472,zfLKCx6wNED0/qnB+2HR8CIXlJw=,XOYvubsUZDVOzVSBem5lobx8l/4=
253,476,zfLKCx6wNED0/qnB+2HR8CIXlJw=,XOYvubsUZDVOzVSBem5lobx8l/4=
255,475,zfLKCx6wNED0/qnB+2HR8CIXlJw=,XOYvubsUZDVOzVSBem5lobx8l/4=
255,474,zfLKCx6wNED0/qnB+2HR8CIXlJw=,XOYvubsUZDVOzVSBem5lobx8l/4=
252,472,zfLKCx6wNED0/qnB+2HR8CIXlJw=,XOYvubsUZDVOzVSBem5lobx8l/4=
254,475,zfLKCx6wNED0/qnB+2HR8CIXlJw=,XOYvubsUZDVOzVSBem5lobx8l/4=
249,474,zfLKCx6wNED0/qnB+2HR8CIXlJw=,XOYvubsUZDVOzVSBem5lobx8l/4=
254,474,zfLKCx6wNED0/qnB+2HR8CIXlJw=,XOYvubsUZDVOzVSBem5lobx8l/4=
253,474,zfLKCx6wNED0/qnB+2HR8CIXlJw=,XOYvubsUZDVOzVSBem5lobx8l/4=
252,478,zfLKCx6wNED0/qnB+2HR8CIXlJw=,XOYvubsUZDVOzVSBem5lobx8l/4=
255,473,zfLKCx6wNED0/qnB+2HR8CIXlJw=,XOYvubsUZDVOzVSBem5lobx8l/4=
254,473,zfLKCx6wNED0/qnB+2HR8CIXlJw=,XOYvubsUZDVOzVSBem5lobx8l/4=
253,475,zfLKCx6wNED0/qnB+2HR8CIXlJw=,XOYvubsUZDVOzVSBem5lobx8l/4=
252,473,zfLKCx6wNED0/qnB+2HR8CIXlJw=,XOYvubsUZDVOzVSBem5lobx8l/4=
253,473,zfLKCx6wNED0/qnB+2HR8CIXlJw=,XOYvubsUZDVOzVSBem5lobx8l/4=
251,478,zfLKCx6wNED0/qnB+2HR8CIXlJw=,XOYvubsUZDVOzVSBem5lobx8l/4=
250,478,zfLKCx6wNED0/qnB+2HR8CIXlJw=,XOYvubsUZDVOzVSBem5lobx8l/4=
250,473,zfLKCx6wNED0/qnB+2HR8CIXlJw=,XOYvubsUZDVOzVSBem5lobx8l/4=
250,472,zfLKCx6wNED0/qnB+2HR8CIXlJw=,XOYvubsUZDVOzVSBem5lobx8l/4=
249,478,zfLKCx6wNED0/qnB+2HR8CIXlJw=,XOYvubsUZDVOzVSBem5lobx8l/4=
252,474,zfLKCx6wNED0/qnB+2HR8CIXlJw=,XOYvubsUZDVOzVSBem5lobx8l/4=
255,477,zfLKCx6wNED0/qnB+2HR8CIXlJw=,XOYvubsUZDVOzVSBem5lobx8l/4=
252,476,zfLKCx6wNED0/qnB+2HR8CIXlJw=,XOYvubsUZDVOzVSBem5lobx8l/4=
254,477,zfLKCx6wNED0/qnB+2HR8CIXlJw=,XOYvubsUZDVOzVSBem5lobx8l/4=
255,479,zfLKCx6wNED0/qnB+2HR8CIXlJw=,XOYvubsUZDVOzVSBem5lobx8l/4=
253,477,zfLKCx6wNED0/qnB+2HR8CIXlJw=,XOYvubsUZDVOzVSBem5lobx8l/4=
253,479,zfLKCx6wNED0/qnB+2HR8CIXlJw=,XOYvubsUZDVOzVSBem5lobx8l/4=
254,479,zfLKCx6wNED0/qnB+2HR8CIXlJw=,XOYvubsUZDVOzVSBem5lobx8l/4=
252,477,zfLKCx6wNED0/qnB+2HR8CIXlJw=,XOYvubsUZDVOzVSBem5lobx8l/4=
243,478,zfLKCx6wNED0/qnB+2HR8CIXlJw=,yDHM4A1SKyQHHYrLxAqFnrb2Lf4=
241,477,zfLKCx6wNED0/qnB+2HR8CIXlJw=,yDHM4A1SKyQHHYrLxAqFnrb2Lf4=
242,477,zfLKCx6wNED0/qnB+2HR8CIXlJw=,yDHM4A1SKyQHHYrLxAqFnrb2Lf4=
240,477,zfLKCx6wNED0/qnB+2HR8CIXlJw=,yDHM4A1SKyQHHYrLxAqFnrb2Lf4=
243,477,zfLKCx6wNED0/qnB+2HR8CIXlJw=,yDHM4A1SKyQHHYrLxAqFnrb2Lf4=
242,478,zfLKCx6wNED0/qnB+2HR8CIXlJw=,yDHM4A1SKyQHHYrLxAqFnrb2Lf4=
244,478,zfLKCx6wNED0/qnB+2HR8CIXlJw=,yDHM4A1SKyQHHYrLxAqFnrb2Lf4=
247,476,zfLKCx6wNED0/qnB+2HR8CIXlJw=,yDHM4A1SKyQHHYrLxAqFnrb2Lf4=
246,476,zfLKCx6wNED0/qnB+2HR8CIXlJw=,yDHM4A1SKyQHHYrLxAqFnrb2Lf4=
244,477,zfLKCx6wNED0/qnB+2HR8CIXlJw=,yDHM4A1SKyQHHYrLxAqFnrb2Lf4=
245,476,zfLKCx6wNED0/qnB+2HR8CIXlJw=,yDHM4A1SKyQHHYrLxAqFnrb2Lf4=
240,478,zfLKCx6wNED0/qnB+2HR8CIXlJw=,yDHM4A1SKyQHHYrLxAqFnrb2Lf4=
245,477,zfLKCx6wNED0/qnB+2HR8CIXlJw=,yDHM4A1SKyQHHYrLxAqFnrb2Lf4=
241,478,zfLKCx6wNED0/qnB+2HR8CIXlJw=,yDHM4A1SKyQHHYrLxAqFnrb2Lf4=
248,472,zfLKCx6wNED0/qnB+2HR8CIXlJw=,XOYvubsUZDVOzVSBem5lobx8l/4=
244,476,zfLKCx6wNED0/qnB+2HR8CIXlJw=,yDHM4A1SKyQHHYrLxAqFnrb2Lf4=
243,476,zfLKCx6wNED0/qnB+2HR8CIXlJw=,yDHM4A1SKyQHHYrLxAqFnrb2Lf4=
241,476,zfLKCx6wNED0/qnB+2HR8CIXlJw=,yDHM4A1SKyQHHYrLxAqFnrb2Lf4=
240,472,zfLKCx6wNED0/qnB+2HR8CIXlJw=,yDHM4A1SKyQHHYrLxAqFnrb2Lf4=
248,477,zfLKCx6wNED0/qnB+2HR8CIXlJw=,XOYvubsUZDVOzVSBem5lobx8l/4=
242,476,zfLKCx6wNED0/qnB+2HR8CIXlJw=,yDHM4A1SKyQHHYrLxAqFnrb2Lf4=
246,475,zfLKCx6wNED0/qnB+2HR8CIXlJw=,yDHM4A1SKyQHHYrLxAqFnrb2Lf4=
247,477,zfLKCx6wNED0/qnB+2HR8CIXlJw=,yDHM4A1SKyQHHYrLxAqFnrb2Lf4=
240,476,zfLKCx6wNED0/qnB+2HR8CIXlJw=,yDHM4A1SKyQHHYrLxAqFnrb2Lf4=
247,475,zfLKCx6wNED0/qnB+2HR8CIXlJw=,yDHM4A1SKyQHHYrLxAqFnrb2Lf4=
245,478,zfLKCx6wNED0/qnB+2HR8CIXlJw=,yDHM4A1SKyQHHYrLxAqFnrb2Lf4=
243,475,zfLKCx6wNED0/qnB+2HR8CIXlJw=,yDHM4A1SKyQHHYrLxAqFnrb2Lf4=
244,475,zfLKCx6wNED0/qnB+2HR8CIXlJw=,yDHM4A1SKyQHHYrLxAqFnrb2Lf4=
245,475,zfLKCx6wNED0/qnB+2HR8CIXlJw=,yDHM4A1SKyQHHYrLxAqFnrb2Lf4=
247,474,zfLKCx6wNED0/qnB+2HR8CIXlJw=,yDHM4A1SKyQHHYrLxAqFnrb2Lf4=
240,475,zfLKCx6wNED0/qnB+2HR8CIXlJw=,yDHM4A1SKyQHHYrLxAqFnrb2Lf4=
241,475,zfLKCx6wNED0/qnB+2HR8CIXlJw=,yDHM4A1SKyQHHYrLxAqFnrb2Lf4=
246,478,zfLKCx6wNED0/qnB+2HR8CIXlJw=,yDHM4A1SKyQHHYrLxAqFnrb2Lf4=
246,477,zfLKCx6wNED0/qnB+2HR8CIXlJw=,yDHM4A1SKyQHHYrLxAqFnrb2Lf4=
246,474,zfLKCx6wNED0/qnB+2HR8CIXlJw=,yDHM4A1SKyQHHYrLxAqFnrb2Lf4=
242,475,zfLKCx6wNED0/qnB+2HR8CIXlJw=,yDHM4A1SKyQHHYrLxAqFnrb2Lf4=
247,478,zfLKCx6wNED0/qnB+2HR8CIXlJw=,yDHM4A1SKyQHHYrLxAqFnrb2Lf4=
248,473,zfLKCx6wNED0/qnB+2HR8CIXlJw=,XOYvubsUZDVOzVSBem5lobx8l/4=
242,474,zfLKCx6wNED0/qnB+2HR8CIXlJw=,yDHM4A1SKyQHHYrLxAqFnrb2Lf4=
243,474,zfLKCx6wNED0/qnB+2HR8CIXlJw=,yDHM4A1SKyQHHYrLxAqFnrb2Lf4=
241,474,zfLKCx6wNED0/qnB+2HR8CIXlJw=,yDHM4A1SKyQHHYrLxAqFnrb2Lf4=
248,475,zfLKCx6wNED0/qnB+2HR8CIXlJw=,XOYvubsUZDVOzVSBem5lobx8l/4=
244,474,zfLKCx6wNED0/qnB+2HR8CIXlJw=,yDHM4A1SKyQHHYrLxAqFnrb2Lf4=
240,474,zfLKCx6wNED0/qnB+2HR8CIXlJw=,yDHM4A1SKyQHHYrLxAqFnrb2Lf4=
245,474,zfLKCx6wNED0/qnB+2HR8CIXlJw=,yDHM4A1SKyQHHYrLxAqFnrb2Lf4=
248,476,zfLKCx6wNED0/qnB+2HR8CIXlJw=,XOYvubsUZDVOzVSBem5lobx8l/4=
247,473,zfLKCx6wNED0/qnB+2HR8CIXlJw=,yDHM4A1SKyQHHYrLxAqFnrb2Lf4=
245,473,zfLKCx6wNED0/qnB+2HR8CIXlJw=,yDHM4A1SKyQHHYrLxAqFnrb2Lf4=
241,472,zfLKCx6wNED0/qnB+2HR8CIXlJw=,yDHM4A1SKyQHHYrLxAqFnrb2Lf4=
244,473,zfLKCx6wNED0/qnB+2HR8CIXlJw=,yDHM4A1SKyQHHYrLxAqFnrb2Lf4=
246,473,zfLKCx6wNED0/qnB+2HR8CIXlJw=,yDHM4A1SKyQHHYrLxAqFnrb2Lf4=
243,473,zfLKCx6wNED0/qnB+2HR8CIXlJw=,yDHM4A1SKyQHHYrLxAqFnrb2Lf4=
245,479,zfLKCx6wNED0/qnB+2HR8CIXlJw=,yDHM4A1SKyQHHYrLxAqFnrb2Lf4=
242,473,zfLKCx6wNED0/qnB+2HR8CIXlJw=,yDHM4A1SKyQHHYrLxAqFnrb2Lf4=
242,472,zfLKCx6wNED0/qnB+2HR8CIXlJw=,yDHM4A1SKyQHHYrLxAqFnrb2Lf4=
248,474,zfLKCx6wNED0/qnB+2HR8CIXlJw=,XOYvubsUZDVOzVSBem5lobx8l/4=
243,472,zfLKCx6wNED0/qnB+2HR8CIXlJw=,yDHM4A1SKyQHHYrLxAqFnrb2Lf4=
241,473,zfLKCx6wNED0/qnB+2HR8CIXlJw=,yDHM4A1SKyQHHYrLxAqFnrb2Lf4=
240,473,zfLKCx6wNED0/qnB+2HR8CIXlJw=,yDHM4A1SKyQHHYrLxAqFnrb2Lf4=
247,472,zfLKCx6wNED0/qnB+2HR8CIXlJw=,yDHM4A1SKyQHHYrLxAqFnrb2Lf4=
248,478,zfLKCx6wNED0/qnB+2HR8CIXlJw=,XOYvubsUZDVOzVSBem5lobx8l/4=
246,472,zfLKCx6wNED0/qnB+2HR8CIXlJw=,yDHM4A1SKyQHHYrLxAqFnrb2Lf4=
240,479,zfLKCx6wNED0/qnB+2HR8CIXlJw=,yDHM4A1SKyQHHYrLxAqFnrb2Lf4=
244,472,zfLKCx6wNED0/qnB+2HR8CIXlJw=,yDHM4A1SKyQHHYrLxAqFnrb2Lf4=
246,479,zfLKCx6wNED0/qnB+2HR8CIXlJw=,yDHM4A1SKyQHHYrLxAqFnrb2Lf4=
245,472,zfLKCx6wNED0/qnB+2HR8CIXlJw=,yDHM4A1SKyQHHYrLxAqFnrb2Lf4=
247,479,zfLKCx6wNED0/qnB+2HR8CIXlJw=,yDHM4A1SKyQHHYrLxAqFnrb2Lf4=
248,479,zfLKCx6wNED0/qnB+2HR8CIXlJw=,XOYvubsUZDVOzVSBem5lobx8l/4=
244,479,zfLKCx6wNED0/qnB+2HR8CIXlJw=,yDHM4A1SKyQHHYrLxAqFnrb2Lf4=
241,479,zfLKCx6wNED0/qnB+2HR8CIXlJw=,yDHM4A1SKyQHHYrLxAqFnrb2Lf4=
243,479,zfLKCx6wNED0/qnB+2HR8CIXlJw=,yDHM4A1SKyQHHYrLxAqFnrb2Lf4=
242,479,zfLKCx6wNED0/qnB+2HR8CIXlJw=,yDHM4A1SKyQHHYrLxAqFnrb2Lf4=
