-4,-3,Tk1kte4GvtvXQWpf84QkvSypA7c=,Fr9HRKXl5BrZQjjATsy8iMbJgRk=
-4,-2,Tk1kte4GvtvXQWpf84QkvSypA7c=,D6C9LmWBMKG4qKOf1WVj0dS7CQY=
-3,-3,Tk1kte4GvtvXQWpf84QkvSypA7c=,Fr9HRKXl5BrZQjjATsy8iMbJgRk=
-3,-2,Tk1kte4GvtvXQWpf84QkvSypA7c=,D6C9LmWBMKG4qKOf1WVj0dS7CQY=
-2,-3,Tk1kte4GvtvXQWpf84QkvSypA7c=,XY6Ysq3sjSc5yKjcB4AFpMrEaak=
-2,-2,Tk1kte4GvtvXQWpf84QkvSypA7c=,KrnL6YgCxRdX85Ig3RAUvy9hbRg=
-3,-1,Tk1kte4GvtvXQWpf84QkvSypA7c=,D6C9LmWBMKG4qKOf1WVj0dS7CQY=
-2,-1,Tk1kte4GvtvXQWpf84QkvSypA7c=,KrnL6YgCxRdX85Ig3RAUvy9hbRg=
-1,-2,Tk1kte4GvtvXQWpf84QkvSypA7c=,KrnL6YgCxRdX85Ig3RAUvy9hbRg=
-1,-3,Tk1kte4GvtvXQWpf84QkvSypA7c=,XY6Ysq3sjSc5yKjcB4AFpMrEaak=
-4,-4,Tk1kte4GvtvXQWpf84QkvSypA7c=,Fr9HRKXl5BrZQjjATsy8iMbJgRk=
-3,-4,Tk1kte4GvtvXQWpf84QkvSypA7c=,Fr9HRKXl5BrZQjjATsy8iMbJgRk=
-1,-4,Tk1kte4GvtvXQWpf84QkvSypA7c=,XY6Ysq3sjSc5yKjcB4AFpMrEaak=
-2,-4,Tk1kte4GvtvXQWpf84QkvSypA7c=,XY6Ysq3sjSc5yKjcB4AFpMrEaak=
-4,-1,Tk1kte4GvtvXQWpf84QkvSypA7c=,D6C9LmWBMKG4qKOf1WVj0dS7CQY=
-1,-1,Tk1kte4GvtvXQWpf84QkvSypA7c=,KrnL6YgCxRdX85Ig3RAUvy9hbRg=
