-3,2,R5RgHmb1JJEAxkyrTjsJoqWHZ+E=,yvEYEX0XHgxhoX0MlyutU/IOz+g=
-2,2,R5RgHmb1JJEAxkyrTjsJoqWHZ+E=,pZd6ZyqSLU0kqjgxWCDOhyFuHeA=
-2,1,R5RgHmb1JJEAxkyrTjsJoqWHZ+E=,PqMTzPoM4slPKlnxkvBjdiGvg18=
-2,3,R5RgHmb1JJEAxkyrTjsJoqWHZ+E=,pZd6ZyqSLU0kqjgxWCDOhyFuHeA=
-1,3,R5RgHmb1JJEAxkyrTjsJoqWHZ+E=,pZd6ZyqSLU0kqjgxWCDOhyFuHeA=
-3,3,R5RgHmb1JJEAxkyrTjsJoqWHZ+E=,yvEYEX0XHgxhoX0MlyutU/IOz+g=
-2,4,R5RgHmb1JJEAxkyrTjsJoqWHZ+E=,F8snRzQ0dFak1hqiAlo2UGSRw3A=
-6,1,R5RgHmb1JJEAxkyrTjsJoqWHZ+E=,kW7rIllfamCR6XrrPJ+54oDxg7o=
-6,0,R5RgHmb1JJEAxkyrTjsJoqWHZ+E=,kW7rIllfamCR6XrrPJ+54oDxg7o=
-2,5,R5RgHmb1JJEAxkyrTjsJoqWHZ+E=,F8snRzQ0dFak1hqiAlo2UGSRw3A=
-4,3,R5RgHmb1JJEAxkyrTjsJoqWHZ+E=,yvEYEX0XHgxhoX0MlyutU/IOz+g=
-2,0,R5RgHmb1JJEAxkyrTjsJoqWHZ+E=,PqMTzPoM4slPKlnxkvBjdiGvg18=
-1,1,R5RgHmb1JJEAxkyrTjsJoqWHZ+E=,PqMTzPoM4slPKlnxkvBjdiGvg18=
-4,2,R5RgHmb1JJEAxkyrTjsJoqWHZ+E=,yvEYEX0XHgxhoX0MlyutU/IOz+g=
-5,0,R5RgHmb1JJEAxkyrTjsJoqWHZ+E=,kW7rIllfamCR6XrrPJ+54oDxg7o=
-1,2,R5RgHmb1JJEAxkyrTjsJoqWHZ+E=,pZd6ZyqSLU0kqjgxWCDOhyFuHeA=
-5,1,R5RgHmb1JJEAxkyrTjsJoqWHZ+E=,kW7rIllfamCR6XrrPJ+54oDxg7o=
-1,4,R5RgHmb1JJEAxkyrTjsJoqWHZ+E=,F8snRzQ0dFak1hqiAlo2UGSRw3A=
-1,0,R5RgHmb1JJEAxkyrTjsJoqWHZ+E=,PqMTzPoM4slPKlnxkvBjdiGvg18=
-1,5,R5RgHmb1JJEAxkyrTjsJoqWHZ+E=,F8snRzQ0dFak1hqiAlo2UGSRw3A=
