4,-2,gN3yQgNi1H4WnESpaM8vB77pAcU=,7f0H6a20QHXpKcm8PnY5oF7DgBQ=
0,-4,gN3yQgNi1H4WnESpaM8vB77pAcU=,4Ne2xSpfSvfcHgWgX3xIMUlESFE=
3,-3,gN3yQgNi1H4WnESpaM8vB77pAcU=,OLQM4dymtWHHZpqRZ+TVcUg3Flk=
2,-3,gN3yQgNi1H4WnESpaM8vB77pAcU=,OLQM4dymtWHHZpqRZ+TVcUg3Flk=
1,-2,gN3yQgNi1H4WnESpaM8vB77pAcU=,Z52TD8txzvZXnMbxPHUspxHZ7dk=
2,-2,gN3yQgNi1H4WnESpaM8vB77pAcU=,cmxZLYEsiSv0+Rv5YtoR4W1I7oA=
1,-3,gN3yQgNi1H4WnESpaM8vB77pAcU=,4Ne2xSpfSvfcHgWgX3xIMUlESFE=
5,-1,gN3yQgNi1H4WnESpaM8vB77pAcU=,7f0H6a20QHXpKcm8PnY5oF7DgBQ=
1,-5,gN3yQgNi1H4WnESpaM8vB77pAcU=,apZkjtVFzUi3i9o6hZj+udlhXjE=
3,-4,gN3yQgNi1H4WnESpaM8vB77pAcU=,OLQM4dymtWHHZpqRZ+TVcUg3Flk=
5,-2,gN3yQgNi1H4WnESpaM8vB77pAcU=,7f0H6a20QHXpKcm8PnY5oF7DgBQ=
0,-6,gN3yQgNi1H4WnESpaM8vB77pAcU=,apZkjtVFzUi3i9o6hZj+udlhXjE=
1,-6,gN3yQgNi1H4WnESpaM8vB77pAcU=,apZkjtVFzUi3i9o6hZj+udlhXjE=
0,-5,gN3yQgNi1H4WnESpaM8vB77pAcU=,apZkjtVFzUi3i9o6hZj+udlhXjE=
3,-2,gN3yQgNi1H4WnESpaM8vB77pAcU=,cmxZLYEsiSv0+Rv5YtoR4W1I7oA=
1,-4,gN3yQgNi1H4WnESpaM8vB77pAcU=,4Ne2xSpfSvfcHgWgX3xIMUlESFE=
2,-4,gN3yQgNi1H4WnESpaM8vB77pAcU=,OLQM4dymtWHHZpqRZ+TVcUg3Flk=
3,-1,gN3yQgNi1H4WnESpaM8vB77pAcU=,cmxZLYEsiSv0+Rv5YtoR4W1I7oA=
0,-3,gN3yQgNi1H4WnESpaM8vB77pAcU=,4Ne2xSpfSvfcHgWgX3xIMUlESFE=
2,-1,gN3yQgNi1H4WnESpaM8vB77pAcU=,cmxZLYEsiSv0+Rv5YtoR4W1I7oA=
0,-2,gN3yQgNi1H4WnESpaM8vB77pAcU=,Z52TD8txzvZXnMbxPHUspxHZ7dk=
1,-1,gN3yQgNi1H4WnESpaM8vB77pAcU=,Z52TD8txzvZXnMbxPHUspxHZ7dk=
4,-1,gN3yQgNi1H4WnESpaM8vB77pAcU=,7f0H6a20QHXpKcm8PnY5oF7DgBQ=
0,-1,gN3yQgNi1H4WnESpaM8vB77pAcU=,Z52TD8txzvZXnMbxPHUspxHZ7dk=
