28,-4,colX9/9dk/ylP7NghDqhwQkMts0=,JfpjE9f1FNNCA4gznqzidNxzIjk=
29,-2,colX9/9dk/ylP7NghDqhwQkMts0=,JfpjE9f1FNNCA4gznqzidNxzIjk=
25,-5,colX9/9dk/ylP7NghDqhwQkMts0=,JfpjE9f1FNNCA4gznqzidNxzIjk=
27,-3,colX9/9dk/ylP7NghDqhwQkMts0=,JfpjE9f1FNNCA4gznqzidNxzIjk=
26,-3,colX9/9dk/ylP7NghDqhwQkMts0=,JfpjE9f1FNNCA4gznqzidNxzIjk=
25,-3,colX9/9dk/ylP7NghDqhwQkMts0=,JfpjE9f1FNNCA4gznqzidNxzIjk=
27,-4,colX9/9dk/ylP7NghDqhwQkMts0=,JfpjE9f1FNNCA4gznqzidNxzIjk=
28,-2,colX9/9dk/ylP7NghDqhwQkMts0=,JfpjE9f1FNNCA4gznqzidNxzIjk=
27,-2,colX9/9dk/ylP7NghDqhwQkMts0=,JfpjE9f1FNNCA4gznqzidNxzIjk=
26,-2,colX9/9dk/ylP7NghDqhwQkMts0=,JfpjE9f1FNNCA4gznqzidNxzIjk=
26,-4,colX9/9dk/ylP7NghDqhwQkMts0=,JfpjE9f1FNNCA4gznqzidNxzIjk=
25,-4,colX9/9dk/ylP7NghDqhwQkMts0=,JfpjE9f1FNNCA4gznqzidNxzIjk=
30,-6,colX9/9dk/ylP7NghDqhwQkMts0=,JfpjE9f1FNNCA4gznqzidNxzIjk=
25,-2,colX9/9dk/ylP7NghDqhwQkMts0=,JfpjE9f1FNNCA4gznqzidNxzIjk=
30,-7,colX9/9dk/ylP7NghDqhwQkMts0=,JfpjE9f1FNNCA4gznqzidNxzIjk=
29,-7,colX9/9dk/ylP7NghDqhwQkMts0=,JfpjE9f1FNNCA4gznqzidNxzIjk=
28,-7,colX9/9dk/ylP7NghDqhwQkMts0=,JfpjE9f1FNNCA4gznqzidNxzIjk=
29,-6,colX9/9dk/ylP7NghDqhwQkMts0=,JfpjE9f1FNNCA4gznqzidNxzIjk=
27,-7,colX9/9dk/ylP7NghDqhwQkMts0=,JfpjE9f1FNNCA4gznqzidNxzIjk=
30,-5,colX9/9dk/ylP7NghDqhwQkMts0=,JfpjE9f1FNNCA4gznqzidNxzIjk=
26,-7,colX9/9dk/ylP7NghDqhwQkMts0=,JfpjE9f1FNNCA4gznqzidNxzIjk=
28,-6,colX9/9dk/ylP7NghDqhwQkMts0=,JfpjE9f1FNNCA4gznqzidNxzIjk=
29,-5,colX9/9dk/ylP7NghDqhwQkMts0=,JfpjE9f1FNNCA4gznqzidNxzIjk=
30,-3,colX9/9dk/ylP7NghDqhwQkMts0=,JfpjE9f1FNNCA4gznqzidNxzIjk=
29,-3,colX9/9dk/ylP7NghDqhwQkMts0=,JfpjE9f1FNNCA4gznqzidNxzIjk=
30,-2,colX9/9dk/ylP7NghDqhwQkMts0=,JfpjE9f1FNNCA4gznqzidNxzIjk=
30,-4,colX9/9dk/ylP7NghDqhwQkMts0=,JfpjE9f1FNNCA4gznqzidNxzIjk=
28,-3,colX9/9dk/ylP7NghDqhwQkMts0=,JfpjE9f1FNNCA4gznqzidNxzIjk=
29,-4,colX9/9dk/ylP7NghDqhwQkMts0=,JfpjE9f1FNNCA4gznqzidNxzIjk=
28,-5,colX9/9dk/ylP7NghDqhwQkMts0=,JfpjE9f1FNNCA4gznqzidNxzIjk=
25,-7,colX9/9dk/ylP7NghDqhwQkMts0=,JfpjE9f1FNNCA4gznqzidNxzIjk=
27,-5,colX9/9dk/ylP7NghDqhwQkMts0=,JfpjE9f1FNNCA4gznqzidNxzIjk=
27,-6,colX9/9dk/ylP7NghDqhwQkMts0=,JfpjE9f1FNNCA4gznqzidNxzIjk=
26,-6,colX9/9dk/ylP7NghDqhwQkMts0=,JfpjE9f1FNNCA4gznqzidNxzIjk=
25,-6,colX9/9dk/ylP7NghDqhwQkMts0=,JfpjE9f1FNNCA4gznqzidNxzIjk=
26,-5,colX9/9dk/ylP7NghDqhwQkMts0=,JfpjE9f1FNNCA4gznqzidNxzIjk=
20,-2,colX9/9dk/ylP7NghDqhwQkMts0=,88013RC/EI0c75LREKqyZb8AJZA=
24,-7,colX9/9dk/ylP7NghDqhwQkMts0=,JfpjE9f1FNNCA4gznqzidNxzIjk=
21,-2,colX9/9dk/ylP7NghDqhwQkMts0=,88013RC/EI0c75LREKqyZb8AJZA=
22,-2,colX9/9dk/ylP7NghDqhwQkMts0=,88013RC/EI0c75LREKqyZb8AJZA=
24,-6,colX9/9dk/ylP7NghDqhwQkMts0=,JfpjE9f1FNNCA4gznqzidNxzIjk=
23,-2,colX9/9dk/ylP7NghDqhwQkMts0=,88013RC/EI0c75LREKqyZb8AJZA=
24,-5,colX9/9dk/ylP7NghDqhwQkMts0=,JfpjE9f1FNNCA4gznqzidNxzIjk=
24,-4,colX9/9dk/ylP7NghDqhwQkMts0=,JfpjE9f1FNNCA4gznqzidNxzIjk=
24,-2,colX9/9dk/ylP7NghDqhwQkMts0=,JfpjE9f1FNNCA4gznqzidNxzIjk=
17,-4,colX9/9dk/ylP7NghDqhwQkMts0=,88013RC/EI0c75LREKqyZb8AJZA=
17,-7,colX9/9dk/ylP7NghDqhwQkMts0=,88013RC/EI0c75LREKqyZb8AJZA=
18,-7,colX9/9dk/ylP7NghDqhwQkMts0=,88013RC/EI0c75LREKqyZb8AJZA=
19,-7,colX9/9dk/ylP7NghDqhwQkMts0=,88013RC/EI0c75LREKqyZb8AJZA=
20,-7,colX9/9dk/ylP7NghDqhwQkMts0=,88013RC/EI0c75LREKqyZb8AJZA=
21,-7,colX9/9dk/ylP7NghDqhwQkMts0=,88013RC/EI0c75LREKqyZb8AJZA=
18,-4,colX9/9dk/ylP7NghDqhwQkMts0=,88013RC/EI0c75LREKqyZb8AJZA=
24,-3,colX9/9dk/ylP7NghDqhwQkMts0=,JfpjE9f1FNNCA4gznqzidNxzIjk=
22,-7,colX9/9dk/ylP7NghDqhwQkMts0=,88013RC/EI0c75LREKqyZb8AJZA=
23,-7,colX9/9dk/ylP7NghDqhwQkMts0=,88013RC/EI0c75LREKqyZb8AJZA=
19,-4,colX9/9dk/ylP7NghDqhwQkMts0=,88013RC/EI0c75LREKqyZb8AJZA=
20,-4,colX9/9dk/ylP7NghDqhwQkMts0=,88013RC/EI0c75LREKqyZb8AJZA=
17,-6,colX9/9dk/ylP7NghDqhwQkMts0=,88013RC/EI0c75LREKqyZb8AJZA=
18,-6,colX9/9dk/ylP7NghDqhwQkMts0=,88013RC/EI0c75LREKqyZb8AJZA=
21,-4,colX9/9dk/ylP7NghDqhwQkMts0=,88013RC/EI0c75LREKqyZb8AJZA=
19,-6,colX9/9dk/ylP7NghDqhwQkMts0=,88013RC/EI0c75LREKqyZb8AJZA=
20,-6,colX9/9dk/ylP7NghDqhwQkMts0=,88013RC/EI0c75LREKqyZb8AJZA=
22,-4,colX9/9dk/ylP7NghDqhwQkMts0=,88013RC/EI0c75LREKqyZb8AJZA=
23,-4,colX9/9dk/ylP7NghDqhwQkMts0=,88013RC/EI0c75LREKqyZb8AJZA=
17,-3,colX9/9dk/ylP7NghDqhwQkMts0=,88013RC/EI0c75LREKqyZb8AJZA=
18,-3,colX9/9dk/ylP7NghDqhwQkMts0=,88013RC/EI0c75LREKqyZb8AJZA=
21,-6,colX9/9dk/ylP7NghDqhwQkMts0=,88013RC/EI0c75LREKqyZb8AJZA=
22,-6,colX9/9dk/ylP7NghDqhwQkMts0=,88013RC/EI0c75LREKqyZb8AJZA=
23,-6,colX9/9dk/ylP7NghDqhwQkMts0=,88013RC/EI0c75LREKqyZb8AJZA=
17,-5,colX9/9dk/ylP7NghDqhwQkMts0=,88013RC/EI0c75LREKqyZb8AJZA=
19,-3,colX9/9dk/ylP7NghDqhwQkMts0=,88013RC/EI0c75LREKqyZb8AJZA=
18,-5,colX9/9dk/ylP7NghDqhwQkMts0=,88013RC/EI0c75LREKqyZb8AJZA=
19,-5,colX9/9dk/ylP7NghDqhwQkMts0=,88013RC/EI0c75LREKqyZb8AJZA=
20,-3,colX9/9dk/ylP7NghDqhwQkMts0=,88013RC/EI0c75LREKqyZb8AJZA=
20,-5,colX9/9dk/ylP7NghDqhwQkMts0=,88013RC/EI0c75LREKqyZb8AJZA=
21,-3,colX9/9dk/ylP7NghDqhwQkMts0=,88013RC/EI0c75LREKqyZb8AJZA=
22,-3,colX9/9dk/ylP7NghDqhwQkMts0=,88013RC/EI0c75LREKqyZb8AJZA=
21,-5,colX9/9dk/ylP7NghDqhwQkMts0=,88013RC/EI0c75LREKqyZb8AJZA=
23,-3,colX9/9dk/ylP7NghDqhwQkMts0=,88013RC/EI0c75LREKqyZb8AJZA=
22,-5,colX9/9dk/ylP7NghDqhwQkMts0=,88013RC/EI0c75LREKqyZb8AJZA=
17,-2,colX9/9dk/ylP7NghDqhwQkMts0=,88013RC/EI0c75LREKqyZb8AJZA=
19,-2,colX9/9dk/ylP7NghDqhwQkMts0=,88013RC/EI0c75LREKqyZb8AJZA=
23,-5,colX9/9dk/ylP7NghDqhwQkMts0=,88013RC/EI0c75LREKqyZb8AJZA=
20,-1,colX9/9dk/ylP7NghDqhwQkMts0=,88013RC/EI0c75LREKqyZb8AJZA=
21,-1,colX9/9dk/ylP7NghDqhwQkMts0=,88013RC/EI0c75LREKqyZb8AJZA=
22,-1,colX9/9dk/ylP7NghDqhwQkMts0=,88013RC/EI0c75LREKqyZb8AJZA=
25,-14,colX9/9dk/ylP7NghDqhwQkMts0=,hCpJJehPV7t5ORtHEsmJ9cU26/U=
27,-14,colX9/9dk/ylP7NghDqhwQkMts0=,hCpJJehPV7t5ORtHEsmJ9cU26/U=
28,-14,colX9/9dk/ylP7NghDqhwQkMts0=,hCpJJehPV7t5ORtHEsmJ9cU26/U=
29,-14,colX9/9dk/ylP7NghDqhwQkMts0=,hCpJJehPV7t5ORtHEsmJ9cU26/U=
30,-14,colX9/9dk/ylP7NghDqhwQkMts0=,hCpJJehPV7t5ORtHEsmJ9cU26/U=
25,-13,colX9/9dk/ylP7NghDqhwQkMts0=,hCpJJehPV7t5ORtHEsmJ9cU26/U=
26,-13,colX9/9dk/ylP7NghDqhwQkMts0=,hCpJJehPV7t5ORtHEsmJ9cU26/U=
27,-13,colX9/9dk/ylP7NghDqhwQkMts0=,hCpJJehPV7t5ORtHEsmJ9cU26/U=
28,-13,colX9/9dk/ylP7NghDqhwQkMts0=,hCpJJehPV7t5ORtHEsmJ9cU26/U=
31,-14,colX9/9dk/ylP7NghDqhwQkMts0=,hCpJJehPV7t5ORtHEsmJ9cU26/U=
29,-13,colX9/9dk/ylP7NghDqhwQkMts0=,hCpJJehPV7t5ORtHEsmJ9cU26/U=
31,-13,colX9/9dk/ylP7NghDqhwQkMts0=,hCpJJehPV7t5ORtHEsmJ9cU26/U=
31,-12,colX9/9dk/ylP7NghDqhwQkMts0=,hCpJJehPV7t5ORtHEsmJ9cU26/U=
30,-13,colX9/9dk/ylP7NghDqhwQkMts0=,hCpJJehPV7t5ORtHEsmJ9cU26/U=
25,-12,colX9/9dk/ylP7NghDqhwQkMts0=,hCpJJehPV7t5ORtHEsmJ9cU26/U=
31,-11,colX9/9dk/ylP7NghDqhwQkMts0=,hCpJJehPV7t5ORtHEsmJ9cU26/U=
26,-12,colX9/9dk/ylP7NghDqhwQkMts0=,hCpJJehPV7t5ORtHEsmJ9cU26/U=
31,-10,colX9/9dk/ylP7NghDqhwQkMts0=,hCpJJehPV7t5ORtHEsmJ9cU26/U=
27,-12,colX9/9dk/ylP7NghDqhwQkMts0=,hCpJJehPV7t5ORtHEsmJ9cU26/U=
28,-12,colX9/9dk/ylP7NghDqhwQkMts0=,hCpJJehPV7t5ORtHEsmJ9cU26/U=
31,-15,colX9/9dk/ylP7NghDqhwQkMts0=,hCpJJehPV7t5ORtHEsmJ9cU26/U=
29,-12,colX9/9dk/ylP7NghDqhwQkMts0=,hCpJJehPV7t5ORtHEsmJ9cU26/U=
25,-8,colX9/9dk/ylP7NghDqhwQkMts0=,JfpjE9f1FNNCA4gznqzidNxzIjk=
30,-12,colX9/9dk/ylP7NghDqhwQkMts0=,hCpJJehPV7t5ORtHEsmJ9cU26/U=
25,-11,colX9/9dk/ylP7NghDqhwQkMts0=,hCpJJehPV7t5ORtHEsmJ9cU26/U=
26,-11,colX9/9dk/ylP7NghDqhwQkMts0=,hCpJJehPV7t5ORtHEsmJ9cU26/U=
27,-11,colX9/9dk/ylP7NghDqhwQkMts0=,hCpJJehPV7t5ORtHEsmJ9cU26/U=
28,-11,colX9/9dk/ylP7NghDqhwQkMts0=,hCpJJehPV7t5ORtHEsmJ9cU26/U=
26,-8,colX9/9dk/ylP7NghDqhwQkMts0=,JfpjE9f1FNNCA4gznqzidNxzIjk=
29,-11,colX9/9dk/ylP7NghDqhwQkMts0=,hCpJJehPV7t5ORtHEsmJ9cU26/U=
30,-11,colX9/9dk/ylP7NghDqhwQkMts0=,hCpJJehPV7t5ORtHEsmJ9cU26/U=
30,-8,colX9/9dk/ylP7NghDqhwQkMts0=,JfpjE9f1FNNCA4gznqzidNxzIjk=
25,-10,colX9/9dk/ylP7NghDqhwQkMts0=,hCpJJehPV7t5ORtHEsmJ9cU26/U=
26,-10,colX9/9dk/ylP7NghDqhwQkMts0=,hCpJJehPV7t5ORtHEsmJ9cU26/U=
28,-8,colX9/9dk/ylP7NghDqhwQkMts0=,JfpjE9f1FNNCA4gznqzidNxzIjk=
27,-10,colX9/9dk/ylP7NghDqhwQkMts0=,hCpJJehPV7t5ORtHEsmJ9cU26/U=
28,-10,colX9/9dk/ylP7NghDqhwQkMts0=,hCpJJehPV7t5ORtHEsmJ9cU26/U=
29,-10,colX9/9dk/ylP7NghDqhwQkMts0=,hCpJJehPV7t5ORtHEsmJ9cU26/U=
29,-8,colX9/9dk/ylP7NghDqhwQkMts0=,JfpjE9f1FNNCA4gznqzidNxzIjk=
30,-10,colX9/9dk/ylP7NghDqhwQkMts0=,hCpJJehPV7t5ORtHEsmJ9cU26/U=
25,-9,colX9/9dk/ylP7NghDqhwQkMts0=,hCpJJehPV7t5ORtHEsmJ9cU26/U=
26,-9,colX9/9dk/ylP7NghDqhwQkMts0=,hCpJJehPV7t5ORtHEsmJ9cU26/U=
27,-9,colX9/9dk/ylP7NghDqhwQkMts0=,hCpJJehPV7t5ORtHEsmJ9cU26/U=
28,-9,colX9/9dk/ylP7NghDqhwQkMts0=,hCpJJehPV7t5ORtHEsmJ9cU26/U=
29,-9,colX9/9dk/ylP7NghDqhwQkMts0=,hCpJJehPV7t5ORtHEsmJ9cU26/U=
30,-9,colX9/9dk/ylP7NghDqhwQkMts0=,hCpJJehPV7t5ORtHEsmJ9cU26/U=
27,-8,colX9/9dk/ylP7NghDqhwQkMts0=,JfpjE9f1FNNCA4gznqzidNxzIjk=
28,-15,colX9/9dk/ylP7NghDqhwQkMts0=,hCpJJehPV7t5ORtHEsmJ9cU26/U=
29,-15,colX9/9dk/ylP7NghDqhwQkMts0=,hCpJJehPV7t5ORtHEsmJ9cU26/U=
30,-15,colX9/9dk/ylP7NghDqhwQkMts0=,hCpJJehPV7t5ORtHEsmJ9cU26/U=
16,-4,colX9/9dk/ylP7NghDqhwQkMts0=,88013RC/EI0c75LREKqyZb8AJZA=
16,-7,colX9/9dk/ylP7NghDqhwQkMts0=,88013RC/EI0c75LREKqyZb8AJZA=
16,-6,colX9/9dk/ylP7NghDqhwQkMts0=,88013RC/EI0c75LREKqyZb8AJZA=
16,-3,colX9/9dk/ylP7NghDqhwQkMts0=,88013RC/EI0c75LREKqyZb8AJZA=
16,-5,colX9/9dk/ylP7NghDqhwQkMts0=,88013RC/EI0c75LREKqyZb8AJZA=
16,-2,colX9/9dk/ylP7NghDqhwQkMts0=,88013RC/EI0c75LREKqyZb8AJZA=
28,-16,colX9/9dk/ylP7NghDqhwQkMts0=,hCpJJehPV7t5ORtHEsmJ9cU26/U=
29,-16,colX9/9dk/ylP7NghDqhwQkMts0=,hCpJJehPV7t5ORtHEsmJ9cU26/U=
30,-16,colX9/9dk/ylP7NghDqhwQkMts0=,hCpJJehPV7t5ORtHEsmJ9cU26/U=
30,-1,colX9/9dk/ylP7NghDqhwQkMts0=,JfpjE9f1FNNCA4gznqzidNxzIjk=
29,-1,colX9/9dk/ylP7NghDqhwQkMts0=,JfpjE9f1FNNCA4gznqzidNxzIjk=
28,-1,colX9/9dk/ylP7NghDqhwQkMts0=,JfpjE9f1FNNCA4gznqzidNxzIjk=
27,-1,colX9/9dk/ylP7NghDqhwQkMts0=,JfpjE9f1FNNCA4gznqzidNxzIjk=
25,-1,colX9/9dk/ylP7NghDqhwQkMts0=,JfpjE9f1FNNCA4gznqzidNxzIjk=
24,-1,colX9/9dk/ylP7NghDqhwQkMts0=,JfpjE9f1FNNCA4gznqzidNxzIjk=
26,-1,colX9/9dk/ylP7NghDqhwQkMts0=,JfpjE9f1FNNCA4gznqzidNxzIjk=
23,-1,colX9/9dk/ylP7NghDqhwQkMts0=,88013RC/EI0c75LREKqyZb8AJZA=
31,-5,colX9/9dk/ylP7NghDqhwQkMts0=,JfpjE9f1FNNCA4gznqzidNxzIjk=
31,-2,colX9/9dk/ylP7NghDqhwQkMts0=,JfpjE9f1FNNCA4gznqzidNxzIjk=
31,-9,Jdct/yOvbjLbGAB/Dihvxwu5EeE=,hCpJJehPV7t5ORtHEsmJ9cU26/U=
31,-6,Jdct/yOvbjLbGAB/Dihvxwu5EeE=,JfpjE9f1FNNCA4gznqzidNxzIjk=
31,-8,Jdct/yOvbjLbGAB/Dihvxwu5EeE=,JfpjE9f1FNNCA4gznqzidNxzIjk=
31,-16,Jdct/yOvbjLbGAB/Dihvxwu5EeE=,hCpJJehPV7t5ORtHEsmJ9cU26/U=
31,-7,Jdct/yOvbjLbGAB/Dihvxwu5EeE=,JfpjE9f1FNNCA4gznqzidNxzIjk=
31,-4,Jdct/yOvbjLbGAB/Dihvxwu5EeE=,JfpjE9f1FNNCA4gznqzidNxzIjk=
31,-3,Jdct/yOvbjLbGAB/Dihvxwu5EeE=,JfpjE9f1FNNCA4gznqzidNxzIjk=
31,-1,Jdct/yOvbjLbGAB/Dihvxwu5EeE=,JfpjE9f1FNNCA4gznqzidNxzIjk=
24,-14,Jdct/yOvbjLbGAB/Dihvxwu5EeE=,hCpJJehPV7t5ORtHEsmJ9cU26/U=
17,-9,Jdct/yOvbjLbGAB/Dihvxwu5EeE=,uZGs3TyBwPTEiMrQjNh64DCJLN4=
18,-9,Jdct/yOvbjLbGAB/Dihvxwu5EeE=,uZGs3TyBwPTEiMrQjNh64DCJLN4=
16,-9,Jdct/yOvbjLbGAB/Dihvxwu5EeE=,uZGs3TyBwPTEiMrQjNh64DCJLN4=
24,-13,Jdct/yOvbjLbGAB/Dihvxwu5EeE=,hCpJJehPV7t5ORtHEsmJ9cU26/U=
20,-9,Jdct/yOvbjLbGAB/Dihvxwu5EeE=,uZGs3TyBwPTEiMrQjNh64DCJLN4=
21,-9,Jdct/yOvbjLbGAB/Dihvxwu5EeE=,uZGs3TyBwPTEiMrQjNh64DCJLN4=
24,-8,Jdct/yOvbjLbGAB/Dihvxwu5EeE=,JfpjE9f1FNNCA4gznqzidNxzIjk=
19,-9,Jdct/yOvbjLbGAB/Dihvxwu5EeE=,uZGs3TyBwPTEiMrQjNh64DCJLN4=
22,-9,Jdct/yOvbjLbGAB/Dihvxwu5EeE=,uZGs3TyBwPTEiMrQjNh64DCJLN4=
23,-14,Jdct/yOvbjLbGAB/Dihvxwu5EeE=,uZGs3TyBwPTEiMrQjNh64DCJLN4=
16,-8,Jdct/yOvbjLbGAB/Dihvxwu5EeE=,88013RC/EI0c75LREKqyZb8AJZA=
23,-9,Jdct/yOvbjLbGAB/Dihvxwu5EeE=,uZGs3TyBwPTEiMrQjNh64DCJLN4=
17,-8,Jdct/yOvbjLbGAB/Dihvxwu5EeE=,88013RC/EI0c75LREKqyZb8AJZA=
18,-8,Jdct/yOvbjLbGAB/Dihvxwu5EeE=,88013RC/EI0c75LREKqyZb8AJZA=
24,-11,Jdct/yOvbjLbGAB/Dihvxwu5EeE=,hCpJJehPV7t5ORtHEsmJ9cU26/U=
19,-8,Jdct/yOvbjLbGAB/Dihvxwu5EeE=,88013RC/EI0c75LREKqyZb8AJZA=
20,-8,Jdct/yOvbjLbGAB/Dihvxwu5EeE=,88013RC/EI0c75LREKqyZb8AJZA=
16,-12,Jdct/yOvbjLbGAB/Dihvxwu5EeE=,uZGs3TyBwPTEiMrQjNh64DCJLN4=
17,-12,Jdct/yOvbjLbGAB/Dihvxwu5EeE=,uZGs3TyBwPTEiMrQjNh64DCJLN4=
16,-11,Jdct/yOvbjLbGAB/Dihvxwu5EeE=,uZGs3TyBwPTEiMrQjNh64DCJLN4=
21,-8,Jdct/yOvbjLbGAB/Dihvxwu5EeE=,88013RC/EI0c75LREKqyZb8AJZA=
24,-10,Jdct/yOvbjLbGAB/Dihvxwu5EeE=,hCpJJehPV7t5ORtHEsmJ9cU26/U=
18,-11,Jdct/yOvbjLbGAB/Dihvxwu5EeE=,uZGs3TyBwPTEiMrQjNh64DCJLN4=
17,-11,Jdct/yOvbjLbGAB/Dihvxwu5EeE=,uZGs3TyBwPTEiMrQjNh64DCJLN4=
19,-11,Jdct/yOvbjLbGAB/Dihvxwu5EeE=,uZGs3TyBwPTEiMrQjNh64DCJLN4=
22,-8,Jdct/yOvbjLbGAB/Dihvxwu5EeE=,88013RC/EI0c75LREKqyZb8AJZA=
16,-10,Jdct/yOvbjLbGAB/Dihvxwu5EeE=,uZGs3TyBwPTEiMrQjNh64DCJLN4=
17,-10,Jdct/yOvbjLbGAB/Dihvxwu5EeE=,uZGs3TyBwPTEiMrQjNh64DCJLN4=
23,-8,Jdct/yOvbjLbGAB/Dihvxwu5EeE=,88013RC/EI0c75LREKqyZb8AJZA=
20,-10,Jdct/yOvbjLbGAB/Dihvxwu5EeE=,uZGs3TyBwPTEiMrQjNh64DCJLN4=
24,-12,Jdct/yOvbjLbGAB/Dihvxwu5EeE=,hCpJJehPV7t5ORtHEsmJ9cU26/U=
22,-16,Jdct/yOvbjLbGAB/Dihvxwu5EeE=,uZGs3TyBwPTEiMrQjNh64DCJLN4=
21,-10,Jdct/yOvbjLbGAB/Dihvxwu5EeE=,uZGs3TyBwPTEiMrQjNh64DCJLN4=
20,-15,Jdct/yOvbjLbGAB/Dihvxwu5EeE=,uZGs3TyBwPTEiMrQjNh64DCJLN4=
20,-16,Jdct/yOvbjLbGAB/Dihvxwu5EeE=,uZGs3TyBwPTEiMrQjNh64DCJLN4=
19,-10,Jdct/yOvbjLbGAB/Dihvxwu5EeE=,uZGs3TyBwPTEiMrQjNh64DCJLN4=
21,-15,Jdct/yOvbjLbGAB/Dihvxwu5EeE=,uZGs3TyBwPTEiMrQjNh64DCJLN4=
21,-16,Jdct/yOvbjLbGAB/Dihvxwu5EeE=,uZGs3TyBwPTEiMrQjNh64DCJLN4=
22,-10,Jdct/yOvbjLbGAB/Dihvxwu5EeE=,uZGs3TyBwPTEiMrQjNh64DCJLN4=
20,-14,Jdct/yOvbjLbGAB/Dihvxwu5EeE=,uZGs3TyBwPTEiMrQjNh64DCJLN4=
24,-9,Jdct/yOvbjLbGAB/Dihvxwu5EeE=,hCpJJehPV7t5ORtHEsmJ9cU26/U=
23,-10,Jdct/yOvbjLbGAB/Dihvxwu5EeE=,uZGs3TyBwPTEiMrQjNh64DCJLN4=
23,-15,Jdct/yOvbjLbGAB/Dihvxwu5EeE=,uZGs3TyBwPTEiMrQjNh64DCJLN4=
26,-14,Jdct/yOvbjLbGAB/Dihvxwu5EeE=,hCpJJehPV7t5ORtHEsmJ9cU26/U=
18,-10,Jdct/yOvbjLbGAB/Dihvxwu5EeE=,uZGs3TyBwPTEiMrQjNh64DCJLN4=
22,-15,Jdct/yOvbjLbGAB/Dihvxwu5EeE=,uZGs3TyBwPTEiMrQjNh64DCJLN4=
20,-13,Jdct/yOvbjLbGAB/Dihvxwu5EeE=,uZGs3TyBwPTEiMrQjNh64DCJLN4=
22,-14,Jdct/yOvbjLbGAB/Dihvxwu5EeE=,uZGs3TyBwPTEiMrQjNh64DCJLN4=
24,-16,Jdct/yOvbjLbGAB/Dihvxwu5EeE=,hCpJJehPV7t5ORtHEsmJ9cU26/U=
23,-13,Jdct/yOvbjLbGAB/Dihvxwu5EeE=,uZGs3TyBwPTEiMrQjNh64DCJLN4=
18,-12,Jdct/yOvbjLbGAB/Dihvxwu5EeE=,uZGs3TyBwPTEiMrQjNh64DCJLN4=
23,-11,Jdct/yOvbjLbGAB/Dihvxwu5EeE=,uZGs3TyBwPTEiMrQjNh64DCJLN4=
23,-16,Jdct/yOvbjLbGAB/Dihvxwu5EeE=,uZGs3TyBwPTEiMrQjNh64DCJLN4=
25,-15,Jdct/yOvbjLbGAB/Dihvxwu5EeE=,hCpJJehPV7t5ORtHEsmJ9cU26/U=
22,-13,Jdct/yOvbjLbGAB/Dihvxwu5EeE=,uZGs3TyBwPTEiMrQjNh64DCJLN4=
24,-15,Jdct/yOvbjLbGAB/Dihvxwu5EeE=,hCpJJehPV7t5ORtHEsmJ9cU26/U=
20,-12,Jdct/yOvbjLbGAB/Dihvxwu5EeE=,uZGs3TyBwPTEiMrQjNh64DCJLN4=
21,-13,Jdct/yOvbjLbGAB/Dihvxwu5EeE=,uZGs3TyBwPTEiMrQjNh64DCJLN4=
26,-16,Jdct/yOvbjLbGAB/Dihvxwu5EeE=,hCpJJehPV7t5ORtHEsmJ9cU26/U=
22,-11,Jdct/yOvbjLbGAB/Dihvxwu5EeE=,uZGs3TyBwPTEiMrQjNh64DCJLN4=
19,-12,Jdct/yOvbjLbGAB/Dihvxwu5EeE=,uZGs3TyBwPTEiMrQjNh64DCJLN4=
25,-16,Jdct/yOvbjLbGAB/Dihvxwu5EeE=,hCpJJehPV7t5ORtHEsmJ9cU26/U=
26,-15,Jdct/yOvbjLbGAB/Dihvxwu5EeE=,hCpJJehPV7t5ORtHEsmJ9cU26/U=
21,-12,Jdct/yOvbjLbGAB/Dihvxwu5EeE=,uZGs3TyBwPTEiMrQjNh64DCJLN4=
22,-12,Jdct/yOvbjLbGAB/Dihvxwu5EeE=,uZGs3TyBwPTEiMrQjNh64DCJLN4=
27,-15,Jdct/yOvbjLbGAB/Dihvxwu5EeE=,hCpJJehPV7t5ORtHEsmJ9cU26/U=
20,-11,Jdct/yOvbjLbGAB/Dihvxwu5EeE=,uZGs3TyBwPTEiMrQjNh64DCJLN4=
21,-14,Jdct/yOvbjLbGAB/Dihvxwu5EeE=,uZGs3TyBwPTEiMrQjNh64DCJLN4=
23,-12,Jdct/yOvbjLbGAB/Dihvxwu5EeE=,uZGs3TyBwPTEiMrQjNh64DCJLN4=
21,-11,Jdct/yOvbjLbGAB/Dihvxwu5EeE=,uZGs3TyBwPTEiMrQjNh64DCJLN4=
16,-16,Jdct/yOvbjLbGAB/Dihvxwu5EeE=,uZGs3TyBwPTEiMrQjNh64DCJLN4=
17,-16,Jdct/yOvbjLbGAB/Dihvxwu5EeE=,uZGs3TyBwPTEiMrQjNh64DCJLN4=
18,-16,Jdct/yOvbjLbGAB/Dihvxwu5EeE=,uZGs3TyBwPTEiMrQjNh64DCJLN4=
18,-15,Jdct/yOvbjLbGAB/Dihvxwu5EeE=,uZGs3TyBwPTEiMrQjNh64DCJLN4=
17,-15,Jdct/yOvbjLbGAB/Dihvxwu5EeE=,uZGs3TyBwPTEiMrQjNh64DCJLN4=
16,-15,Jdct/yOvbjLbGAB/Dihvxwu5EeE=,uZGs3TyBwPTEiMrQjNh64DCJLN4=
19,-16,Jdct/yOvbjLbGAB/Dihvxwu5EeE=,uZGs3TyBwPTEiMrQjNh64DCJLN4=
18,-14,Jdct/yOvbjLbGAB/Dihvxwu5EeE=,uZGs3TyBwPTEiMrQjNh64DCJLN4=
16,-14,Jdct/yOvbjLbGAB/Dihvxwu5EeE=,uZGs3TyBwPTEiMrQjNh64DCJLN4=
17,-14,Jdct/yOvbjLbGAB/Dihvxwu5EeE=,uZGs3TyBwPTEiMrQjNh64DCJLN4=
19,-15,Jdct/yOvbjLbGAB/Dihvxwu5EeE=,uZGs3TyBwPTEiMrQjNh64DCJLN4=
19,-13,Jdct/yOvbjLbGAB/Dihvxwu5EeE=,uZGs3TyBwPTEiMrQjNh64DCJLN4=
17,-13,Jdct/yOvbjLbGAB/Dihvxwu5EeE=,uZGs3TyBwPTEiMrQjNh64DCJLN4=
16,-13,Jdct/yOvbjLbGAB/Dihvxwu5EeE=,uZGs3TyBwPTEiMrQjNh64DCJLN4=
19,-14,Jdct/yOvbjLbGAB/Dihvxwu5EeE=,uZGs3TyBwPTEiMrQjNh64DCJLN4=
18,-13,Jdct/yOvbjLbGAB/Dihvxwu5EeE=,uZGs3TyBwPTEiMrQjNh64DCJLN4=
18,-2,Jdct/yOvbjLbGAB/Dihvxwu5EeE=,88013RC/EI0c75LREKqyZb8AJZA=
19,-1,Jdct/yOvbjLbGAB/Dihvxwu5EeE=,88013RC/EI0c75LREKqyZb8AJZA=
17,-1,Jdct/yOvbjLbGAB/Dihvxwu5EeE=,88013RC/EI0c75LREKqyZb8AJZA=
16,-1,Jdct/yOvbjLbGAB/Dihvxwu5EeE=,88013RC/EI0c75LREKqyZb8AJZA=
18,-1,Jdct/yOvbjLbGAB/Dihvxwu5EeE=,88013RC/EI0c75LREKqyZb8AJZA=
27,-16,Jdct/yOvbjLbGAB/Dihvxwu5EeE=,hCpJJehPV7t5ORtHEsmJ9cU26/U=
30,-31,Jdct/yOvbjLbGAB/Dihvxwu5EeE=,bPfJtltQxL/OnaJ+IBZ0pO0oW94=
25,-29,Jdct/yOvbjLbGAB/Dihvxwu5EeE=,bPfJtltQxL/OnaJ+IBZ0pO0oW94=
30,-29,Jdct/yOvbjLbGAB/Dihvxwu5EeE=,bPfJtltQxL/OnaJ+IBZ0pO0oW94=
30,-26,Jdct/yOvbjLbGAB/Dihvxwu5EeE=,bPfJtltQxL/OnaJ+IBZ0pO0oW94=
29,-26,Jdct/yOvbjLbGAB/Dihvxwu5EeE=,bPfJtltQxL/OnaJ+IBZ0pO0oW94=
25,-26,Jdct/yOvbjLbGAB/Dihvxwu5EeE=,bPfJtltQxL/OnaJ+IBZ0pO0oW94=
30,-27,Jdct/yOvbjLbGAB/Dihvxwu5EeE=,bPfJtltQxL/OnaJ+IBZ0pO0oW94=
26,-27,Jdct/yOvbjLbGAB/Dihvxwu5EeE=,bPfJtltQxL/OnaJ+IBZ0pO0oW94=
30,-28,Jdct/yOvbjLbGAB/Dihvxwu5EeE=,bPfJtltQxL/OnaJ+IBZ0pO0oW94=
29,-28,Jdct/yOvbjLbGAB/Dihvxwu5EeE=,bPfJtltQxL/OnaJ+IBZ0pO0oW94=
26,-28,Jdct/yOvbjLbGAB/Dihvxwu5EeE=,bPfJtltQxL/OnaJ+IBZ0pO0oW94=
24,-31,Jdct/yOvbjLbGAB/Dihvxwu5EeE=,bPfJtltQxL/OnaJ+IBZ0pO0oW94=
19,-31,Jdct/yOvbjLbGAB/Dihvxwu5EeE=,Vf2OzuuyNsEwySncYbngtcHo2jQ=
20,-31,Jdct/yOvbjLbGAB/Dihvxwu5EeE=,Vf2OzuuyNsEwySncYbngtcHo2jQ=
18,-31,Jdct/yOvbjLbGAB/Dihvxwu5EeE=,Vf2OzuuyNsEwySncYbngtcHo2jQ=
17,-31,Jdct/yOvbjLbGAB/Dihvxwu5EeE=,Vf2OzuuyNsEwySncYbngtcHo2jQ=
21,-26,Jdct/yOvbjLbGAB/Dihvxwu5EeE=,Vf2OzuuyNsEwySncYbngtcHo2jQ=
24,-26,Jdct/yOvbjLbGAB/Dihvxwu5EeE=,bPfJtltQxL/OnaJ+IBZ0pO0oW94=
23,-27,Jdct/yOvbjLbGAB/Dihvxwu5EeE=,Vf2OzuuyNsEwySncYbngtcHo2jQ=
21,-27,Jdct/yOvbjLbGAB/Dihvxwu5EeE=,Vf2OzuuyNsEwySncYbngtcHo2jQ=
17,-28,Jdct/yOvbjLbGAB/Dihvxwu5EeE=,Vf2OzuuyNsEwySncYbngtcHo2jQ=
17,-29,Jdct/yOvbjLbGAB/Dihvxwu5EeE=,Vf2OzuuyNsEwySncYbngtcHo2jQ=
24,-29,Jdct/yOvbjLbGAB/Dihvxwu5EeE=,bPfJtltQxL/OnaJ+IBZ0pO0oW94=
23,-30,Jdct/yOvbjLbGAB/Dihvxwu5EeE=,Vf2OzuuyNsEwySncYbngtcHo2jQ=
18,-30,Jdct/yOvbjLbGAB/Dihvxwu5EeE=,Vf2OzuuyNsEwySncYbngtcHo2jQ=
17,-30,Jdct/yOvbjLbGAB/Dihvxwu5EeE=,Vf2OzuuyNsEwySncYbngtcHo2jQ=
23,-31,Jdct/yOvbjLbGAB/Dihvxwu5EeE=,Vf2OzuuyNsEwySncYbngtcHo2jQ=
24,-30,Jdct/yOvbjLbGAB/Dihvxwu5EeE=,bPfJtltQxL/OnaJ+IBZ0pO0oW94=
22,-31,Jdct/yOvbjLbGAB/Dihvxwu5EeE=,Vf2OzuuyNsEwySncYbngtcHo2jQ=
21,-31,Jdct/yOvbjLbGAB/Dihvxwu5EeE=,Vf2OzuuyNsEwySncYbngtcHo2jQ=
31,-31,Jdct/yOvbjLbGAB/Dihvxwu5EeE=,bPfJtltQxL/OnaJ+IBZ0pO0oW94=
31,-26,Jdct/yOvbjLbGAB/Dihvxwu5EeE=,bPfJtltQxL/OnaJ+IBZ0pO0oW94=
31,-27,Jdct/yOvbjLbGAB/Dihvxwu5EeE=,bPfJtltQxL/OnaJ+IBZ0pO0oW94=
31,-28,Jdct/yOvbjLbGAB/Dihvxwu5EeE=,bPfJtltQxL/OnaJ+IBZ0pO0oW94=
31,-29,Jdct/yOvbjLbGAB/Dihvxwu5EeE=,bPfJtltQxL/OnaJ+IBZ0pO0oW94=
31,-30,Jdct/yOvbjLbGAB/Dihvxwu5EeE=,bPfJtltQxL/OnaJ+IBZ0pO0oW94=
16,-30,Jdct/yOvbjLbGAB/Dihvxwu5EeE=,Vf2OzuuyNsEwySncYbngtcHo2jQ=
16,-29,Jdct/yOvbjLbGAB/Dihvxwu5EeE=,Vf2OzuuyNsEwySncYbngtcHo2jQ=
16,-28,Jdct/yOvbjLbGAB/Dihvxwu5EeE=,Vf2OzuuyNsEwySncYbngtcHo2jQ=
16,-31,Jdct/yOvbjLbGAB/Dihvxwu5EeE=,Vf2OzuuyNsEwySncYbngtcHo2jQ=
17,-32,Jdct/yOvbjLbGAB/Dihvxwu5EeE=,Vf2OzuuyNsEwySncYbngtcHo2jQ=
18,-32,Jdct/yOvbjLbGAB/Dihvxwu5EeE=,Vf2OzuuyNsEwySncYbngtcHo2jQ=
19,-32,Jdct/yOvbjLbGAB/Dihvxwu5EeE=,Vf2OzuuyNsEwySncYbngtcHo2jQ=
20,-32,Jdct/yOvbjLbGAB/Dihvxwu5EeE=,Vf2OzuuyNsEwySncYbngtcHo2jQ=
21,-32,Jdct/yOvbjLbGAB/Dihvxwu5EeE=,Vf2OzuuyNsEwySncYbngtcHo2jQ=
22,-32,Jdct/yOvbjLbGAB/Dihvxwu5EeE=,Vf2OzuuyNsEwySncYbngtcHo2jQ=
30,-24,Jdct/yOvbjLbGAB/Dihvxwu5EeE=,suh8dCIuUc86QVH5ZPRaPUkQ2HI=
28,-24,Jdct/yOvbjLbGAB/Dihvxwu5EeE=,suh8dCIuUc86QVH5ZPRaPUkQ2HI=
28,-21,Jdct/yOvbjLbGAB/Dihvxwu5EeE=,suh8dCIuUc86QVH5ZPRaPUkQ2HI=
30,-20,Jdct/yOvbjLbGAB/Dihvxwu5EeE=,suh8dCIuUc86QVH5ZPRaPUkQ2HI=
31,-20,Jdct/yOvbjLbGAB/Dihvxwu5EeE=,suh8dCIuUc86QVH5ZPRaPUkQ2HI=
29,-21,Jdct/yOvbjLbGAB/Dihvxwu5EeE=,suh8dCIuUc86QVH5ZPRaPUkQ2HI=
30,-21,Jdct/yOvbjLbGAB/Dihvxwu5EeE=,suh8dCIuUc86QVH5ZPRaPUkQ2HI=
31,-21,Jdct/yOvbjLbGAB/Dihvxwu5EeE=,suh8dCIuUc86QVH5ZPRaPUkQ2HI=
31,-24,Jdct/yOvbjLbGAB/Dihvxwu5EeE=,suh8dCIuUc86QVH5ZPRaPUkQ2HI=
27,-19,Jdct/yOvbjLbGAB/Dihvxwu5EeE=,suh8dCIuUc86QVH5ZPRaPUkQ2HI=
25,-22,Jdct/yOvbjLbGAB/Dihvxwu5EeE=,suh8dCIuUc86QVH5ZPRaPUkQ2HI=
26,-22,Jdct/yOvbjLbGAB/Dihvxwu5EeE=,suh8dCIuUc86QVH5ZPRaPUkQ2HI=
26,-20,Jdct/yOvbjLbGAB/Dihvxwu5EeE=,suh8dCIuUc86QVH5ZPRaPUkQ2HI=
28,-19,Jdct/yOvbjLbGAB/Dihvxwu5EeE=,suh8dCIuUc86QVH5ZPRaPUkQ2HI=
27,-22,Jdct/yOvbjLbGAB/Dihvxwu5EeE=,suh8dCIuUc86QVH5ZPRaPUkQ2HI=
28,-22,Jdct/yOvbjLbGAB/Dihvxwu5EeE=,suh8dCIuUc86QVH5ZPRaPUkQ2HI=
29,-22,Jdct/yOvbjLbGAB/Dihvxwu5EeE=,suh8dCIuUc86QVH5ZPRaPUkQ2HI=
25,-24,Jdct/yOvbjLbGAB/Dihvxwu5EeE=,suh8dCIuUc86QVH5ZPRaPUkQ2HI=
27,-20,Jdct/yOvbjLbGAB/Dihvxwu5EeE=,suh8dCIuUc86QVH5ZPRaPUkQ2HI=
25,-23,Jdct/yOvbjLbGAB/Dihvxwu5EeE=,suh8dCIuUc86QVH5ZPRaPUkQ2HI=
29,-24,Jdct/yOvbjLbGAB/Dihvxwu5EeE=,suh8dCIuUc86QVH5ZPRaPUkQ2HI=
29,-19,Jdct/yOvbjLbGAB/Dihvxwu5EeE=,suh8dCIuUc86QVH5ZPRaPUkQ2HI=
26,-23,Jdct/yOvbjLbGAB/Dihvxwu5EeE=,suh8dCIuUc86QVH5ZPRaPUkQ2HI=
27,-23,Jdct/yOvbjLbGAB/Dihvxwu5EeE=,suh8dCIuUc86QVH5ZPRaPUkQ2HI=
28,-23,Jdct/yOvbjLbGAB/Dihvxwu5EeE=,suh8dCIuUc86QVH5ZPRaPUkQ2HI=
29,-17,Jdct/yOvbjLbGAB/Dihvxwu5EeE=,suh8dCIuUc86QVH5ZPRaPUkQ2HI=
26,-25,Jdct/yOvbjLbGAB/Dihvxwu5EeE=,bPfJtltQxL/OnaJ+IBZ0pO0oW94=
28,-20,Jdct/yOvbjLbGAB/Dihvxwu5EeE=,suh8dCIuUc86QVH5ZPRaPUkQ2HI=
29,-23,Jdct/yOvbjLbGAB/Dihvxwu5EeE=,suh8dCIuUc86QVH5ZPRaPUkQ2HI=
29,-20,Jdct/yOvbjLbGAB/Dihvxwu5EeE=,suh8dCIuUc86QVH5ZPRaPUkQ2HI=
28,-25,Jdct/yOvbjLbGAB/Dihvxwu5EeE=,bPfJtltQxL/OnaJ+IBZ0pO0oW94=
29,-25,Jdct/yOvbjLbGAB/Dihvxwu5EeE=,bPfJtltQxL/OnaJ+IBZ0pO0oW94=
26,-24,Jdct/yOvbjLbGAB/Dihvxwu5EeE=,suh8dCIuUc86QVH5ZPRaPUkQ2HI=
27,-24,Jdct/yOvbjLbGAB/Dihvxwu5EeE=,suh8dCIuUc86QVH5ZPRaPUkQ2HI=
28,-27,Jdct/yOvbjLbGAB/Dihvxwu5EeE=,bPfJtltQxL/OnaJ+IBZ0pO0oW94=
28,-28,Jdct/yOvbjLbGAB/Dihvxwu5EeE=,bPfJtltQxL/OnaJ+IBZ0pO0oW94=
29,-27,Jdct/yOvbjLbGAB/Dihvxwu5EeE=,bPfJtltQxL/OnaJ+IBZ0pO0oW94=
28,-26,GqtNWiu/tUPpsF7X8K4ZzmhzucQ=,bPfJtltQxL/OnaJ+IBZ0pO0oW94=
30,-22,GqtNWiu/tUPpsF7X8K4ZzmhzucQ=,suh8dCIuUc86QVH5ZPRaPUkQ2HI=
25,-21,GqtNWiu/tUPpsF7X8K4ZzmhzucQ=,suh8dCIuUc86QVH5ZPRaPUkQ2HI=
31,-17,GqtNWiu/tUPpsF7X8K4ZzmhzucQ=,suh8dCIuUc86QVH5ZPRaPUkQ2HI=
31,-18,GqtNWiu/tUPpsF7X8K4ZzmhzucQ=,suh8dCIuUc86QVH5ZPRaPUkQ2HI=
31,-19,GqtNWiu/tUPpsF7X8K4ZzmhzucQ=,suh8dCIuUc86QVH5ZPRaPUkQ2HI=
30,-19,GqtNWiu/tUPpsF7X8K4ZzmhzucQ=,suh8dCIuUc86QVH5ZPRaPUkQ2HI=
27,-21,GqtNWiu/tUPpsF7X8K4ZzmhzucQ=,suh8dCIuUc86QVH5ZPRaPUkQ2HI=
30,-17,GqtNWiu/tUPpsF7X8K4ZzmhzucQ=,suh8dCIuUc86QVH5ZPRaPUkQ2HI=
30,-18,GqtNWiu/tUPpsF7X8K4ZzmhzucQ=,suh8dCIuUc86QVH5ZPRaPUkQ2HI=
29,-18,GqtNWiu/tUPpsF7X8K4ZzmhzucQ=,suh8dCIuUc86QVH5ZPRaPUkQ2HI=
28,-18,GqtNWiu/tUPpsF7X8K4ZzmhzucQ=,suh8dCIuUc86QVH5ZPRaPUkQ2HI=
26,-21,GqtNWiu/tUPpsF7X8K4ZzmhzucQ=,suh8dCIuUc86QVH5ZPRaPUkQ2HI=
31,-23,GqtNWiu/tUPpsF7X8K4ZzmhzucQ=,suh8dCIuUc86QVH5ZPRaPUkQ2HI=
31,-22,GqtNWiu/tUPpsF7X8K4ZzmhzucQ=,suh8dCIuUc86QVH5ZPRaPUkQ2HI=
30,-23,GqtNWiu/tUPpsF7X8K4ZzmhzucQ=,suh8dCIuUc86QVH5ZPRaPUkQ2HI=
31,-25,GqtNWiu/tUPpsF7X8K4ZzmhzucQ=,bPfJtltQxL/OnaJ+IBZ0pO0oW94=
30,-25,GqtNWiu/tUPpsF7X8K4ZzmhzucQ=,bPfJtltQxL/OnaJ+IBZ0pO0oW94=
24,-32,GqtNWiu/tUPpsF7X8K4ZzmhzucQ=,bPfJtltQxL/OnaJ+IBZ0pO0oW94=
25,-32,GqtNWiu/tUPpsF7X8K4ZzmhzucQ=,bPfJtltQxL/OnaJ+IBZ0pO0oW94=
26,-32,GqtNWiu/tUPpsF7X8K4ZzmhzucQ=,bPfJtltQxL/OnaJ+IBZ0pO0oW94=
27,-32,GqtNWiu/tUPpsF7X8K4ZzmhzucQ=,bPfJtltQxL/OnaJ+IBZ0pO0oW94=
21,-30,GqtNWiu/tUPpsF7X8K4ZzmhzucQ=,Vf2OzuuyNsEwySncYbngtcHo2jQ=
20,-30,GqtNWiu/tUPpsF7X8K4ZzmhzucQ=,Vf2OzuuyNsEwySncYbngtcHo2jQ=
22,-30,GqtNWiu/tUPpsF7X8K4ZzmhzucQ=,Vf2OzuuyNsEwySncYbngtcHo2jQ=
28,-17,GqtNWiu/tUPpsF7X8K4ZzmhzucQ=,suh8dCIuUc86QVH5ZPRaPUkQ2HI=
20,-29,GqtNWiu/tUPpsF7X8K4ZzmhzucQ=,Vf2OzuuyNsEwySncYbngtcHo2jQ=
21,-29,GqtNWiu/tUPpsF7X8K4ZzmhzucQ=,Vf2OzuuyNsEwySncYbngtcHo2jQ=
22,-29,GqtNWiu/tUPpsF7X8K4ZzmhzucQ=,Vf2OzuuyNsEwySncYbngtcHo2jQ=
30,-32,GqtNWiu/tUPpsF7X8K4ZzmhzucQ=,bPfJtltQxL/OnaJ+IBZ0pO0oW94=
29,-32,GqtNWiu/tUPpsF7X8K4ZzmhzucQ=,bPfJtltQxL/OnaJ+IBZ0pO0oW94=
23,-32,GqtNWiu/tUPpsF7X8K4ZzmhzucQ=,Vf2OzuuyNsEwySncYbngtcHo2jQ=
28,-32,GqtNWiu/tUPpsF7X8K4ZzmhzucQ=,bPfJtltQxL/OnaJ+IBZ0pO0oW94=
29,-29,GqtNWiu/tUPpsF7X8K4ZzmhzucQ=,bPfJtltQxL/OnaJ+IBZ0pO0oW94=
25,-31,GqtNWiu/tUPpsF7X8K4ZzmhzucQ=,bPfJtltQxL/OnaJ+IBZ0pO0oW94=
27,-29,GqtNWiu/tUPpsF7X8K4ZzmhzucQ=,bPfJtltQxL/OnaJ+IBZ0pO0oW94=
28,-29,GqtNWiu/tUPpsF7X8K4ZzmhzucQ=,bPfJtltQxL/OnaJ+IBZ0pO0oW94=
31,-32,GqtNWiu/tUPpsF7X8K4ZzmhzucQ=,bPfJtltQxL/OnaJ+IBZ0pO0oW94=
16,-32,GqtNWiu/tUPpsF7X8K4ZzmhzucQ=,Vf2OzuuyNsEwySncYbngtcHo2jQ=
30,-30,GqtNWiu/tUPpsF7X8K4ZzmhzucQ=,bPfJtltQxL/OnaJ+IBZ0pO0oW94=
26,-29,GqtNWiu/tUPpsF7X8K4ZzmhzucQ=,bPfJtltQxL/OnaJ+IBZ0pO0oW94=
19,-30,GqtNWiu/tUPpsF7X8K4ZzmhzucQ=,Vf2OzuuyNsEwySncYbngtcHo2jQ=
18,-29,GqtNWiu/tUPpsF7X8K4ZzmhzucQ=,Vf2OzuuyNsEwySncYbngtcHo2jQ=
26,-31,GqtNWiu/tUPpsF7X8K4ZzmhzucQ=,bPfJtltQxL/OnaJ+IBZ0pO0oW94=
27,-31,GqtNWiu/tUPpsF7X8K4ZzmhzucQ=,bPfJtltQxL/OnaJ+IBZ0pO0oW94=
29,-30,GqtNWiu/tUPpsF7X8K4ZzmhzucQ=,bPfJtltQxL/OnaJ+IBZ0pO0oW94=
25,-30,GqtNWiu/tUPpsF7X8K4ZzmhzucQ=,bPfJtltQxL/OnaJ+IBZ0pO0oW94=
19,-29,GqtNWiu/tUPpsF7X8K4ZzmhzucQ=,Vf2OzuuyNsEwySncYbngtcHo2jQ=
23,-29,GqtNWiu/tUPpsF7X8K4ZzmhzucQ=,Vf2OzuuyNsEwySncYbngtcHo2jQ=
28,-30,GqtNWiu/tUPpsF7X8K4ZzmhzucQ=,bPfJtltQxL/OnaJ+IBZ0pO0oW94=
27,-30,GqtNWiu/tUPpsF7X8K4ZzmhzucQ=,bPfJtltQxL/OnaJ+IBZ0pO0oW94=
29,-31,GqtNWiu/tUPpsF7X8K4ZzmhzucQ=,bPfJtltQxL/OnaJ+IBZ0pO0oW94=
26,-30,GqtNWiu/tUPpsF7X8K4ZzmhzucQ=,bPfJtltQxL/OnaJ+IBZ0pO0oW94=
28,-31,GqtNWiu/tUPpsF7X8K4ZzmhzucQ=,bPfJtltQxL/OnaJ+IBZ0pO0oW94=
17,-24,GqtNWiu/tUPpsF7X8K4ZzmhzucQ=,jgp9kOxcI+c8rt7YFK2psfbYiyY=
19,-24,GqtNWiu/tUPpsF7X8K4ZzmhzucQ=,jgp9kOxcI+c8rt7YFK2psfbYiyY=
20,-24,GqtNWiu/tUPpsF7X8K4ZzmhzucQ=,jgp9kOxcI+c8rt7YFK2psfbYiyY=
21,-24,GqtNWiu/tUPpsF7X8K4ZzmhzucQ=,jgp9kOxcI+c8rt7YFK2psfbYiyY=
22,-24,GqtNWiu/tUPpsF7X8K4ZzmhzucQ=,jgp9kOxcI+c8rt7YFK2psfbYiyY=
23,-24,GqtNWiu/tUPpsF7X8K4ZzmhzucQ=,jgp9kOxcI+c8rt7YFK2psfbYiyY=
24,-24,GqtNWiu/tUPpsF7X8K4ZzmhzucQ=,suh8dCIuUc86QVH5ZPRaPUkQ2HI=
18,-23,GqtNWiu/tUPpsF7X8K4ZzmhzucQ=,jgp9kOxcI+c8rt7YFK2psfbYiyY=
19,-23,GqtNWiu/tUPpsF7X8K4ZzmhzucQ=,jgp9kOxcI+c8rt7YFK2psfbYiyY=
22,-23,GqtNWiu/tUPpsF7X8K4ZzmhzucQ=,jgp9kOxcI+c8rt7YFK2psfbYiyY=
23,-23,GqtNWiu/tUPpsF7X8K4ZzmhzucQ=,jgp9kOxcI+c8rt7YFK2psfbYiyY=
24,-22,GqtNWiu/tUPpsF7X8K4ZzmhzucQ=,suh8dCIuUc86QVH5ZPRaPUkQ2HI=
21,-22,GqtNWiu/tUPpsF7X8K4ZzmhzucQ=,jgp9kOxcI+c8rt7YFK2psfbYiyY=
22,-22,GqtNWiu/tUPpsF7X8K4ZzmhzucQ=,jgp9kOxcI+c8rt7YFK2psfbYiyY=
23,-22,GqtNWiu/tUPpsF7X8K4ZzmhzucQ=,jgp9kOxcI+c8rt7YFK2psfbYiyY=
23,-21,GqtNWiu/tUPpsF7X8K4ZzmhzucQ=,jgp9kOxcI+c8rt7YFK2psfbYiyY=
24,-23,GqtNWiu/tUPpsF7X8K4ZzmhzucQ=,suh8dCIuUc86QVH5ZPRaPUkQ2HI=
24,-25,GqtNWiu/tUPpsF7X8K4ZzmhzucQ=,bPfJtltQxL/OnaJ+IBZ0pO0oW94=
27,-25,GqtNWiu/tUPpsF7X8K4ZzmhzucQ=,bPfJtltQxL/OnaJ+IBZ0pO0oW94=
25,-25,GqtNWiu/tUPpsF7X8K4ZzmhzucQ=,bPfJtltQxL/OnaJ+IBZ0pO0oW94=
24,-28,GqtNWiu/tUPpsF7X8K4ZzmhzucQ=,bPfJtltQxL/OnaJ+IBZ0pO0oW94=
24,-27,GqtNWiu/tUPpsF7X8K4ZzmhzucQ=,bPfJtltQxL/OnaJ+IBZ0pO0oW94=
25,-28,GqtNWiu/tUPpsF7X8K4ZzmhzucQ=,bPfJtltQxL/OnaJ+IBZ0pO0oW94=
23,-25,GqtNWiu/tUPpsF7X8K4ZzmhzucQ=,Vf2OzuuyNsEwySncYbngtcHo2jQ=
23,-26,GqtNWiu/tUPpsF7X8K4ZzmhzucQ=,Vf2OzuuyNsEwySncYbngtcHo2jQ=
22,-26,GqtNWiu/tUPpsF7X8K4ZzmhzucQ=,Vf2OzuuyNsEwySncYbngtcHo2jQ=
27,-28,GqtNWiu/tUPpsF7X8K4ZzmhzucQ=,bPfJtltQxL/OnaJ+IBZ0pO0oW94=
22,-27,GqtNWiu/tUPpsF7X8K4ZzmhzucQ=,Vf2OzuuyNsEwySncYbngtcHo2jQ=
20,-27,GqtNWiu/tUPpsF7X8K4ZzmhzucQ=,Vf2OzuuyNsEwySncYbngtcHo2jQ=
23,-28,GqtNWiu/tUPpsF7X8K4ZzmhzucQ=,Vf2OzuuyNsEwySncYbngtcHo2jQ=
22,-25,GqtNWiu/tUPpsF7X8K4ZzmhzucQ=,Vf2OzuuyNsEwySncYbngtcHo2jQ=
25,-27,GqtNWiu/tUPpsF7X8K4ZzmhzucQ=,bPfJtltQxL/OnaJ+IBZ0pO0oW94=
22,-28,GqtNWiu/tUPpsF7X8K4ZzmhzucQ=,Vf2OzuuyNsEwySncYbngtcHo2jQ=
20,-26,GqtNWiu/tUPpsF7X8K4ZzmhzucQ=,Vf2OzuuyNsEwySncYbngtcHo2jQ=
21,-25,GqtNWiu/tUPpsF7X8K4ZzmhzucQ=,Vf2OzuuyNsEwySncYbngtcHo2jQ=
20,-25,GqtNWiu/tUPpsF7X8K4ZzmhzucQ=,Vf2OzuuyNsEwySncYbngtcHo2jQ=
20,-28,GqtNWiu/tUPpsF7X8K4ZzmhzucQ=,Vf2OzuuyNsEwySncYbngtcHo2jQ=
21,-28,GqtNWiu/tUPpsF7X8K4ZzmhzucQ=,Vf2OzuuyNsEwySncYbngtcHo2jQ=
27,-27,GqtNWiu/tUPpsF7X8K4ZzmhzucQ=,bPfJtltQxL/OnaJ+IBZ0pO0oW94=
26,-26,GqtNWiu/tUPpsF7X8K4ZzmhzucQ=,bPfJtltQxL/OnaJ+IBZ0pO0oW94=
24,-21,GqtNWiu/tUPpsF7X8K4ZzmhzucQ=,suh8dCIuUc86QVH5ZPRaPUkQ2HI=
22,-20,GqtNWiu/tUPpsF7X8K4ZzmhzucQ=,jgp9kOxcI+c8rt7YFK2psfbYiyY=
27,-26,GqtNWiu/tUPpsF7X8K4ZzmhzucQ=,bPfJtltQxL/OnaJ+IBZ0pO0oW94=
20,-20,GqtNWiu/tUPpsF7X8K4ZzmhzucQ=,jgp9kOxcI+c8rt7YFK2psfbYiyY=
21,-20,GqtNWiu/tUPpsF7X8K4ZzmhzucQ=,jgp9kOxcI+c8rt7YFK2psfbYiyY=
23,-20,GqtNWiu/tUPpsF7X8K4ZzmhzucQ=,jgp9kOxcI+c8rt7YFK2psfbYiyY=
20,-19,GqtNWiu/tUPpsF7X8K4ZzmhzucQ=,jgp9kOxcI+c8rt7YFK2psfbYiyY=
25,-18,GqtNWiu/tUPpsF7X8K4ZzmhzucQ=,suh8dCIuUc86QVH5ZPRaPUkQ2HI=
21,-19,GqtNWiu/tUPpsF7X8K4ZzmhzucQ=,jgp9kOxcI+c8rt7YFK2psfbYiyY=
26,-19,GqtNWiu/tUPpsF7X8K4ZzmhzucQ=,suh8dCIuUc86QVH5ZPRaPUkQ2HI=
22,-19,GqtNWiu/tUPpsF7X8K4ZzmhzucQ=,jgp9kOxcI+c8rt7YFK2psfbYiyY=
25,-17,GqtNWiu/tUPpsF7X8K4ZzmhzucQ=,suh8dCIuUc86QVH5ZPRaPUkQ2HI=
26,-18,GqtNWiu/tUPpsF7X8K4ZzmhzucQ=,suh8dCIuUc86QVH5ZPRaPUkQ2HI=
25,-20,GqtNWiu/tUPpsF7X8K4ZzmhzucQ=,suh8dCIuUc86QVH5ZPRaPUkQ2HI=
23,-19,GqtNWiu/tUPpsF7X8K4ZzmhzucQ=,jgp9kOxcI+c8rt7YFK2psfbYiyY=
25,-19,GqtNWiu/tUPpsF7X8K4ZzmhzucQ=,suh8dCIuUc86QVH5ZPRaPUkQ2HI=
26,-17,GqtNWiu/tUPpsF7X8K4ZzmhzucQ=,suh8dCIuUc86QVH5ZPRaPUkQ2HI=
21,-18,GqtNWiu/tUPpsF7X8K4ZzmhzucQ=,jgp9kOxcI+c8rt7YFK2psfbYiyY=
24,-17,GqtNWiu/tUPpsF7X8K4ZzmhzucQ=,suh8dCIuUc86QVH5ZPRaPUkQ2HI=
27,-18,GqtNWiu/tUPpsF7X8K4ZzmhzucQ=,suh8dCIuUc86QVH5ZPRaPUkQ2HI=
22,-18,GqtNWiu/tUPpsF7X8K4ZzmhzucQ=,jgp9kOxcI+c8rt7YFK2psfbYiyY=
23,-17,GqtNWiu/tUPpsF7X8K4ZzmhzucQ=,jgp9kOxcI+c8rt7YFK2psfbYiyY=
24,-18,GqtNWiu/tUPpsF7X8K4ZzmhzucQ=,suh8dCIuUc86QVH5ZPRaPUkQ2HI=
21,-23,GqtNWiu/tUPpsF7X8K4ZzmhzucQ=,jgp9kOxcI+c8rt7YFK2psfbYiyY=
22,-21,GqtNWiu/tUPpsF7X8K4ZzmhzucQ=,jgp9kOxcI+c8rt7YFK2psfbYiyY=
20,-23,GqtNWiu/tUPpsF7X8K4ZzmhzucQ=,jgp9kOxcI+c8rt7YFK2psfbYiyY=
24,-19,GqtNWiu/tUPpsF7X8K4ZzmhzucQ=,suh8dCIuUc86QVH5ZPRaPUkQ2HI=
21,-21,GqtNWiu/tUPpsF7X8K4ZzmhzucQ=,jgp9kOxcI+c8rt7YFK2psfbYiyY=
24,-20,GqtNWiu/tUPpsF7X8K4ZzmhzucQ=,suh8dCIuUc86QVH5ZPRaPUkQ2HI=
20,-22,GqtNWiu/tUPpsF7X8K4ZzmhzucQ=,jgp9kOxcI+c8rt7YFK2psfbYiyY=
21,-17,GqtNWiu/tUPpsF7X8K4ZzmhzucQ=,jgp9kOxcI+c8rt7YFK2psfbYiyY=
23,-18,GqtNWiu/tUPpsF7X8K4ZzmhzucQ=,jgp9kOxcI+c8rt7YFK2psfbYiyY=
20,-17,GqtNWiu/tUPpsF7X8K4ZzmhzucQ=,jgp9kOxcI+c8rt7YFK2psfbYiyY=
27,-17,GqtNWiu/tUPpsF7X8K4ZzmhzucQ=,suh8dCIuUc86QVH5ZPRaPUkQ2HI=
20,-21,GqtNWiu/tUPpsF7X8K4ZzmhzucQ=,jgp9kOxcI+c8rt7YFK2psfbYiyY=
22,-17,GqtNWiu/tUPpsF7X8K4ZzmhzucQ=,jgp9kOxcI+c8rt7YFK2psfbYiyY=
20,-18,GqtNWiu/tUPpsF7X8K4ZzmhzucQ=,jgp9kOxcI+c8rt7YFK2psfbYiyY=
16,-24,GqtNWiu/tUPpsF7X8K4ZzmhzucQ=,jgp9kOxcI+c8rt7YFK2psfbYiyY=
16,-23,GqtNWiu/tUPpsF7X8K4ZzmhzucQ=,jgp9kOxcI+c8rt7YFK2psfbYiyY=
16,-25,GqtNWiu/tUPpsF7X8K4ZzmhzucQ=,Vf2OzuuyNsEwySncYbngtcHo2jQ=
17,-25,GqtNWiu/tUPpsF7X8K4ZzmhzucQ=,Vf2OzuuyNsEwySncYbngtcHo2jQ=
18,-24,GqtNWiu/tUPpsF7X8K4ZzmhzucQ=,jgp9kOxcI+c8rt7YFK2psfbYiyY=
17,-22,GqtNWiu/tUPpsF7X8K4ZzmhzucQ=,jgp9kOxcI+c8rt7YFK2psfbYiyY=
16,-21,GqtNWiu/tUPpsF7X8K4ZzmhzucQ=,jgp9kOxcI+c8rt7YFK2psfbYiyY=
18,-22,GqtNWiu/tUPpsF7X8K4ZzmhzucQ=,jgp9kOxcI+c8rt7YFK2psfbYiyY=
17,-23,GqtNWiu/tUPpsF7X8K4ZzmhzucQ=,jgp9kOxcI+c8rt7YFK2psfbYiyY=
16,-22,GqtNWiu/tUPpsF7X8K4ZzmhzucQ=,jgp9kOxcI+c8rt7YFK2psfbYiyY=
17,-21,GqtNWiu/tUPpsF7X8K4ZzmhzucQ=,jgp9kOxcI+c8rt7YFK2psfbYiyY=
19,-22,GqtNWiu/tUPpsF7X8K4ZzmhzucQ=,jgp9kOxcI+c8rt7YFK2psfbYiyY=
18,-21,GqtNWiu/tUPpsF7X8K4ZzmhzucQ=,jgp9kOxcI+c8rt7YFK2psfbYiyY=
18,-25,GqtNWiu/tUPpsF7X8K4ZzmhzucQ=,Vf2OzuuyNsEwySncYbngtcHo2jQ=
19,-21,GqtNWiu/tUPpsF7X8K4ZzmhzucQ=,jgp9kOxcI+c8rt7YFK2psfbYiyY=
19,-26,GqtNWiu/tUPpsF7X8K4ZzmhzucQ=,Vf2OzuuyNsEwySncYbngtcHo2jQ=
19,-27,GqtNWiu/tUPpsF7X8K4ZzmhzucQ=,Vf2OzuuyNsEwySncYbngtcHo2jQ=
18,-26,GqtNWiu/tUPpsF7X8K4ZzmhzucQ=,Vf2OzuuyNsEwySncYbngtcHo2jQ=
19,-25,GqtNWiu/tUPpsF7X8K4ZzmhzucQ=,Vf2OzuuyNsEwySncYbngtcHo2jQ=
17,-26,GqtNWiu/tUPpsF7X8K4ZzmhzucQ=,Vf2OzuuyNsEwySncYbngtcHo2jQ=
16,-27,GqtNWiu/tUPpsF7X8K4ZzmhzucQ=,Vf2OzuuyNsEwySncYbngtcHo2jQ=
19,-28,GqtNWiu/tUPpsF7X8K4ZzmhzucQ=,Vf2OzuuyNsEwySncYbngtcHo2jQ=
18,-28,GqtNWiu/tUPpsF7X8K4ZzmhzucQ=,Vf2OzuuyNsEwySncYbngtcHo2jQ=
18,-27,GqtNWiu/tUPpsF7X8K4ZzmhzucQ=,Vf2OzuuyNsEwySncYbngtcHo2jQ=
16,-26,GqtNWiu/tUPpsF7X8K4ZzmhzucQ=,Vf2OzuuyNsEwySncYbngtcHo2jQ=
17,-27,GqtNWiu/tUPpsF7X8K4ZzmhzucQ=,Vf2OzuuyNsEwySncYbngtcHo2jQ=
16,-17,GqtNWiu/tUPpsF7X8K4ZzmhzucQ=,jgp9kOxcI+c8rt7YFK2psfbYiyY=
17,-20,GqtNWiu/tUPpsF7X8K4ZzmhzucQ=,jgp9kOxcI+c8rt7YFK2psfbYiyY=
18,-17,GqtNWiu/tUPpsF7X8K4ZzmhzucQ=,jgp9kOxcI+c8rt7YFK2psfbYiyY=
17,-17,GqtNWiu/tUPpsF7X8K4ZzmhzucQ=,jgp9kOxcI+c8rt7YFK2psfbYiyY=
16,-18,GqtNWiu/tUPpsF7X8K4ZzmhzucQ=,jgp9kOxcI+c8rt7YFK2psfbYiyY=
19,-17,GqtNWiu/tUPpsF7X8K4ZzmhzucQ=,jgp9kOxcI+c8rt7YFK2psfbYiyY=
18,-18,GqtNWiu/tUPpsF7X8K4ZzmhzucQ=,jgp9kOxcI+c8rt7YFK2psfbYiyY=
19,-19,GqtNWiu/tUPpsF7X8K4ZzmhzucQ=,jgp9kOxcI+c8rt7YFK2psfbYiyY=
19,-18,GqtNWiu/tUPpsF7X8K4ZzmhzucQ=,jgp9kOxcI+c8rt7YFK2psfbYiyY=
17,-18,GqtNWiu/tUPpsF7X8K4ZzmhzucQ=,jgp9kOxcI+c8rt7YFK2psfbYiyY=
18,-20,GqtNWiu/tUPpsF7X8K4ZzmhzucQ=,jgp9kOxcI+c8rt7YFK2psfbYiyY=
16,-19,GqtNWiu/tUPpsF7X8K4ZzmhzucQ=,jgp9kOxcI+c8rt7YFK2psfbYiyY=
18,-19,GqtNWiu/tUPpsF7X8K4ZzmhzucQ=,jgp9kOxcI+c8rt7YFK2psfbYiyY=
16,-20,GqtNWiu/tUPpsF7X8K4ZzmhzucQ=,jgp9kOxcI+c8rt7YFK2psfbYiyY=
17,-19,GqtNWiu/tUPpsF7X8K4ZzmhzucQ=,jgp9kOxcI+c8rt7YFK2psfbYiyY=
19,-20,GqtNWiu/tUPpsF7X8K4ZzmhzucQ=,jgp9kOxcI+c8rt7YFK2psfbYiyY=
9,-31,1V/Eqq5kIAOs5DbvDNmU04wgRrs=,CeQ1weJAorcQGX1we1gInQQChhI=
10,-31,1V/Eqq5kIAOs5DbvDNmU04wgRrs=,CeQ1weJAorcQGX1we1gInQQChhI=
14,-26,1V/Eqq5kIAOs5DbvDNmU04wgRrs=,CeQ1weJAorcQGX1we1gInQQChhI=
13,-26,1V/Eqq5kIAOs5DbvDNmU04wgRrs=,CeQ1weJAorcQGX1we1gInQQChhI=
12,-26,1V/Eqq5kIAOs5DbvDNmU04wgRrs=,CeQ1weJAorcQGX1we1gInQQChhI=
11,-26,1V/Eqq5kIAOs5DbvDNmU04wgRrs=,CeQ1weJAorcQGX1we1gInQQChhI=
14,-27,1V/Eqq5kIAOs5DbvDNmU04wgRrs=,CeQ1weJAorcQGX1we1gInQQChhI=
13,-27,1V/Eqq5kIAOs5DbvDNmU04wgRrs=,CeQ1weJAorcQGX1we1gInQQChhI=
11,-27,1V/Eqq5kIAOs5DbvDNmU04wgRrs=,CeQ1weJAorcQGX1we1gInQQChhI=
12,-27,1V/Eqq5kIAOs5DbvDNmU04wgRrs=,CeQ1weJAorcQGX1we1gInQQChhI=
10,-27,1V/Eqq5kIAOs5DbvDNmU04wgRrs=,CeQ1weJAorcQGX1we1gInQQChhI=
14,-28,1V/Eqq5kIAOs5DbvDNmU04wgRrs=,CeQ1weJAorcQGX1we1gInQQChhI=
12,-28,1V/Eqq5kIAOs5DbvDNmU04wgRrs=,CeQ1weJAorcQGX1we1gInQQChhI=
13,-28,1V/Eqq5kIAOs5DbvDNmU04wgRrs=,CeQ1weJAorcQGX1we1gInQQChhI=
11,-28,1V/Eqq5kIAOs5DbvDNmU04wgRrs=,CeQ1weJAorcQGX1we1gInQQChhI=
10,-28,1V/Eqq5kIAOs5DbvDNmU04wgRrs=,CeQ1weJAorcQGX1we1gInQQChhI=
9,-28,1V/Eqq5kIAOs5DbvDNmU04wgRrs=,CeQ1weJAorcQGX1we1gInQQChhI=
14,-29,1V/Eqq5kIAOs5DbvDNmU04wgRrs=,CeQ1weJAorcQGX1we1gInQQChhI=
13,-29,1V/Eqq5kIAOs5DbvDNmU04wgRrs=,CeQ1weJAorcQGX1we1gInQQChhI=
12,-29,1V/Eqq5kIAOs5DbvDNmU04wgRrs=,CeQ1weJAorcQGX1we1gInQQChhI=
11,-29,1V/Eqq5kIAOs5DbvDNmU04wgRrs=,CeQ1weJAorcQGX1we1gInQQChhI=
10,-29,1V/Eqq5kIAOs5DbvDNmU04wgRrs=,CeQ1weJAorcQGX1we1gInQQChhI=
9,-29,1V/Eqq5kIAOs5DbvDNmU04wgRrs=,CeQ1weJAorcQGX1we1gInQQChhI=
14,-30,1V/Eqq5kIAOs5DbvDNmU04wgRrs=,CeQ1weJAorcQGX1we1gInQQChhI=
13,-30,1V/Eqq5kIAOs5DbvDNmU04wgRrs=,CeQ1weJAorcQGX1we1gInQQChhI=
12,-30,1V/Eqq5kIAOs5DbvDNmU04wgRrs=,CeQ1weJAorcQGX1we1gInQQChhI=
11,-30,1V/Eqq5kIAOs5DbvDNmU04wgRrs=,CeQ1weJAorcQGX1we1gInQQChhI=
10,-30,1V/Eqq5kIAOs5DbvDNmU04wgRrs=,CeQ1weJAorcQGX1we1gInQQChhI=
9,-30,1V/Eqq5kIAOs5DbvDNmU04wgRrs=,CeQ1weJAorcQGX1we1gInQQChhI=
13,-31,1V/Eqq5kIAOs5DbvDNmU04wgRrs=,CeQ1weJAorcQGX1we1gInQQChhI=
14,-31,1V/Eqq5kIAOs5DbvDNmU04wgRrs=,CeQ1weJAorcQGX1we1gInQQChhI=
12,-31,1V/Eqq5kIAOs5DbvDNmU04wgRrs=,CeQ1weJAorcQGX1we1gInQQChhI=
11,-31,1V/Eqq5kIAOs5DbvDNmU04wgRrs=,CeQ1weJAorcQGX1we1gInQQChhI=
8,-31,HlGtyWnfVUS87dHwBqNCtxEbPh4=,CeQ1weJAorcQGX1we1gInQQChhI=
6,-31,HlGtyWnfVUS87dHwBqNCtxEbPh4=,7VCCKt7nOkFrtAAr4xmTpf18sC4=
3,-31,HlGtyWnfVUS87dHwBqNCtxEbPh4=,7VCCKt7nOkFrtAAr4xmTpf18sC4=
2,-31,HlGtyWnfVUS87dHwBqNCtxEbPh4=,7VCCKt7nOkFrtAAr4xmTpf18sC4=
1,-31,HlGtyWnfVUS87dHwBqNCtxEbPh4=,7VCCKt7nOkFrtAAr4xmTpf18sC4=
3,-27,HlGtyWnfVUS87dHwBqNCtxEbPh4=,7VCCKt7nOkFrtAAr4xmTpf18sC4=
1,-27,HlGtyWnfVUS87dHwBqNCtxEbPh4=,7VCCKt7nOkFrtAAr4xmTpf18sC4=
8,-28,HlGtyWnfVUS87dHwBqNCtxEbPh4=,CeQ1weJAorcQGX1we1gInQQChhI=
8,-29,HlGtyWnfVUS87dHwBqNCtxEbPh4=,CeQ1weJAorcQGX1we1gInQQChhI=
7,-30,HlGtyWnfVUS87dHwBqNCtxEbPh4=,7VCCKt7nOkFrtAAr4xmTpf18sC4=
1,-29,HlGtyWnfVUS87dHwBqNCtxEbPh4=,7VCCKt7nOkFrtAAr4xmTpf18sC4=
8,-30,HlGtyWnfVUS87dHwBqNCtxEbPh4=,CeQ1weJAorcQGX1we1gInQQChhI=
3,-30,HlGtyWnfVUS87dHwBqNCtxEbPh4=,7VCCKt7nOkFrtAAr4xmTpf18sC4=
2,-30,HlGtyWnfVUS87dHwBqNCtxEbPh4=,7VCCKt7nOkFrtAAr4xmTpf18sC4=
1,-30,HlGtyWnfVUS87dHwBqNCtxEbPh4=,7VCCKt7nOkFrtAAr4xmTpf18sC4=
7,-31,HlGtyWnfVUS87dHwBqNCtxEbPh4=,7VCCKt7nOkFrtAAr4xmTpf18sC4=
0,-27,HlGtyWnfVUS87dHwBqNCtxEbPh4=,7VCCKt7nOkFrtAAr4xmTpf18sC4=
0,-31,HlGtyWnfVUS87dHwBqNCtxEbPh4=,7VCCKt7nOkFrtAAr4xmTpf18sC4=
4,-18,HlGtyWnfVUS87dHwBqNCtxEbPh4=,3cHVrGye1lXOY/LAfAG0gq0GZ0c=
1,-17,HlGtyWnfVUS87dHwBqNCtxEbPh4=,3cHVrGye1lXOY/LAfAG0gq0GZ0c=
4,-17,HlGtyWnfVUS87dHwBqNCtxEbPh4=,3cHVrGye1lXOY/LAfAG0gq0GZ0c=
1,-21,HlGtyWnfVUS87dHwBqNCtxEbPh4=,3cHVrGye1lXOY/LAfAG0gq0GZ0c=
4,-19,HlGtyWnfVUS87dHwBqNCtxEbPh4=,3cHVrGye1lXOY/LAfAG0gq0GZ0c=
1,-19,HlGtyWnfVUS87dHwBqNCtxEbPh4=,3cHVrGye1lXOY/LAfAG0gq0GZ0c=
3,-20,HlGtyWnfVUS87dHwBqNCtxEbPh4=,3cHVrGye1lXOY/LAfAG0gq0GZ0c=
2,-20,HlGtyWnfVUS87dHwBqNCtxEbPh4=,3cHVrGye1lXOY/LAfAG0gq0GZ0c=
1,-20,HlGtyWnfVUS87dHwBqNCtxEbPh4=,3cHVrGye1lXOY/LAfAG0gq0GZ0c=
2,-21,HlGtyWnfVUS87dHwBqNCtxEbPh4=,3cHVrGye1lXOY/LAfAG0gq0GZ0c=
12,-24,HlGtyWnfVUS87dHwBqNCtxEbPh4=,vYhrnylS1K4oZgrqQD1oIb7zIjY=
11,-21,HlGtyWnfVUS87dHwBqNCtxEbPh4=,vYhrnylS1K4oZgrqQD1oIb7zIjY=
10,-20,HlGtyWnfVUS87dHwBqNCtxEbPh4=,vYhrnylS1K4oZgrqQD1oIb7zIjY=
14,-25,HlGtyWnfVUS87dHwBqNCtxEbPh4=,CeQ1weJAorcQGX1we1gInQQChhI=
13,-25,HlGtyWnfVUS87dHwBqNCtxEbPh4=,CeQ1weJAorcQGX1we1gInQQChhI=
12,-25,HlGtyWnfVUS87dHwBqNCtxEbPh4=,CeQ1weJAorcQGX1we1gInQQChhI=
14,-22,HlGtyWnfVUS87dHwBqNCtxEbPh4=,vYhrnylS1K4oZgrqQD1oIb7zIjY=
13,-22,HlGtyWnfVUS87dHwBqNCtxEbPh4=,vYhrnylS1K4oZgrqQD1oIb7zIjY=
13,-23,HlGtyWnfVUS87dHwBqNCtxEbPh4=,vYhrnylS1K4oZgrqQD1oIb7zIjY=
12,-23,HlGtyWnfVUS87dHwBqNCtxEbPh4=,vYhrnylS1K4oZgrqQD1oIb7zIjY=
9,-20,HlGtyWnfVUS87dHwBqNCtxEbPh4=,vYhrnylS1K4oZgrqQD1oIb7zIjY=
12,-22,HlGtyWnfVUS87dHwBqNCtxEbPh4=,vYhrnylS1K4oZgrqQD1oIb7zIjY=
11,-22,HlGtyWnfVUS87dHwBqNCtxEbPh4=,vYhrnylS1K4oZgrqQD1oIb7zIjY=
10,-26,HlGtyWnfVUS87dHwBqNCtxEbPh4=,CeQ1weJAorcQGX1we1gInQQChhI=
8,-23,HlGtyWnfVUS87dHwBqNCtxEbPh4=,vYhrnylS1K4oZgrqQD1oIb7zIjY=
14,-24,HlGtyWnfVUS87dHwBqNCtxEbPh4=,vYhrnylS1K4oZgrqQD1oIb7zIjY=
10,-21,HlGtyWnfVUS87dHwBqNCtxEbPh4=,vYhrnylS1K4oZgrqQD1oIb7zIjY=
9,-18,HlGtyWnfVUS87dHwBqNCtxEbPh4=,vYhrnylS1K4oZgrqQD1oIb7zIjY=
9,-27,HlGtyWnfVUS87dHwBqNCtxEbPh4=,CeQ1weJAorcQGX1we1gInQQChhI=
9,-19,HlGtyWnfVUS87dHwBqNCtxEbPh4=,vYhrnylS1K4oZgrqQD1oIb7zIjY=
5,-26,HlGtyWnfVUS87dHwBqNCtxEbPh4=,7VCCKt7nOkFrtAAr4xmTpf18sC4=
9,-26,HlGtyWnfVUS87dHwBqNCtxEbPh4=,CeQ1weJAorcQGX1we1gInQQChhI=
6,-26,HlGtyWnfVUS87dHwBqNCtxEbPh4=,7VCCKt7nOkFrtAAr4xmTpf18sC4=
8,-19,HlGtyWnfVUS87dHwBqNCtxEbPh4=,vYhrnylS1K4oZgrqQD1oIb7zIjY=
7,-24,HlGtyWnfVUS87dHwBqNCtxEbPh4=,3cHVrGye1lXOY/LAfAG0gq0GZ0c=
9,-23,HlGtyWnfVUS87dHwBqNCtxEbPh4=,vYhrnylS1K4oZgrqQD1oIb7zIjY=
7,-26,HlGtyWnfVUS87dHwBqNCtxEbPh4=,7VCCKt7nOkFrtAAr4xmTpf18sC4=
5,-27,HlGtyWnfVUS87dHwBqNCtxEbPh4=,7VCCKt7nOkFrtAAr4xmTpf18sC4=
8,-22,HlGtyWnfVUS87dHwBqNCtxEbPh4=,vYhrnylS1K4oZgrqQD1oIb7zIjY=
13,-24,HlGtyWnfVUS87dHwBqNCtxEbPh4=,vYhrnylS1K4oZgrqQD1oIb7zIjY=
14,-23,HlGtyWnfVUS87dHwBqNCtxEbPh4=,vYhrnylS1K4oZgrqQD1oIb7zIjY=
4,-26,HlGtyWnfVUS87dHwBqNCtxEbPh4=,7VCCKt7nOkFrtAAr4xmTpf18sC4=
8,-18,HlGtyWnfVUS87dHwBqNCtxEbPh4=,vYhrnylS1K4oZgrqQD1oIb7zIjY=
6,-27,HlGtyWnfVUS87dHwBqNCtxEbPh4=,7VCCKt7nOkFrtAAr4xmTpf18sC4=
12,-21,HlGtyWnfVUS87dHwBqNCtxEbPh4=,vYhrnylS1K4oZgrqQD1oIb7zIjY=
8,-26,HlGtyWnfVUS87dHwBqNCtxEbPh4=,CeQ1weJAorcQGX1we1gInQQChhI=
7,-27,HlGtyWnfVUS87dHwBqNCtxEbPh4=,7VCCKt7nOkFrtAAr4xmTpf18sC4=
7,-22,HlGtyWnfVUS87dHwBqNCtxEbPh4=,3cHVrGye1lXOY/LAfAG0gq0GZ0c=
8,-27,HlGtyWnfVUS87dHwBqNCtxEbPh4=,CeQ1weJAorcQGX1we1gInQQChhI=
6,-28,HlGtyWnfVUS87dHwBqNCtxEbPh4=,7VCCKt7nOkFrtAAr4xmTpf18sC4=
5,-28,HlGtyWnfVUS87dHwBqNCtxEbPh4=,7VCCKt7nOkFrtAAr4xmTpf18sC4=
7,-28,HlGtyWnfVUS87dHwBqNCtxEbPh4=,7VCCKt7nOkFrtAAr4xmTpf18sC4=
4,-28,HlGtyWnfVUS87dHwBqNCtxEbPh4=,7VCCKt7nOkFrtAAr4xmTpf18sC4=
10,-24,HlGtyWnfVUS87dHwBqNCtxEbPh4=,vYhrnylS1K4oZgrqQD1oIb7zIjY=
4,-24,HlGtyWnfVUS87dHwBqNCtxEbPh4=,3cHVrGye1lXOY/LAfAG0gq0GZ0c=
5,-25,HlGtyWnfVUS87dHwBqNCtxEbPh4=,7VCCKt7nOkFrtAAr4xmTpf18sC4=
5,-24,HlGtyWnfVUS87dHwBqNCtxEbPh4=,3cHVrGye1lXOY/LAfAG0gq0GZ0c=
6,-24,HlGtyWnfVUS87dHwBqNCtxEbPh4=,3cHVrGye1lXOY/LAfAG0gq0GZ0c=
4,-23,HlGtyWnfVUS87dHwBqNCtxEbPh4=,3cHVrGye1lXOY/LAfAG0gq0GZ0c=
9,-22,HlGtyWnfVUS87dHwBqNCtxEbPh4=,vYhrnylS1K4oZgrqQD1oIb7zIjY=
10,-22,HlGtyWnfVUS87dHwBqNCtxEbPh4=,vYhrnylS1K4oZgrqQD1oIb7zIjY=
6,-25,HlGtyWnfVUS87dHwBqNCtxEbPh4=,7VCCKt7nOkFrtAAr4xmTpf18sC4=
5,-23,HlGtyWnfVUS87dHwBqNCtxEbPh4=,3cHVrGye1lXOY/LAfAG0gq0GZ0c=
6,-23,HlGtyWnfVUS87dHwBqNCtxEbPh4=,3cHVrGye1lXOY/LAfAG0gq0GZ0c=
4,-22,HlGtyWnfVUS87dHwBqNCtxEbPh4=,3cHVrGye1lXOY/LAfAG0gq0GZ0c=
4,-25,HlGtyWnfVUS87dHwBqNCtxEbPh4=,7VCCKt7nOkFrtAAr4xmTpf18sC4=
5,-22,HlGtyWnfVUS87dHwBqNCtxEbPh4=,3cHVrGye1lXOY/LAfAG0gq0GZ0c=
6,-22,HlGtyWnfVUS87dHwBqNCtxEbPh4=,3cHVrGye1lXOY/LAfAG0gq0GZ0c=
7,-23,HlGtyWnfVUS87dHwBqNCtxEbPh4=,3cHVrGye1lXOY/LAfAG0gq0GZ0c=
10,-23,HlGtyWnfVUS87dHwBqNCtxEbPh4=,vYhrnylS1K4oZgrqQD1oIb7zIjY=
11,-25,HlGtyWnfVUS87dHwBqNCtxEbPh4=,CeQ1weJAorcQGX1we1gInQQChhI=
6,-21,HlGtyWnfVUS87dHwBqNCtxEbPh4=,3cHVrGye1lXOY/LAfAG0gq0GZ0c=
9,-21,HlGtyWnfVUS87dHwBqNCtxEbPh4=,vYhrnylS1K4oZgrqQD1oIb7zIjY=
8,-21,HlGtyWnfVUS87dHwBqNCtxEbPh4=,vYhrnylS1K4oZgrqQD1oIb7zIjY=
4,-21,HlGtyWnfVUS87dHwBqNCtxEbPh4=,3cHVrGye1lXOY/LAfAG0gq0GZ0c=
11,-23,HlGtyWnfVUS87dHwBqNCtxEbPh4=,vYhrnylS1K4oZgrqQD1oIb7zIjY=
11,-24,HlGtyWnfVUS87dHwBqNCtxEbPh4=,vYhrnylS1K4oZgrqQD1oIb7zIjY=
7,-25,HlGtyWnfVUS87dHwBqNCtxEbPh4=,7VCCKt7nOkFrtAAr4xmTpf18sC4=
7,-21,HlGtyWnfVUS87dHwBqNCtxEbPh4=,3cHVrGye1lXOY/LAfAG0gq0GZ0c=
9,-25,HlGtyWnfVUS87dHwBqNCtxEbPh4=,CeQ1weJAorcQGX1we1gInQQChhI=
8,-25,HlGtyWnfVUS87dHwBqNCtxEbPh4=,CeQ1weJAorcQGX1we1gInQQChhI=
10,-25,HlGtyWnfVUS87dHwBqNCtxEbPh4=,CeQ1weJAorcQGX1we1gInQQChhI=
8,-24,HlGtyWnfVUS87dHwBqNCtxEbPh4=,vYhrnylS1K4oZgrqQD1oIb7zIjY=
9,-24,HlGtyWnfVUS87dHwBqNCtxEbPh4=,vYhrnylS1K4oZgrqQD1oIb7zIjY=
5,-21,HlGtyWnfVUS87dHwBqNCtxEbPh4=,3cHVrGye1lXOY/LAfAG0gq0GZ0c=
4,-27,HlGtyWnfVUS87dHwBqNCtxEbPh4=,7VCCKt7nOkFrtAAr4xmTpf18sC4=
0,-21,HlGtyWnfVUS87dHwBqNCtxEbPh4=,3cHVrGye1lXOY/LAfAG0gq0GZ0c=
0,-20,HlGtyWnfVUS87dHwBqNCtxEbPh4=,3cHVrGye1lXOY/LAfAG0gq0GZ0c=
0,-25,HlGtyWnfVUS87dHwBqNCtxEbPh4=,7VCCKt7nOkFrtAAr4xmTpf18sC4=
0,-22,HlGtyWnfVUS87dHwBqNCtxEbPh4=,3cHVrGye1lXOY/LAfAG0gq0GZ0c=
9,-32,HlGtyWnfVUS87dHwBqNCtxEbPh4=,CeQ1weJAorcQGX1we1gInQQChhI=
10,-32,HlGtyWnfVUS87dHwBqNCtxEbPh4=,CeQ1weJAorcQGX1we1gInQQChhI=
12,-32,HlGtyWnfVUS87dHwBqNCtxEbPh4=,CeQ1weJAorcQGX1we1gInQQChhI=
11,-32,HlGtyWnfVUS87dHwBqNCtxEbPh4=,CeQ1weJAorcQGX1we1gInQQChhI=
13,-32,HlGtyWnfVUS87dHwBqNCtxEbPh4=,CeQ1weJAorcQGX1we1gInQQChhI=
1,-25,HlGtyWnfVUS87dHwBqNCtxEbPh4=,7VCCKt7nOkFrtAAr4xmTpf18sC4=
3,-28,HlGtyWnfVUS87dHwBqNCtxEbPh4=,7VCCKt7nOkFrtAAr4xmTpf18sC4=
14,-32,HlGtyWnfVUS87dHwBqNCtxEbPh4=,CeQ1weJAorcQGX1we1gInQQChhI=
1,-26,HlGtyWnfVUS87dHwBqNCtxEbPh4=,7VCCKt7nOkFrtAAr4xmTpf18sC4=
2,-26,HlGtyWnfVUS87dHwBqNCtxEbPh4=,7VCCKt7nOkFrtAAr4xmTpf18sC4=
2,-25,HlGtyWnfVUS87dHwBqNCtxEbPh4=,7VCCKt7nOkFrtAAr4xmTpf18sC4=
0,-28,HlGtyWnfVUS87dHwBqNCtxEbPh4=,7VCCKt7nOkFrtAAr4xmTpf18sC4=
2,-28,HlGtyWnfVUS87dHwBqNCtxEbPh4=,7VCCKt7nOkFrtAAr4xmTpf18sC4=
0,-26,HlGtyWnfVUS87dHwBqNCtxEbPh4=,7VCCKt7nOkFrtAAr4xmTpf18sC4=
1,-24,HlGtyWnfVUS87dHwBqNCtxEbPh4=,3cHVrGye1lXOY/LAfAG0gq0GZ0c=
3,-25,HlGtyWnfVUS87dHwBqNCtxEbPh4=,7VCCKt7nOkFrtAAr4xmTpf18sC4=
1,-28,HlGtyWnfVUS87dHwBqNCtxEbPh4=,7VCCKt7nOkFrtAAr4xmTpf18sC4=
3,-23,HlGtyWnfVUS87dHwBqNCtxEbPh4=,3cHVrGye1lXOY/LAfAG0gq0GZ0c=
2,-23,HlGtyWnfVUS87dHwBqNCtxEbPh4=,3cHVrGye1lXOY/LAfAG0gq0GZ0c=
3,-24,HlGtyWnfVUS87dHwBqNCtxEbPh4=,3cHVrGye1lXOY/LAfAG0gq0GZ0c=
2,-24,HlGtyWnfVUS87dHwBqNCtxEbPh4=,3cHVrGye1lXOY/LAfAG0gq0GZ0c=
1,-23,HlGtyWnfVUS87dHwBqNCtxEbPh4=,3cHVrGye1lXOY/LAfAG0gq0GZ0c=
3,-21,HlGtyWnfVUS87dHwBqNCtxEbPh4=,3cHVrGye1lXOY/LAfAG0gq0GZ0c=
1,-22,HlGtyWnfVUS87dHwBqNCtxEbPh4=,3cHVrGye1lXOY/LAfAG0gq0GZ0c=
3,-22,HlGtyWnfVUS87dHwBqNCtxEbPh4=,3cHVrGye1lXOY/LAfAG0gq0GZ0c=
0,-23,HlGtyWnfVUS87dHwBqNCtxEbPh4=,3cHVrGye1lXOY/LAfAG0gq0GZ0c=
2,-22,HlGtyWnfVUS87dHwBqNCtxEbPh4=,3cHVrGye1lXOY/LAfAG0gq0GZ0c=
3,-26,HlGtyWnfVUS87dHwBqNCtxEbPh4=,7VCCKt7nOkFrtAAr4xmTpf18sC4=
0,-24,HlGtyWnfVUS87dHwBqNCtxEbPh4=,3cHVrGye1lXOY/LAfAG0gq0GZ0c=
2,-27,HlGtyWnfVUS87dHwBqNCtxEbPh4=,7VCCKt7nOkFrtAAr4xmTpf18sC4=
15,-31,HlGtyWnfVUS87dHwBqNCtxEbPh4=,CeQ1weJAorcQGX1we1gInQQChhI=
15,-30,HlGtyWnfVUS87dHwBqNCtxEbPh4=,CeQ1weJAorcQGX1we1gInQQChhI=
15,-29,HlGtyWnfVUS87dHwBqNCtxEbPh4=,CeQ1weJAorcQGX1we1gInQQChhI=
15,-28,HlGtyWnfVUS87dHwBqNCtxEbPh4=,CeQ1weJAorcQGX1we1gInQQChhI=
15,-27,HlGtyWnfVUS87dHwBqNCtxEbPh4=,CeQ1weJAorcQGX1we1gInQQChhI=
15,-32,HlGtyWnfVUS87dHwBqNCtxEbPh4=,CeQ1weJAorcQGX1we1gInQQChhI=
1,-32,HlGtyWnfVUS87dHwBqNCtxEbPh4=,7VCCKt7nOkFrtAAr4xmTpf18sC4=
8,-32,HlGtyWnfVUS87dHwBqNCtxEbPh4=,CeQ1weJAorcQGX1we1gInQQChhI=
2,-32,HlGtyWnfVUS87dHwBqNCtxEbPh4=,7VCCKt7nOkFrtAAr4xmTpf18sC4=
3,-32,HlGtyWnfVUS87dHwBqNCtxEbPh4=,7VCCKt7nOkFrtAAr4xmTpf18sC4=
4,-32,HlGtyWnfVUS87dHwBqNCtxEbPh4=,7VCCKt7nOkFrtAAr4xmTpf18sC4=
5,-32,HlGtyWnfVUS87dHwBqNCtxEbPh4=,7VCCKt7nOkFrtAAr4xmTpf18sC4=
6,-32,HlGtyWnfVUS87dHwBqNCtxEbPh4=,7VCCKt7nOkFrtAAr4xmTpf18sC4=
7,-32,HlGtyWnfVUS87dHwBqNCtxEbPh4=,7VCCKt7nOkFrtAAr4xmTpf18sC4=
4,-30,HlGtyWnfVUS87dHwBqNCtxEbPh4=,7VCCKt7nOkFrtAAr4xmTpf18sC4=
5,-30,HlGtyWnfVUS87dHwBqNCtxEbPh4=,7VCCKt7nOkFrtAAr4xmTpf18sC4=
6,-30,HlGtyWnfVUS87dHwBqNCtxEbPh4=,7VCCKt7nOkFrtAAr4xmTpf18sC4=
0,-32,HlGtyWnfVUS87dHwBqNCtxEbPh4=,7VCCKt7nOkFrtAAr4xmTpf18sC4=
4,-29,HlGtyWnfVUS87dHwBqNCtxEbPh4=,7VCCKt7nOkFrtAAr4xmTpf18sC4=
5,-29,HlGtyWnfVUS87dHwBqNCtxEbPh4=,7VCCKt7nOkFrtAAr4xmTpf18sC4=
6,-29,HlGtyWnfVUS87dHwBqNCtxEbPh4=,7VCCKt7nOkFrtAAr4xmTpf18sC4=
7,-29,HlGtyWnfVUS87dHwBqNCtxEbPh4=,7VCCKt7nOkFrtAAr4xmTpf18sC4=
5,-31,HlGtyWnfVUS87dHwBqNCtxEbPh4=,7VCCKt7nOkFrtAAr4xmTpf18sC4=
4,-31,HlGtyWnfVUS87dHwBqNCtxEbPh4=,7VCCKt7nOkFrtAAr4xmTpf18sC4=
0,-29,HlGtyWnfVUS87dHwBqNCtxEbPh4=,7VCCKt7nOkFrtAAr4xmTpf18sC4=
15,-23,HlGtyWnfVUS87dHwBqNCtxEbPh4=,vYhrnylS1K4oZgrqQD1oIb7zIjY=
15,-24,HlGtyWnfVUS87dHwBqNCtxEbPh4=,vYhrnylS1K4oZgrqQD1oIb7zIjY=
0,-30,HlGtyWnfVUS87dHwBqNCtxEbPh4=,7VCCKt7nOkFrtAAr4xmTpf18sC4=
15,-26,HlGtyWnfVUS87dHwBqNCtxEbPh4=,CeQ1weJAorcQGX1we1gInQQChhI=
2,-29,HlGtyWnfVUS87dHwBqNCtxEbPh4=,7VCCKt7nOkFrtAAr4xmTpf18sC4=
15,-21,HlGtyWnfVUS87dHwBqNCtxEbPh4=,vYhrnylS1K4oZgrqQD1oIb7zIjY=
13,-21,HlGtyWnfVUS87dHwBqNCtxEbPh4=,vYhrnylS1K4oZgrqQD1oIb7zIjY=
3,-29,HlGtyWnfVUS87dHwBqNCtxEbPh4=,7VCCKt7nOkFrtAAr4xmTpf18sC4=
14,-21,HlGtyWnfVUS87dHwBqNCtxEbPh4=,vYhrnylS1K4oZgrqQD1oIb7zIjY=
15,-25,HlGtyWnfVUS87dHwBqNCtxEbPh4=,CeQ1weJAorcQGX1we1gInQQChhI=
15,-22,HlGtyWnfVUS87dHwBqNCtxEbPh4=,vYhrnylS1K4oZgrqQD1oIb7zIjY=
9,-17,HlGtyWnfVUS87dHwBqNCtxEbPh4=,vYhrnylS1K4oZgrqQD1oIb7zIjY=
7,-17,HlGtyWnfVUS87dHwBqNCtxEbPh4=,3cHVrGye1lXOY/LAfAG0gq0GZ0c=
7,-18,HlGtyWnfVUS87dHwBqNCtxEbPh4=,3cHVrGye1lXOY/LAfAG0gq0GZ0c=
7,-20,HlGtyWnfVUS87dHwBqNCtxEbPh4=,3cHVrGye1lXOY/LAfAG0gq0GZ0c=
7,-19,HlGtyWnfVUS87dHwBqNCtxEbPh4=,3cHVrGye1lXOY/LAfAG0gq0GZ0c=
4,-20,HlGtyWnfVUS87dHwBqNCtxEbPh4=,3cHVrGye1lXOY/LAfAG0gq0GZ0c=
5,-20,HlGtyWnfVUS87dHwBqNCtxEbPh4=,3cHVrGye1lXOY/LAfAG0gq0GZ0c=
11,-20,HlGtyWnfVUS87dHwBqNCtxEbPh4=,vYhrnylS1K4oZgrqQD1oIb7zIjY=
12,-17,HlGtyWnfVUS87dHwBqNCtxEbPh4=,vYhrnylS1K4oZgrqQD1oIb7zIjY=
5,-18,HlGtyWnfVUS87dHwBqNCtxEbPh4=,3cHVrGye1lXOY/LAfAG0gq0GZ0c=
14,-18,HlGtyWnfVUS87dHwBqNCtxEbPh4=,vYhrnylS1K4oZgrqQD1oIb7zIjY=
12,-20,HlGtyWnfVUS87dHwBqNCtxEbPh4=,vYhrnylS1K4oZgrqQD1oIb7zIjY=
13,-17,HlGtyWnfVUS87dHwBqNCtxEbPh4=,vYhrnylS1K4oZgrqQD1oIb7zIjY=
6,-20,HlGtyWnfVUS87dHwBqNCtxEbPh4=,3cHVrGye1lXOY/LAfAG0gq0GZ0c=
13,-20,HlGtyWnfVUS87dHwBqNCtxEbPh4=,vYhrnylS1K4oZgrqQD1oIb7zIjY=
13,-18,HlGtyWnfVUS87dHwBqNCtxEbPh4=,vYhrnylS1K4oZgrqQD1oIb7zIjY=
12,-18,HlGtyWnfVUS87dHwBqNCtxEbPh4=,vYhrnylS1K4oZgrqQD1oIb7zIjY=
6,-17,HlGtyWnfVUS87dHwBqNCtxEbPh4=,3cHVrGye1lXOY/LAfAG0gq0GZ0c=
6,-18,HlGtyWnfVUS87dHwBqNCtxEbPh4=,3cHVrGye1lXOY/LAfAG0gq0GZ0c=
5,-17,HlGtyWnfVUS87dHwBqNCtxEbPh4=,3cHVrGye1lXOY/LAfAG0gq0GZ0c=
11,-18,HlGtyWnfVUS87dHwBqNCtxEbPh4=,vYhrnylS1K4oZgrqQD1oIb7zIjY=
14,-17,HlGtyWnfVUS87dHwBqNCtxEbPh4=,vYhrnylS1K4oZgrqQD1oIb7zIjY=
8,-20,HlGtyWnfVUS87dHwBqNCtxEbPh4=,vYhrnylS1K4oZgrqQD1oIb7zIjY=
10,-18,HlGtyWnfVUS87dHwBqNCtxEbPh4=,vYhrnylS1K4oZgrqQD1oIb7zIjY=
6,-19,HlGtyWnfVUS87dHwBqNCtxEbPh4=,3cHVrGye1lXOY/LAfAG0gq0GZ0c=
5,-19,HlGtyWnfVUS87dHwBqNCtxEbPh4=,3cHVrGye1lXOY/LAfAG0gq0GZ0c=
14,-19,HlGtyWnfVUS87dHwBqNCtxEbPh4=,vYhrnylS1K4oZgrqQD1oIb7zIjY=
10,-19,HlGtyWnfVUS87dHwBqNCtxEbPh4=,vYhrnylS1K4oZgrqQD1oIb7zIjY=
15,-20,HlGtyWnfVUS87dHwBqNCtxEbPh4=,vYhrnylS1K4oZgrqQD1oIb7zIjY=
11,-19,HlGtyWnfVUS87dHwBqNCtxEbPh4=,vYhrnylS1K4oZgrqQD1oIb7zIjY=
12,-19,HlGtyWnfVUS87dHwBqNCtxEbPh4=,vYhrnylS1K4oZgrqQD1oIb7zIjY=
15,-17,HlGtyWnfVUS87dHwBqNCtxEbPh4=,vYhrnylS1K4oZgrqQD1oIb7zIjY=
8,-17,HlGtyWnfVUS87dHwBqNCtxEbPh4=,vYhrnylS1K4oZgrqQD1oIb7zIjY=
13,-19,HlGtyWnfVUS87dHwBqNCtxEbPh4=,vYhrnylS1K4oZgrqQD1oIb7zIjY=
11,-17,HlGtyWnfVUS87dHwBqNCtxEbPh4=,vYhrnylS1K4oZgrqQD1oIb7zIjY=
10,-17,HlGtyWnfVUS87dHwBqNCtxEbPh4=,vYhrnylS1K4oZgrqQD1oIb7zIjY=
14,-20,HlGtyWnfVUS87dHwBqNCtxEbPh4=,vYhrnylS1K4oZgrqQD1oIb7zIjY=
15,-19,HlGtyWnfVUS87dHwBqNCtxEbPh4=,vYhrnylS1K4oZgrqQD1oIb7zIjY=
15,-18,HlGtyWnfVUS87dHwBqNCtxEbPh4=,vYhrnylS1K4oZgrqQD1oIb7zIjY=
0,-17,HlGtyWnfVUS87dHwBqNCtxEbPh4=,3cHVrGye1lXOY/LAfAG0gq0GZ0c=
1,-18,HlGtyWnfVUS87dHwBqNCtxEbPh4=,3cHVrGye1lXOY/LAfAG0gq0GZ0c=
2,-17,HlGtyWnfVUS87dHwBqNCtxEbPh4=,3cHVrGye1lXOY/LAfAG0gq0GZ0c=
2,-18,HlGtyWnfVUS87dHwBqNCtxEbPh4=,3cHVrGye1lXOY/LAfAG0gq0GZ0c=
0,-18,HlGtyWnfVUS87dHwBqNCtxEbPh4=,3cHVrGye1lXOY/LAfAG0gq0GZ0c=
3,-18,HlGtyWnfVUS87dHwBqNCtxEbPh4=,3cHVrGye1lXOY/LAfAG0gq0GZ0c=
3,-19,HlGtyWnfVUS87dHwBqNCtxEbPh4=,3cHVrGye1lXOY/LAfAG0gq0GZ0c=
3,-17,HlGtyWnfVUS87dHwBqNCtxEbPh4=,3cHVrGye1lXOY/LAfAG0gq0GZ0c=
2,-19,HlGtyWnfVUS87dHwBqNCtxEbPh4=,3cHVrGye1lXOY/LAfAG0gq0GZ0c=
0,-19,HlGtyWnfVUS87dHwBqNCtxEbPh4=,3cHVrGye1lXOY/LAfAG0gq0GZ0c=
10,-11,TZI03hMh3bXXSgM+uyqLTvW0Owo=,MdsWe+Hmb24ntoNwCL/Kw36+zbA=
13,-10,TZI03hMh3bXXSgM+uyqLTvW0Owo=,MdsWe+Hmb24ntoNwCL/Kw36+zbA=
14,-10,TZI03hMh3bXXSgM+uyqLTvW0Owo=,MdsWe+Hmb24ntoNwCL/Kw36+zbA=
5,-15,TZI03hMh3bXXSgM+uyqLTvW0Owo=,L63OMLYfBFz98i3rBsDoXzKUNrM=
8,-12,TZI03hMh3bXXSgM+uyqLTvW0Owo=,MdsWe+Hmb24ntoNwCL/Kw36+zbA=
14,-2,TZI03hMh3bXXSgM+uyqLTvW0Owo=,/2SkXKoDIRBJ6aFI3kxdvg0hQmo=
13,-4,TZI03hMh3bXXSgM+uyqLTvW0Owo=,/2SkXKoDIRBJ6aFI3kxdvg0hQmo=
15,-7,TZI03hMh3bXXSgM+uyqLTvW0Owo=,/2SkXKoDIRBJ6aFI3kxdvg0hQmo=
14,-8,04lnkGuMwyBUgYJiO76USsdYRr0=,/2SkXKoDIRBJ6aFI3kxdvg0hQmo=
10,-4,04lnkGuMwyBUgYJiO76USsdYRr0=,/2SkXKoDIRBJ6aFI3kxdvg0hQmo=
14,-9,04lnkGuMwyBUgYJiO76USsdYRr0=,MdsWe+Hmb24ntoNwCL/Kw36+zbA=
13,-9,04lnkGuMwyBUgYJiO76USsdYRr0=,MdsWe+Hmb24ntoNwCL/Kw36+zbA=
15,-6,04lnkGuMwyBUgYJiO76USsdYRr0=,/2SkXKoDIRBJ6aFI3kxdvg0hQmo=
14,-7,04lnkGuMwyBUgYJiO76USsdYRr0=,/2SkXKoDIRBJ6aFI3kxdvg0hQmo=
14,-6,04lnkGuMwyBUgYJiO76USsdYRr0=,/2SkXKoDIRBJ6aFI3kxdvg0hQmo=
15,-5,04lnkGuMwyBUgYJiO76USsdYRr0=,/2SkXKoDIRBJ6aFI3kxdvg0hQmo=
14,-5,04lnkGuMwyBUgYJiO76USsdYRr0=,/2SkXKoDIRBJ6aFI3kxdvg0hQmo=
13,-5,04lnkGuMwyBUgYJiO76USsdYRr0=,/2SkXKoDIRBJ6aFI3kxdvg0hQmo=
15,-4,04lnkGuMwyBUgYJiO76USsdYRr0=,/2SkXKoDIRBJ6aFI3kxdvg0hQmo=
9,-12,04lnkGuMwyBUgYJiO76USsdYRr0=,MdsWe+Hmb24ntoNwCL/Kw36+zbA=
9,-11,04lnkGuMwyBUgYJiO76USsdYRr0=,MdsWe+Hmb24ntoNwCL/Kw36+zbA=
11,-6,04lnkGuMwyBUgYJiO76USsdYRr0=,/2SkXKoDIRBJ6aFI3kxdvg0hQmo=
10,-12,04lnkGuMwyBUgYJiO76USsdYRr0=,MdsWe+Hmb24ntoNwCL/Kw36+zbA=
8,-8,04lnkGuMwyBUgYJiO76USsdYRr0=,/2SkXKoDIRBJ6aFI3kxdvg0hQmo=
11,-10,04lnkGuMwyBUgYJiO76USsdYRr0=,MdsWe+Hmb24ntoNwCL/Kw36+zbA=
10,-10,04lnkGuMwyBUgYJiO76USsdYRr0=,MdsWe+Hmb24ntoNwCL/Kw36+zbA=
11,-11,04lnkGuMwyBUgYJiO76USsdYRr0=,MdsWe+Hmb24ntoNwCL/Kw36+zbA=
7,-6,04lnkGuMwyBUgYJiO76USsdYRr0=,/Zxxiqy2GvIRzg/iT4f9JfJc02c=
11,-12,04lnkGuMwyBUgYJiO76USsdYRr0=,MdsWe+Hmb24ntoNwCL/Kw36+zbA=
7,-12,04lnkGuMwyBUgYJiO76USsdYRr0=,L63OMLYfBFz98i3rBsDoXzKUNrM=
5,-12,04lnkGuMwyBUgYJiO76USsdYRr0=,L63OMLYfBFz98i3rBsDoXzKUNrM=
7,-5,04lnkGuMwyBUgYJiO76USsdYRr0=,/Zxxiqy2GvIRzg/iT4f9JfJc02c=
4,-12,04lnkGuMwyBUgYJiO76USsdYRr0=,L63OMLYfBFz98i3rBsDoXzKUNrM=
4,-11,04lnkGuMwyBUgYJiO76USsdYRr0=,L63OMLYfBFz98i3rBsDoXzKUNrM=
7,-10,04lnkGuMwyBUgYJiO76USsdYRr0=,L63OMLYfBFz98i3rBsDoXzKUNrM=
5,-11,04lnkGuMwyBUgYJiO76USsdYRr0=,L63OMLYfBFz98i3rBsDoXzKUNrM=
8,-10,04lnkGuMwyBUgYJiO76USsdYRr0=,MdsWe+Hmb24ntoNwCL/Kw36+zbA=
6,-10,04lnkGuMwyBUgYJiO76USsdYRr0=,L63OMLYfBFz98i3rBsDoXzKUNrM=
6,-12,04lnkGuMwyBUgYJiO76USsdYRr0=,L63OMLYfBFz98i3rBsDoXzKUNrM=
9,-8,04lnkGuMwyBUgYJiO76USsdYRr0=,/2SkXKoDIRBJ6aFI3kxdvg0hQmo=
8,-11,04lnkGuMwyBUgYJiO76USsdYRr0=,MdsWe+Hmb24ntoNwCL/Kw36+zbA=
12,-5,04lnkGuMwyBUgYJiO76USsdYRr0=,/2SkXKoDIRBJ6aFI3kxdvg0hQmo=
4,-10,04lnkGuMwyBUgYJiO76USsdYRr0=,L63OMLYfBFz98i3rBsDoXzKUNrM=
11,-5,04lnkGuMwyBUgYJiO76USsdYRr0=,/2SkXKoDIRBJ6aFI3kxdvg0hQmo=
6,-11,04lnkGuMwyBUgYJiO76USsdYRr0=,L63OMLYfBFz98i3rBsDoXzKUNrM=
7,-11,04lnkGuMwyBUgYJiO76USsdYRr0=,L63OMLYfBFz98i3rBsDoXzKUNrM=
5,-10,04lnkGuMwyBUgYJiO76USsdYRr0=,L63OMLYfBFz98i3rBsDoXzKUNrM=
4,-8,04lnkGuMwyBUgYJiO76USsdYRr0=,/Zxxiqy2GvIRzg/iT4f9JfJc02c=
8,-9,04lnkGuMwyBUgYJiO76USsdYRr0=,MdsWe+Hmb24ntoNwCL/Kw36+zbA=
5,-8,04lnkGuMwyBUgYJiO76USsdYRr0=,/Zxxiqy2GvIRzg/iT4f9JfJc02c=
6,-8,04lnkGuMwyBUgYJiO76USsdYRr0=,/Zxxiqy2GvIRzg/iT4f9JfJc02c=
4,-7,04lnkGuMwyBUgYJiO76USsdYRr0=,/Zxxiqy2GvIRzg/iT4f9JfJc02c=
9,-9,04lnkGuMwyBUgYJiO76USsdYRr0=,MdsWe+Hmb24ntoNwCL/Kw36+zbA=
9,-10,04lnkGuMwyBUgYJiO76USsdYRr0=,MdsWe+Hmb24ntoNwCL/Kw36+zbA=
5,-6,04lnkGuMwyBUgYJiO76USsdYRr0=,/Zxxiqy2GvIRzg/iT4f9JfJc02c=
6,-7,04lnkGuMwyBUgYJiO76USsdYRr0=,/Zxxiqy2GvIRzg/iT4f9JfJc02c=
4,-6,04lnkGuMwyBUgYJiO76USsdYRr0=,/Zxxiqy2GvIRzg/iT4f9JfJc02c=
10,-9,04lnkGuMwyBUgYJiO76USsdYRr0=,MdsWe+Hmb24ntoNwCL/Kw36+zbA=
7,-7,04lnkGuMwyBUgYJiO76USsdYRr0=,/Zxxiqy2GvIRzg/iT4f9JfJc02c=
6,-5,04lnkGuMwyBUgYJiO76USsdYRr0=,/Zxxiqy2GvIRzg/iT4f9JfJc02c=
11,-9,04lnkGuMwyBUgYJiO76USsdYRr0=,MdsWe+Hmb24ntoNwCL/Kw36+zbA=
5,-5,04lnkGuMwyBUgYJiO76USsdYRr0=,/Zxxiqy2GvIRzg/iT4f9JfJc02c=
6,-6,04lnkGuMwyBUgYJiO76USsdYRr0=,/Zxxiqy2GvIRzg/iT4f9JfJc02c=
4,-5,04lnkGuMwyBUgYJiO76USsdYRr0=,/Zxxiqy2GvIRzg/iT4f9JfJc02c=
8,-5,04lnkGuMwyBUgYJiO76USsdYRr0=,/2SkXKoDIRBJ6aFI3kxdvg0hQmo=
5,-9,04lnkGuMwyBUgYJiO76USsdYRr0=,L63OMLYfBFz98i3rBsDoXzKUNrM=
4,-9,04lnkGuMwyBUgYJiO76USsdYRr0=,L63OMLYfBFz98i3rBsDoXzKUNrM=
5,-7,04lnkGuMwyBUgYJiO76USsdYRr0=,/Zxxiqy2GvIRzg/iT4f9JfJc02c=
10,-8,04lnkGuMwyBUgYJiO76USsdYRr0=,/2SkXKoDIRBJ6aFI3kxdvg0hQmo=
9,-6,04lnkGuMwyBUgYJiO76USsdYRr0=,/2SkXKoDIRBJ6aFI3kxdvg0hQmo=
6,-9,04lnkGuMwyBUgYJiO76USsdYRr0=,L63OMLYfBFz98i3rBsDoXzKUNrM=
11,-7,04lnkGuMwyBUgYJiO76USsdYRr0=,/2SkXKoDIRBJ6aFI3kxdvg0hQmo=
9,-7,04lnkGuMwyBUgYJiO76USsdYRr0=,/2SkXKoDIRBJ6aFI3kxdvg0hQmo=
10,-7,04lnkGuMwyBUgYJiO76USsdYRr0=,/2SkXKoDIRBJ6aFI3kxdvg0hQmo=
15,-3,04lnkGuMwyBUgYJiO76USsdYRr0=,/2SkXKoDIRBJ6aFI3kxdvg0hQmo=
10,-5,04lnkGuMwyBUgYJiO76USsdYRr0=,/2SkXKoDIRBJ6aFI3kxdvg0hQmo=
14,-3,04lnkGuMwyBUgYJiO76USsdYRr0=,/2SkXKoDIRBJ6aFI3kxdvg0hQmo=
15,-2,04lnkGuMwyBUgYJiO76USsdYRr0=,/2SkXKoDIRBJ6aFI3kxdvg0hQmo=
8,-6,04lnkGuMwyBUgYJiO76USsdYRr0=,/2SkXKoDIRBJ6aFI3kxdvg0hQmo=
14,-4,04lnkGuMwyBUgYJiO76USsdYRr0=,/2SkXKoDIRBJ6aFI3kxdvg0hQmo=
11,-8,04lnkGuMwyBUgYJiO76USsdYRr0=,/2SkXKoDIRBJ6aFI3kxdvg0hQmo=
8,-7,04lnkGuMwyBUgYJiO76USsdYRr0=,/2SkXKoDIRBJ6aFI3kxdvg0hQmo=
7,-9,04lnkGuMwyBUgYJiO76USsdYRr0=,L63OMLYfBFz98i3rBsDoXzKUNrM=
10,-6,04lnkGuMwyBUgYJiO76USsdYRr0=,/2SkXKoDIRBJ6aFI3kxdvg0hQmo=
9,-5,04lnkGuMwyBUgYJiO76USsdYRr0=,/2SkXKoDIRBJ6aFI3kxdvg0hQmo=
7,-8,04lnkGuMwyBUgYJiO76USsdYRr0=,/Zxxiqy2GvIRzg/iT4f9JfJc02c=
2,-12,04lnkGuMwyBUgYJiO76USsdYRr0=,L63OMLYfBFz98i3rBsDoXzKUNrM=
2,-11,04lnkGuMwyBUgYJiO76USsdYRr0=,L63OMLYfBFz98i3rBsDoXzKUNrM=
1,-11,04lnkGuMwyBUgYJiO76USsdYRr0=,L63OMLYfBFz98i3rBsDoXzKUNrM=
3,-11,04lnkGuMwyBUgYJiO76USsdYRr0=,L63OMLYfBFz98i3rBsDoXzKUNrM=
3,-10,04lnkGuMwyBUgYJiO76USsdYRr0=,L63OMLYfBFz98i3rBsDoXzKUNrM=
1,-12,04lnkGuMwyBUgYJiO76USsdYRr0=,L63OMLYfBFz98i3rBsDoXzKUNrM=
2,-10,04lnkGuMwyBUgYJiO76USsdYRr0=,L63OMLYfBFz98i3rBsDoXzKUNrM=
1,-10,04lnkGuMwyBUgYJiO76USsdYRr0=,L63OMLYfBFz98i3rBsDoXzKUNrM=
3,-8,04lnkGuMwyBUgYJiO76USsdYRr0=,/Zxxiqy2GvIRzg/iT4f9JfJc02c=
3,-7,04lnkGuMwyBUgYJiO76USsdYRr0=,/Zxxiqy2GvIRzg/iT4f9JfJc02c=
3,-12,04lnkGuMwyBUgYJiO76USsdYRr0=,L63OMLYfBFz98i3rBsDoXzKUNrM=
3,-6,04lnkGuMwyBUgYJiO76USsdYRr0=,/Zxxiqy2GvIRzg/iT4f9JfJc02c=
3,-5,04lnkGuMwyBUgYJiO76USsdYRr0=,/Zxxiqy2GvIRzg/iT4f9JfJc02c=
2,-5,04lnkGuMwyBUgYJiO76USsdYRr0=,/Zxxiqy2GvIRzg/iT4f9JfJc02c=
2,-9,04lnkGuMwyBUgYJiO76USsdYRr0=,L63OMLYfBFz98i3rBsDoXzKUNrM=
1,-9,04lnkGuMwyBUgYJiO76USsdYRr0=,L63OMLYfBFz98i3rBsDoXzKUNrM=
3,-9,04lnkGuMwyBUgYJiO76USsdYRr0=,L63OMLYfBFz98i3rBsDoXzKUNrM=
2,-8,04lnkGuMwyBUgYJiO76USsdYRr0=,/Zxxiqy2GvIRzg/iT4f9JfJc02c=
2,-6,04lnkGuMwyBUgYJiO76USsdYRr0=,/Zxxiqy2GvIRzg/iT4f9JfJc02c=
0,-9,04lnkGuMwyBUgYJiO76USsdYRr0=,L63OMLYfBFz98i3rBsDoXzKUNrM=
0,-10,04lnkGuMwyBUgYJiO76USsdYRr0=,L63OMLYfBFz98i3rBsDoXzKUNrM=
0,-11,04lnkGuMwyBUgYJiO76USsdYRr0=,L63OMLYfBFz98i3rBsDoXzKUNrM=
0,-12,04lnkGuMwyBUgYJiO76USsdYRr0=,L63OMLYfBFz98i3rBsDoXzKUNrM=
1,-6,04lnkGuMwyBUgYJiO76USsdYRr0=,/Zxxiqy2GvIRzg/iT4f9JfJc02c=
2,-7,04lnkGuMwyBUgYJiO76USsdYRr0=,/Zxxiqy2GvIRzg/iT4f9JfJc02c=
12,-8,04lnkGuMwyBUgYJiO76USsdYRr0=,/2SkXKoDIRBJ6aFI3kxdvg0hQmo=
12,-6,04lnkGuMwyBUgYJiO76USsdYRr0=,/2SkXKoDIRBJ6aFI3kxdvg0hQmo=
13,-6,04lnkGuMwyBUgYJiO76USsdYRr0=,/2SkXKoDIRBJ6aFI3kxdvg0hQmo=
13,-8,04lnkGuMwyBUgYJiO76USsdYRr0=,/2SkXKoDIRBJ6aFI3kxdvg0hQmo=
15,-8,04lnkGuMwyBUgYJiO76USsdYRr0=,/2SkXKoDIRBJ6aFI3kxdvg0hQmo=
12,-9,04lnkGuMwyBUgYJiO76USsdYRr0=,MdsWe+Hmb24ntoNwCL/Kw36+zbA=
12,-10,04lnkGuMwyBUgYJiO76USsdYRr0=,MdsWe+Hmb24ntoNwCL/Kw36+zbA=
14,-11,04lnkGuMwyBUgYJiO76USsdYRr0=,MdsWe+Hmb24ntoNwCL/Kw36+zbA=
13,-11,04lnkGuMwyBUgYJiO76USsdYRr0=,MdsWe+Hmb24ntoNwCL/Kw36+zbA=
12,-7,04lnkGuMwyBUgYJiO76USsdYRr0=,/2SkXKoDIRBJ6aFI3kxdvg0hQmo=
12,-11,04lnkGuMwyBUgYJiO76USsdYRr0=,MdsWe+Hmb24ntoNwCL/Kw36+zbA=
12,-12,04lnkGuMwyBUgYJiO76USsdYRr0=,MdsWe+Hmb24ntoNwCL/Kw36+zbA=
13,-7,04lnkGuMwyBUgYJiO76USsdYRr0=,/2SkXKoDIRBJ6aFI3kxdvg0hQmo=
15,-12,04lnkGuMwyBUgYJiO76USsdYRr0=,MdsWe+Hmb24ntoNwCL/Kw36+zbA=
15,-11,04lnkGuMwyBUgYJiO76USsdYRr0=,MdsWe+Hmb24ntoNwCL/Kw36+zbA=
15,-10,04lnkGuMwyBUgYJiO76USsdYRr0=,MdsWe+Hmb24ntoNwCL/Kw36+zbA=
15,-9,04lnkGuMwyBUgYJiO76USsdYRr0=,MdsWe+Hmb24ntoNwCL/Kw36+zbA=
14,-12,04lnkGuMwyBUgYJiO76USsdYRr0=,MdsWe+Hmb24ntoNwCL/Kw36+zbA=
13,-12,04lnkGuMwyBUgYJiO76USsdYRr0=,MdsWe+Hmb24ntoNwCL/Kw36+zbA=
1,-5,04lnkGuMwyBUgYJiO76USsdYRr0=,/Zxxiqy2GvIRzg/iT4f9JfJc02c=
1,-7,04lnkGuMwyBUgYJiO76USsdYRr0=,/Zxxiqy2GvIRzg/iT4f9JfJc02c=
0,-6,04lnkGuMwyBUgYJiO76USsdYRr0=,/Zxxiqy2GvIRzg/iT4f9JfJc02c=
7,-16,04lnkGuMwyBUgYJiO76USsdYRr0=,L63OMLYfBFz98i3rBsDoXzKUNrM=
8,-16,04lnkGuMwyBUgYJiO76USsdYRr0=,MdsWe+Hmb24ntoNwCL/Kw36+zbA=
6,-16,04lnkGuMwyBUgYJiO76USsdYRr0=,L63OMLYfBFz98i3rBsDoXzKUNrM=
11,-16,04lnkGuMwyBUgYJiO76USsdYRr0=,MdsWe+Hmb24ntoNwCL/Kw36+zbA=
7,-13,04lnkGuMwyBUgYJiO76USsdYRr0=,L63OMLYfBFz98i3rBsDoXzKUNrM=
4,-15,04lnkGuMwyBUgYJiO76USsdYRr0=,L63OMLYfBFz98i3rBsDoXzKUNrM=
4,-16,04lnkGuMwyBUgYJiO76USsdYRr0=,L63OMLYfBFz98i3rBsDoXzKUNrM=
6,-15,04lnkGuMwyBUgYJiO76USsdYRr0=,L63OMLYfBFz98i3rBsDoXzKUNrM=
5,-16,04lnkGuMwyBUgYJiO76USsdYRr0=,L63OMLYfBFz98i3rBsDoXzKUNrM=
10,-16,04lnkGuMwyBUgYJiO76USsdYRr0=,MdsWe+Hmb24ntoNwCL/Kw36+zbA=
7,-15,04lnkGuMwyBUgYJiO76USsdYRr0=,L63OMLYfBFz98i3rBsDoXzKUNrM=
9,-16,04lnkGuMwyBUgYJiO76USsdYRr0=,MdsWe+Hmb24ntoNwCL/Kw36+zbA=
1,-8,04lnkGuMwyBUgYJiO76USsdYRr0=,/Zxxiqy2GvIRzg/iT4f9JfJc02c=
8,-13,04lnkGuMwyBUgYJiO76USsdYRr0=,MdsWe+Hmb24ntoNwCL/Kw36+zbA=
4,-14,04lnkGuMwyBUgYJiO76USsdYRr0=,L63OMLYfBFz98i3rBsDoXzKUNrM=
8,-14,04lnkGuMwyBUgYJiO76USsdYRr0=,MdsWe+Hmb24ntoNwCL/Kw36+zbA=
9,-15,04lnkGuMwyBUgYJiO76USsdYRr0=,MdsWe+Hmb24ntoNwCL/Kw36+zbA=
6,-14,04lnkGuMwyBUgYJiO76USsdYRr0=,L63OMLYfBFz98i3rBsDoXzKUNrM=
6,-13,04lnkGuMwyBUgYJiO76USsdYRr0=,L63OMLYfBFz98i3rBsDoXzKUNrM=
10,-15,04lnkGuMwyBUgYJiO76USsdYRr0=,MdsWe+Hmb24ntoNwCL/Kw36+zbA=
5,-13,04lnkGuMwyBUgYJiO76USsdYRr0=,L63OMLYfBFz98i3rBsDoXzKUNrM=
8,-15,04lnkGuMwyBUgYJiO76USsdYRr0=,MdsWe+Hmb24ntoNwCL/Kw36+zbA=
5,-14,04lnkGuMwyBUgYJiO76USsdYRr0=,L63OMLYfBFz98i3rBsDoXzKUNrM=
4,-13,04lnkGuMwyBUgYJiO76USsdYRr0=,L63OMLYfBFz98i3rBsDoXzKUNrM=
9,-14,04lnkGuMwyBUgYJiO76USsdYRr0=,MdsWe+Hmb24ntoNwCL/Kw36+zbA=
11,-13,04lnkGuMwyBUgYJiO76USsdYRr0=,MdsWe+Hmb24ntoNwCL/Kw36+zbA=
10,-13,04lnkGuMwyBUgYJiO76USsdYRr0=,MdsWe+Hmb24ntoNwCL/Kw36+zbA=
9,-13,04lnkGuMwyBUgYJiO76USsdYRr0=,MdsWe+Hmb24ntoNwCL/Kw36+zbA=
11,-14,04lnkGuMwyBUgYJiO76USsdYRr0=,MdsWe+Hmb24ntoNwCL/Kw36+zbA=
10,-14,04lnkGuMwyBUgYJiO76USsdYRr0=,MdsWe+Hmb24ntoNwCL/Kw36+zbA=
11,-15,04lnkGuMwyBUgYJiO76USsdYRr0=,MdsWe+Hmb24ntoNwCL/Kw36+zbA=
7,-14,04lnkGuMwyBUgYJiO76USsdYRr0=,L63OMLYfBFz98i3rBsDoXzKUNrM=
0,-5,04lnkGuMwyBUgYJiO76USsdYRr0=,/Zxxiqy2GvIRzg/iT4f9JfJc02c=
7,-1,04lnkGuMwyBUgYJiO76USsdYRr0=,/Zxxiqy2GvIRzg/iT4f9JfJc02c=
11,-4,04lnkGuMwyBUgYJiO76USsdYRr0=,/2SkXKoDIRBJ6aFI3kxdvg0hQmo=
9,-4,04lnkGuMwyBUgYJiO76USsdYRr0=,/2SkXKoDIRBJ6aFI3kxdvg0hQmo=
4,-2,04lnkGuMwyBUgYJiO76USsdYRr0=,/Zxxiqy2GvIRzg/iT4f9JfJc02c=
10,-3,04lnkGuMwyBUgYJiO76USsdYRr0=,/2SkXKoDIRBJ6aFI3kxdvg0hQmo=
11,-3,04lnkGuMwyBUgYJiO76USsdYRr0=,/2SkXKoDIRBJ6aFI3kxdvg0hQmo=
6,-2,04lnkGuMwyBUgYJiO76USsdYRr0=,/Zxxiqy2GvIRzg/iT4f9JfJc02c=
5,-2,04lnkGuMwyBUgYJiO76USsdYRr0=,/Zxxiqy2GvIRzg/iT4f9JfJc02c=
9,-3,04lnkGuMwyBUgYJiO76USsdYRr0=,/2SkXKoDIRBJ6aFI3kxdvg0hQmo=
11,-1,04lnkGuMwyBUgYJiO76USsdYRr0=,/2SkXKoDIRBJ6aFI3kxdvg0hQmo=
5,-1,04lnkGuMwyBUgYJiO76USsdYRr0=,/Zxxiqy2GvIRzg/iT4f9JfJc02c=
8,-3,04lnkGuMwyBUgYJiO76USsdYRr0=,/2SkXKoDIRBJ6aFI3kxdvg0hQmo=
11,-2,04lnkGuMwyBUgYJiO76USsdYRr0=,/2SkXKoDIRBJ6aFI3kxdvg0hQmo=
10,-2,04lnkGuMwyBUgYJiO76USsdYRr0=,/2SkXKoDIRBJ6aFI3kxdvg0hQmo=
4,-1,04lnkGuMwyBUgYJiO76USsdYRr0=,/Zxxiqy2GvIRzg/iT4f9JfJc02c=
10,-1,04lnkGuMwyBUgYJiO76USsdYRr0=,/2SkXKoDIRBJ6aFI3kxdvg0hQmo=
6,-1,04lnkGuMwyBUgYJiO76USsdYRr0=,/Zxxiqy2GvIRzg/iT4f9JfJc02c=
8,-4,04lnkGuMwyBUgYJiO76USsdYRr0=,/2SkXKoDIRBJ6aFI3kxdvg0hQmo=
4,-4,04lnkGuMwyBUgYJiO76USsdYRr0=,/Zxxiqy2GvIRzg/iT4f9JfJc02c=
6,-4,04lnkGuMwyBUgYJiO76USsdYRr0=,/Zxxiqy2GvIRzg/iT4f9JfJc02c=
8,-2,04lnkGuMwyBUgYJiO76USsdYRr0=,/2SkXKoDIRBJ6aFI3kxdvg0hQmo=
9,-1,04lnkGuMwyBUgYJiO76USsdYRr0=,/2SkXKoDIRBJ6aFI3kxdvg0hQmo=
8,-1,04lnkGuMwyBUgYJiO76USsdYRr0=,/2SkXKoDIRBJ6aFI3kxdvg0hQmo=
6,-3,04lnkGuMwyBUgYJiO76USsdYRr0=,/Zxxiqy2GvIRzg/iT4f9JfJc02c=
5,-3,04lnkGuMwyBUgYJiO76USsdYRr0=,/Zxxiqy2GvIRzg/iT4f9JfJc02c=
7,-3,04lnkGuMwyBUgYJiO76USsdYRr0=,/Zxxiqy2GvIRzg/iT4f9JfJc02c=
4,-3,04lnkGuMwyBUgYJiO76USsdYRr0=,/Zxxiqy2GvIRzg/iT4f9JfJc02c=
9,-2,04lnkGuMwyBUgYJiO76USsdYRr0=,/2SkXKoDIRBJ6aFI3kxdvg0hQmo=
7,-4,04lnkGuMwyBUgYJiO76USsdYRr0=,/Zxxiqy2GvIRzg/iT4f9JfJc02c=
5,-4,04lnkGuMwyBUgYJiO76USsdYRr0=,/Zxxiqy2GvIRzg/iT4f9JfJc02c=
7,-2,04lnkGuMwyBUgYJiO76USsdYRr0=,/Zxxiqy2GvIRzg/iT4f9JfJc02c=
12,-1,04lnkGuMwyBUgYJiO76USsdYRr0=,/2SkXKoDIRBJ6aFI3kxdvg0hQmo=
13,-1,04lnkGuMwyBUgYJiO76USsdYRr0=,/2SkXKoDIRBJ6aFI3kxdvg0hQmo=
14,-1,04lnkGuMwyBUgYJiO76USsdYRr0=,/2SkXKoDIRBJ6aFI3kxdvg0hQmo=
12,-2,04lnkGuMwyBUgYJiO76USsdYRr0=,/2SkXKoDIRBJ6aFI3kxdvg0hQmo=
12,-4,04lnkGuMwyBUgYJiO76USsdYRr0=,/2SkXKoDIRBJ6aFI3kxdvg0hQmo=
12,-3,04lnkGuMwyBUgYJiO76USsdYRr0=,/2SkXKoDIRBJ6aFI3kxdvg0hQmo=
15,-1,04lnkGuMwyBUgYJiO76USsdYRr0=,/2SkXKoDIRBJ6aFI3kxdvg0hQmo=
13,-3,04lnkGuMwyBUgYJiO76USsdYRr0=,/2SkXKoDIRBJ6aFI3kxdvg0hQmo=
14,-16,04lnkGuMwyBUgYJiO76USsdYRr0=,MdsWe+Hmb24ntoNwCL/Kw36+zbA=
13,-2,04lnkGuMwyBUgYJiO76USsdYRr0=,/2SkXKoDIRBJ6aFI3kxdvg0hQmo=
13,-16,04lnkGuMwyBUgYJiO76USsdYRr0=,MdsWe+Hmb24ntoNwCL/Kw36+zbA=
12,-16,04lnkGuMwyBUgYJiO76USsdYRr0=,MdsWe+Hmb24ntoNwCL/Kw36+zbA=
15,-13,04lnkGuMwyBUgYJiO76USsdYRr0=,MdsWe+Hmb24ntoNwCL/Kw36+zbA=
15,-14,04lnkGuMwyBUgYJiO76USsdYRr0=,MdsWe+Hmb24ntoNwCL/Kw36+zbA=
12,-15,04lnkGuMwyBUgYJiO76USsdYRr0=,MdsWe+Hmb24ntoNwCL/Kw36+zbA=
15,-16,04lnkGuMwyBUgYJiO76USsdYRr0=,MdsWe+Hmb24ntoNwCL/Kw36+zbA=
14,-15,04lnkGuMwyBUgYJiO76USsdYRr0=,MdsWe+Hmb24ntoNwCL/Kw36+zbA=
13,-15,04lnkGuMwyBUgYJiO76USsdYRr0=,MdsWe+Hmb24ntoNwCL/Kw36+zbA=
15,-15,04lnkGuMwyBUgYJiO76USsdYRr0=,MdsWe+Hmb24ntoNwCL/Kw36+zbA=
12,-14,04lnkGuMwyBUgYJiO76USsdYRr0=,MdsWe+Hmb24ntoNwCL/Kw36+zbA=
14,-14,04lnkGuMwyBUgYJiO76USsdYRr0=,MdsWe+Hmb24ntoNwCL/Kw36+zbA=
13,-14,04lnkGuMwyBUgYJiO76USsdYRr0=,MdsWe+Hmb24ntoNwCL/Kw36+zbA=
14,-13,04lnkGuMwyBUgYJiO76USsdYRr0=,MdsWe+Hmb24ntoNwCL/Kw36+zbA=
12,-13,04lnkGuMwyBUgYJiO76USsdYRr0=,MdsWe+Hmb24ntoNwCL/Kw36+zbA=
0,-7,04lnkGuMwyBUgYJiO76USsdYRr0=,/Zxxiqy2GvIRzg/iT4f9JfJc02c=
13,-13,04lnkGuMwyBUgYJiO76USsdYRr0=,MdsWe+Hmb24ntoNwCL/Kw36+zbA=
0,-16,04lnkGuMwyBUgYJiO76USsdYRr0=,L63OMLYfBFz98i3rBsDoXzKUNrM=
3,-15,04lnkGuMwyBUgYJiO76USsdYRr0=,L63OMLYfBFz98i3rBsDoXzKUNrM=
1,-15,04lnkGuMwyBUgYJiO76USsdYRr0=,L63OMLYfBFz98i3rBsDoXzKUNrM=
1,-16,04lnkGuMwyBUgYJiO76USsdYRr0=,L63OMLYfBFz98i3rBsDoXzKUNrM=
1,-14,04lnkGuMwyBUgYJiO76USsdYRr0=,L63OMLYfBFz98i3rBsDoXzKUNrM=
2,-14,04lnkGuMwyBUgYJiO76USsdYRr0=,L63OMLYfBFz98i3rBsDoXzKUNrM=
2,-16,04lnkGuMwyBUgYJiO76USsdYRr0=,L63OMLYfBFz98i3rBsDoXzKUNrM=
3,-14,04lnkGuMwyBUgYJiO76USsdYRr0=,L63OMLYfBFz98i3rBsDoXzKUNrM=
1,-13,04lnkGuMwyBUgYJiO76USsdYRr0=,L63OMLYfBFz98i3rBsDoXzKUNrM=
2,-13,04lnkGuMwyBUgYJiO76USsdYRr0=,L63OMLYfBFz98i3rBsDoXzKUNrM=
3,-16,04lnkGuMwyBUgYJiO76USsdYRr0=,L63OMLYfBFz98i3rBsDoXzKUNrM=
3,-13,04lnkGuMwyBUgYJiO76USsdYRr0=,L63OMLYfBFz98i3rBsDoXzKUNrM=
2,-15,04lnkGuMwyBUgYJiO76USsdYRr0=,L63OMLYfBFz98i3rBsDoXzKUNrM=
0,-14,04lnkGuMwyBUgYJiO76USsdYRr0=,L63OMLYfBFz98i3rBsDoXzKUNrM=
0,-15,04lnkGuMwyBUgYJiO76USsdYRr0=,L63OMLYfBFz98i3rBsDoXzKUNrM=
0,-13,04lnkGuMwyBUgYJiO76USsdYRr0=,L63OMLYfBFz98i3rBsDoXzKUNrM=
2,-1,04lnkGuMwyBUgYJiO76USsdYRr0=,/Zxxiqy2GvIRzg/iT4f9JfJc02c=
3,-1,04lnkGuMwyBUgYJiO76USsdYRr0=,/Zxxiqy2GvIRzg/iT4f9JfJc02c=
3,-4,04lnkGuMwyBUgYJiO76USsdYRr0=,/Zxxiqy2GvIRzg/iT4f9JfJc02c=
2,-4,04lnkGuMwyBUgYJiO76USsdYRr0=,/Zxxiqy2GvIRzg/iT4f9JfJc02c=
1,-3,04lnkGuMwyBUgYJiO76USsdYRr0=,/Zxxiqy2GvIRzg/iT4f9JfJc02c=
2,-3,04lnkGuMwyBUgYJiO76USsdYRr0=,/Zxxiqy2GvIRzg/iT4f9JfJc02c=
3,-3,04lnkGuMwyBUgYJiO76USsdYRr0=,/Zxxiqy2GvIRzg/iT4f9JfJc02c=
1,-1,04lnkGuMwyBUgYJiO76USsdYRr0=,/Zxxiqy2GvIRzg/iT4f9JfJc02c=
0,-1,04lnkGuMwyBUgYJiO76USsdYRr0=,/Zxxiqy2GvIRzg/iT4f9JfJc02c=
2,-2,04lnkGuMwyBUgYJiO76USsdYRr0=,/Zxxiqy2GvIRzg/iT4f9JfJc02c=
1,-4,04lnkGuMwyBUgYJiO76USsdYRr0=,/Zxxiqy2GvIRzg/iT4f9JfJc02c=
3,-2,04lnkGuMwyBUgYJiO76USsdYRr0=,/Zxxiqy2GvIRzg/iT4f9JfJc02c=
1,-2,04lnkGuMwyBUgYJiO76USsdYRr0=,/Zxxiqy2GvIRzg/iT4f9JfJc02c=
0,-2,04lnkGuMwyBUgYJiO76USsdYRr0=,/Zxxiqy2GvIRzg/iT4f9JfJc02c=
0,-3,04lnkGuMwyBUgYJiO76USsdYRr0=,/Zxxiqy2GvIRzg/iT4f9JfJc02c=
0,-8,04lnkGuMwyBUgYJiO76USsdYRr0=,/Zxxiqy2GvIRzg/iT4f9JfJc02c=
0,-4,04lnkGuMwyBUgYJiO76USsdYRr0=,/Zxxiqy2GvIRzg/iT4f9JfJc02c=
