-49,-39,RNzEyfRpZWCkXaQE6HHphwLUH10=,UAcx2eVjQMuKHiYZxJPCAbUH7zo=
-49,-37,RNzEyfRpZWCkXaQE6HHphwLUH10=,UAcx2eVjQMuKHiYZxJPCAbUH7zo=
-52,-39,RNzEyfRpZWCkXaQE6HHphwLUH10=,UAcx2eVjQMuKHiYZxJPCAbUH7zo=
-51,-39,RNzEyfRpZWCkXaQE6HHphwLUH10=,UAcx2eVjQMuKHiYZxJPCAbUH7zo=
-52,-40,RNzEyfRpZWCkXaQE6HHphwLUH10=,UAcx2eVjQMuKHiYZxJPCAbUH7zo=
-50,-40,RNzEyfRpZWCkXaQE6HHphwLUH10=,UAcx2eVjQMuKHiYZxJPCAbUH7zo=
-52,-38,RNzEyfRpZWCkXaQE6HHphwLUH10=,UAcx2eVjQMuKHiYZxJPCAbUH7zo=
-50,-39,RNzEyfRpZWCkXaQE6HHphwLUH10=,UAcx2eVjQMuKHiYZxJPCAbUH7zo=
-51,-40,RNzEyfRpZWCkXaQE6HHphwLUH10=,UAcx2eVjQMuKHiYZxJPCAbUH7zo=
-49,-38,RNzEyfRpZWCkXaQE6HHphwLUH10=,UAcx2eVjQMuKHiYZxJPCAbUH7zo=
-49,-40,RNzEyfRpZWCkXaQE6HHphwLUH10=,UAcx2eVjQMuKHiYZxJPCAbUH7zo=
-52,-37,RNzEyfRpZWCkXaQE6HHphwLUH10=,UAcx2eVjQMuKHiYZxJPCAbUH7zo=
-51,-38,RNzEyfRpZWCkXaQE6HHphwLUH10=,UAcx2eVjQMuKHiYZxJPCAbUH7zo=
-51,-37,RNzEyfRpZWCkXaQE6HHphwLUH10=,UAcx2eVjQMuKHiYZxJPCAbUH7zo=
-50,-37,RNzEyfRpZWCkXaQE6HHphwLUH10=,UAcx2eVjQMuKHiYZxJPCAbUH7zo=
-50,-38,RNzEyfRpZWCkXaQE6HHphwLUH10=,UAcx2eVjQMuKHiYZxJPCAbUH7zo=
