-2,2,U4Nb73bQPovrJ5JtepAuT8kutQQ=,UU/Gogru9tutOQwh8o5WiRfyGGM=
-4,2,U4Nb73bQPovrJ5JtepAuT8kutQQ=,u6V9GYdR5vKx9fY3+ZE43qlHvj8=
-4,1,U4Nb73bQPovrJ5JtepAuT8kutQQ=,uv2MHyi9wWmetgI3P8WeVzKUg+o=
-3,2,U4Nb73bQPovrJ5JtepAuT8kutQQ=,u6V9GYdR5vKx9fY3+ZE43qlHvj8=
-2,1,U4Nb73bQPovrJ5JtepAuT8kutQQ=,9RhUegdiKyzfYmYtRuClsTFBpRk=
-2,3,U4Nb73bQPovrJ5JtepAuT8kutQQ=,UU/Gogru9tutOQwh8o5WiRfyGGM=
-3,3,U4Nb73bQPovrJ5JtepAuT8kutQQ=,u6V9GYdR5vKx9fY3+ZE43qlHvj8=
-4,3,U4Nb73bQPovrJ5JtepAuT8kutQQ=,u6V9GYdR5vKx9fY3+ZE43qlHvj8=
-1,3,U4Nb73bQPovrJ5JtepAuT8kutQQ=,UU/Gogru9tutOQwh8o5WiRfyGGM=
-4,0,U4Nb73bQPovrJ5JtepAuT8kutQQ=,uv2MHyi9wWmetgI3P8WeVzKUg+o=
-3,1,U4Nb73bQPovrJ5JtepAuT8kutQQ=,uv2MHyi9wWmetgI3P8WeVzKUg+o=
-1,1,U4Nb73bQPovrJ5JtepAuT8kutQQ=,9RhUegdiKyzfYmYtRuClsTFBpRk=
-1,2,U4Nb73bQPovrJ5JtepAuT8kutQQ=,UU/Gogru9tutOQwh8o5WiRfyGGM=
-2,0,U4Nb73bQPovrJ5JtepAuT8kutQQ=,9RhUegdiKyzfYmYtRuClsTFBpRk=
-1,0,U4Nb73bQPovrJ5JtepAuT8kutQQ=,9RhUegdiKyzfYmYtRuClsTFBpRk=
-3,0,U4Nb73bQPovrJ5JtepAuT8kutQQ=,uv2MHyi9wWmetgI3P8WeVzKUg+o=
