-30,42,x+q6cuT18NdpJvAqE732uSLX130=,mQijI4zEgYhRTHYMy/M9VdmYtcE=
-30,43,x+q6cuT18NdpJvAqE732uSLX130=,mQijI4zEgYhRTHYMy/M9VdmYtcE=
-28,44,x+q6cuT18NdpJvAqE732uSLX130=,mQijI4zEgYhRTHYMy/M9VdmYtcE=
-28,40,x+q6cuT18NdpJvAqE732uSLX130=,8r+2/AnIQwMZWWBJAjYU1QkQt3k=
-28,41,x+q6cuT18NdpJvAqE732uSLX130=,a8Pd2tjvSopsAr3f8cE7u2/VdTg=
-28,42,x+q6cuT18NdpJvAqE732uSLX130=,415T57M2l97UXwLtfB5a9enYaLY=
-28,43,x+q6cuT18NdpJvAqE732uSLX130=,mQijI4zEgYhRTHYMy/M9VdmYtcE=
-29,43,x+q6cuT18NdpJvAqE732uSLX130=,mQijI4zEgYhRTHYMy/M9VdmYtcE=
-29,42,x+q6cuT18NdpJvAqE732uSLX130=,tJwXTvtoC3fDB0BG8dK6jsvvp4A=
-29,41,x+q6cuT18NdpJvAqE732uSLX130=,T5709VG7/klZMktFzBlaZkUiSFk=
-29,40,x+q6cuT18NdpJvAqE732uSLX130=,s83/i99FGaCtuZ8VLzpGulcDoeY=
-29,44,x+q6cuT18NdpJvAqE732uSLX130=,mQijI4zEgYhRTHYMy/M9VdmYtcE=
-26,42,x+q6cuT18NdpJvAqE732uSLX130=,0PE5DM+rEhmDJqQdnxgJZE7dgtQ=
-26,43,x+q6cuT18NdpJvAqE732uSLX130=,61GpSWPFYfJEEPumL0JyzkDePRY=
-26,40,x+q6cuT18NdpJvAqE732uSLX130=,mQijI4zEgYhRTHYMy/M9VdmYtcE=
-26,41,x+q6cuT18NdpJvAqE732uSLX130=,mQijI4zEgYhRTHYMy/M9VdmYtcE=
-27,44,x+q6cuT18NdpJvAqE732uSLX130=,mQijI4zEgYhRTHYMy/M9VdmYtcE=
-27,41,x+q6cuT18NdpJvAqE732uSLX130=,5ZKlFW9PyW6972UlYeeuXzgSP/I=
-27,40,x+q6cuT18NdpJvAqE732uSLX130=,NnTRLuYxEImsCOZvSwRBgClRMGM=
-27,43,x+q6cuT18NdpJvAqE732uSLX130=,tJwXTvtoC3fDB0BG8dK6jsvvp4A=
-27,42,x+q6cuT18NdpJvAqE732uSLX130=,lZ0g8vnwMebdf/+ZOh9ZG9nXyfg=
-25,42,x+q6cuT18NdpJvAqE732uSLX130=,mQijI4zEgYhRTHYMy/M9VdmYtcE=
-25,41,x+q6cuT18NdpJvAqE732uSLX130=,mQijI4zEgYhRTHYMy/M9VdmYtcE=
-25,40,x+q6cuT18NdpJvAqE732uSLX130=,mQijI4zEgYhRTHYMy/M9VdmYtcE=
