0,0,Icevz799YNh4XSqsQb8v4Xg+AbU=,aviX50s3qmHq3n2xbRm/NeRdAho=
0,1,Icevz799YNh4XSqsQb8v4Xg+AbU=,LDvjlUfCJN88eQ3LTSBg6stjZxA=
0,2,Icevz799YNh4XSqsQb8v4Xg+AbU=,+VoPodWjjJ9egsqt7WzqU2JuzoA=
0,3,Icevz799YNh4XSqsQb8v4Xg+AbU=,VD2RDgsD6h+JKx5vtYDFUlcK5Fo=
0,4,Icevz799YNh4XSqsQb8v4Xg+AbU=,rnmzkxY2bDswHu5HnKMkc83NtyU=
0,5,Icevz799YNh4XSqsQb8v4Xg+AbU=,AoiyaNXgwDA1CRZ5G11AbTGDLtg=
0,6,Icevz799YNh4XSqsQb8v4Xg+AbU=,wn3uArT06DypeOvBAoQKFkwPAgk=
0,7,Icevz799YNh4XSqsQb8v4Xg+AbU=,zlo+ShmYZ36LXLFxs5qjrt3jmTM=
0,8,Icevz799YNh4XSqsQb8v4Xg+AbU=,j4uAR1IN8vYHVX9sqSfsFvDXVWg=
0,9,Icevz799YNh4XSqsQb8v4Xg+AbU=,j4uAR1IN8vYHVX9sqSfsFvDXVWg=
0,11,Icevz799YNh4XSqsQb8v4Xg+AbU=,j4uAR1IN8vYHVX9sqSfsFvDXVWg=
0,20,Icevz799YNh4XSqsQb8v4Xg+AbU=,ZiccwpKrzQ6DipWPrgiuEfZ7sCQ=
0,21,Icevz799YNh4XSqsQb8v4Xg+AbU=,ZiccwpKrzQ6DipWPrgiuEfZ7sCQ=
1,1,Icevz799YNh4XSqsQb8v4Xg+AbU=,lvUHDemlmboDjKfbtm4rq4IYTL8=
1,0,Icevz799YNh4XSqsQb8v4Xg+AbU=,09TRoZmZfGiZi8yEQRKrKctN2io=
1,3,Icevz799YNh4XSqsQb8v4Xg+AbU=,eYG9a3FWFyWW1M+TG1Ptk3s3/aY=
1,2,Icevz799YNh4XSqsQb8v4Xg+AbU=,atNiJoJVv4AVAcrLeMj9X5+klSE=
1,5,Icevz799YNh4XSqsQb8v4Xg+AbU=,pEDdtfBAIjFoHQKc7FrlFbqD50w=
1,4,Icevz799YNh4XSqsQb8v4Xg+AbU=,oFbq5pjxavuKMMWCx1ysxKQ6RVg=
1,7,Icevz799YNh4XSqsQb8v4Xg+AbU=,Yhif8MfnTuR8MlDeV7iT2cJ67Vc=
1,6,Icevz799YNh4XSqsQb8v4Xg+AbU=,aoSgbOAEImZOV0Ce3C3JgilUm/g=
1,8,Icevz799YNh4XSqsQb8v4Xg+AbU=,j4uAR1IN8vYHVX9sqSfsFvDXVWg=
1,11,Icevz799YNh4XSqsQb8v4Xg+AbU=,j4uAR1IN8vYHVX9sqSfsFvDXVWg=
1,10,Icevz799YNh4XSqsQb8v4Xg+AbU=,j4uAR1IN8vYHVX9sqSfsFvDXVWg=
1,21,Icevz799YNh4XSqsQb8v4Xg+AbU=,ZiccwpKrzQ6DipWPrgiuEfZ7sCQ=
1,20,Icevz799YNh4XSqsQb8v4Xg+AbU=,ZiccwpKrzQ6DipWPrgiuEfZ7sCQ=
2,2,Icevz799YNh4XSqsQb8v4Xg+AbU=,eckz2GYeOZzmk9PkiXZHy3s/6fM=
2,3,Icevz799YNh4XSqsQb8v4Xg+AbU=,hgx0YWmGu2R3R1KNU6QdU5UcfsI=
2,0,Icevz799YNh4XSqsQb8v4Xg+AbU=,w3zqXSsksx0aiUUnV0JxvHA9DZU=
2,1,Icevz799YNh4XSqsQb8v4Xg+AbU=,Z3KUNgKx+J74XTN65oVuXGeyjyE=
2,6,PqTpe6MXZ5PTep7Kr01kZ1qTWOY=,FNX90/1dW4rBC1ZEvzBlZ2ZehuA=
2,7,PqTpe6MXZ5PTep7Kr01kZ1qTWOY=,0PmkvhqOm5BmeWDayUdSTeTcP5Q=
2,4,PqTpe6MXZ5PTep7Kr01kZ1qTWOY=,bDttWig8DjD/6zDLq1edCXu/TW8=
2,5,PqTpe6MXZ5PTep7Kr01kZ1qTWOY=,grGPdqgcROsv3f22BnHZ7vTu6RA=
2,8,PqTpe6MXZ5PTep7Kr01kZ1qTWOY=,j4uAR1IN8vYHVX9sqSfsFvDXVWg=
2,9,PqTpe6MXZ5PTep7Kr01kZ1qTWOY=,j4uAR1IN8vYHVX9sqSfsFvDXVWg=
2,21,PqTpe6MXZ5PTep7Kr01kZ1qTWOY=,ZiccwpKrzQ6DipWPrgiuEfZ7sCQ=
3,3,PqTpe6MXZ5PTep7Kr01kZ1qTWOY=,eF0G4xFvt0UfT6JL/bVNnLQAkA4=
3,2,PqTpe6MXZ5PTep7Kr01kZ1qTWOY=,eF0G4xFvt0UfT6JL/bVNnLQAkA4=
3,1,PqTpe6MXZ5PTep7Kr01kZ1qTWOY=,SD/dzurUI7/GcSXIPeLG5I48j+g=
3,0,PqTpe6MXZ5PTep7Kr01kZ1qTWOY=,Staoou1ucZ/KmjWIuEvuL4/+m7I=
3,6,PqTpe6MXZ5PTep7Kr01kZ1qTWOY=,DdEHMCWBNcYfyB2pXi/6zSGUGLk=
3,5,PqTpe6MXZ5PTep7Kr01kZ1qTWOY=,DdEHMCWBNcYfyB2pXi/6zSGUGLk=
3,4,PqTpe6MXZ5PTep7Kr01kZ1qTWOY=,oyAuYuy8YIR/s+qVkrJ8HjZPqi8=
4,4,PqTpe6MXZ5PTep7Kr01kZ1qTWOY=,rnAc36v7cGBtP8PctrnJ+bIKUqc=
4,6,PqTpe6MXZ5PTep7Kr01kZ1qTWOY=,DdEHMCWBNcYfyB2pXi/6zSGUGLk=
4,7,PqTpe6MXZ5PTep7Kr01kZ1qTWOY=,7X2nyini6G6xXtehcwa2qET7B8k=
4,0,PqTpe6MXZ5PTep7Kr01kZ1qTWOY=,Staoou1ucZ/KmjWIuEvuL4/+m7I=
4,1,PqTpe6MXZ5PTep7Kr01kZ1qTWOY=,Irff/BWJNES5HphvucHb9HDtFrk=
4,2,PqTpe6MXZ5PTep7Kr01kZ1qTWOY=,oritR6705PUdVKYHdim9Vt33FUA=
4,3,PqTpe6MXZ5PTep7Kr01kZ1qTWOY=,mr6GswJbroKAqm+JMHexJmtsf60=
4,8,PqTpe6MXZ5PTep7Kr01kZ1qTWOY=,v7k4CmkAet5Swk+ECmygcZIbuew=
4,9,PqTpe6MXZ5PTep7Kr01kZ1qTWOY=,Pcg1T4scvx03xYtpkzq2lCH6Lak=
4,10,VrOD6x5xHL4yilVZTHqOsmaAMCA=,j4uAR1IN8vYHVX9sqSfsFvDXVWg=
4,11,VrOD6x5xHL4yilVZTHqOsmaAMCA=,j4uAR1IN8vYHVX9sqSfsFvDXVWg=
5,7,VrOD6x5xHL4yilVZTHqOsmaAMCA=,TFHe9spVFn1pZPY7DCG5mgktRHA=
5,6,VrOD6x5xHL4yilVZTHqOsmaAMCA=,/ZuWa726r+fs2GpPCW7ULDiu7DE=
5,1,VrOD6x5xHL4yilVZTHqOsmaAMCA=,MKIPIZCRySqh0NtDTUWKlARX1Ts=
5,0,VrOD6x5xHL4yilVZTHqOsmaAMCA=,G94hq5+Nz0F8GgU8j8V2Xb4QDrk=
5,12,VrOD6x5xHL4yilVZTHqOsmaAMCA=,VxGz5EOL4TjGji7o3F33N0Te19c=
5,9,VrOD6x5xHL4yilVZTHqOsmaAMCA=,Pcg1T4scvx03xYtpkzq2lCH6Lak=
5,8,VrOD6x5xHL4yilVZTHqOsmaAMCA=,v7k4CmkAet5Swk+ECmygcZIbuew=
6,7,VrOD6x5xHL4yilVZTHqOsmaAMCA=,ODyZlaSWdWio1l36XId2RNMOcFg=
6,0,VrOD6x5xHL4yilVZTHqOsmaAMCA=,psuM4uc4M3/NBn2U56GXxFSaqUk=
6,1,VrOD6x5xHL4yilVZTHqOsmaAMCA=,aKuYPjWrkYIlkpUG/UhaurBR1Hs=
6,14,VrOD6x5xHL4yilVZTHqOsmaAMCA=,j4uAR1IN8vYHVX9sqSfsFvDXVWg=
6,12,VrOD6x5xHL4yilVZTHqOsmaAMCA=,ODyZlaSWdWio1l36XId2RNMOcFg=
6,10,VrOD6x5xHL4yilVZTHqOsmaAMCA=,VxGz5EOL4TjGji7o3F33N0Te19c=
6,11,VrOD6x5xHL4yilVZTHqOsmaAMCA=,4ENPYlCxLxpVvkZiKQ5+H6EPvHE=
6,8,VrOD6x5xHL4yilVZTHqOsmaAMCA=,v7k4CmkAet5Swk+ECmygcZIbuew=
6,9,VrOD6x5xHL4yilVZTHqOsmaAMCA=,NwIwlYcU7t85lIpkM3xVchvS/Mk=
7,7,PLZ1xLOANK9ED1gl/dv952vq224=,ODyZlaSWdWio1l36XId2RNMOcFg=
7,2,PLZ1xLOANK9ED1gl/dv952vq224=,FlFskYru9SGEV2RMze/KY/Zbz6A=
7,1,PLZ1xLOANK9ED1gl/dv952vq224=,Ri0A+wcruus90BeM/cPwO3CnlTY=
7,0,PLZ1xLOANK9ED1gl/dv952vq224=,X6PIRFCvStEp2hh9dTDEHntNzpY=
7,15,PLZ1xLOANK9ED1gl/dv952vq224=,j4uAR1IN8vYHVX9sqSfsFvDXVWg=
7,14,PLZ1xLOANK9ED1gl/dv952vq224=,j4uAR1IN8vYHVX9sqSfsFvDXVWg=
7,12,PLZ1xLOANK9ED1gl/dv952vq224=,4Un2Ngucev5lBqQ1DMWBZXMM1So=
7,11,PLZ1xLOANK9ED1gl/dv952vq224=,4Un2Ngucev5lBqQ1DMWBZXMM1So=
7,10,PLZ1xLOANK9ED1gl/dv952vq224=,4Un2Ngucev5lBqQ1DMWBZXMM1So=
7,9,PLZ1xLOANK9ED1gl/dv952vq224=,4Un2Ngucev5lBqQ1DMWBZXMM1So=
7,8,PLZ1xLOANK9ED1gl/dv952vq224=,QuwF15UIMxgpIhok3v7zDDlSsAU=
8,8,PLZ1xLOANK9ED1gl/dv952vq224=,FXaYtckwbhGPmHDqEvm29kXYJfs=
8,11,PLZ1xLOANK9ED1gl/dv952vq224=,r0DyI5fcjGHgHhBezdO8Rph0Tk4=
8,12,PLZ1xLOANK9ED1gl/dv952vq224=,r0DyI5fcjGHgHhBezdO8Rph0Tk4=
8,13,PLZ1xLOANK9ED1gl/dv952vq224=,r0DyI5fcjGHgHhBezdO8Rph0Tk4=
8,14,PLZ1xLOANK9ED1gl/dv952vq224=,Gs4bEUY3EMqvT3/VT/CBojzWynM=
8,15,PLZ1xLOANK9ED1gl/dv952vq224=,FXaYtckwbhGPmHDqEvm29kXYJfs=
8,0,PLZ1xLOANK9ED1gl/dv952vq224=,v5CYpt8hQpVZ3NUvVtKcz64hDiY=
8,1,PLZ1xLOANK9ED1gl/dv952vq224=,v5CYpt8hQpVZ3NUvVtKcz64hDiY=
8,2,PLZ1xLOANK9ED1gl/dv952vq224=,klgPYv5WIFZc55Lzre2gqh6dkGI=
8,7,PLZ1xLOANK9ED1gl/dv952vq224=,50v6XANXyPiojRFiYgpr5tIes6A=
8,16,PLZ1xLOANK9ED1gl/dv952vq224=,UQ7FCyJD9julxhVCQ9a3CtE63QE=
8,17,PLZ1xLOANK9ED1gl/dv952vq224=,McZlPJ3kd2YAyRxkFhlgM1prSEw=
9,8,PLZ1xLOANK9ED1gl/dv952vq224=,aHP+/pBEwQRdYWjNPIvcNi1Wj28=
9,13,PLZ1xLOANK9ED1gl/dv952vq224=,phf5hYy8LT7ySWQQTFmlOdJmaVU=
9,12,PLZ1xLOANK9ED1gl/dv952vq224=,YBo+GX/kEQfoYODWSjalrOvmSh0=
9,15,PLZ1xLOANK9ED1gl/dv952vq224=,FXaYtckwbhGPmHDqEvm29kXYJfs=
9,14,PLZ1xLOANK9ED1gl/dv952vq224=,+AB4fIPdDIO2NrTiqlFRnryhDAg=
9,1,PLZ1xLOANK9ED1gl/dv952vq224=,v5CYpt8hQpVZ3NUvVtKcz64hDiY=
9,0,PLZ1xLOANK9ED1gl/dv952vq224=,v5CYpt8hQpVZ3NUvVtKcz64hDiY=
9,2,PLZ1xLOANK9ED1gl/dv952vq224=,v5CYpt8hQpVZ3NUvVtKcz64hDiY=
9,7,PLZ1xLOANK9ED1gl/dv952vq224=,50v6XANXyPiojRFiYgpr5tIes6A=
9,17,5jav1Fz2Nhp+dUoYNyTAFyV53cQ=,01YhQxINybgbvu3+YykUiFAIG+Y=
9,16,5jav1Fz2Nhp+dUoYNyTAFyV53cQ=,bFBHcNMzWXkEpgQKESyH9AQYovQ=
9,19,5jav1Fz2Nhp+dUoYNyTAFyV53cQ=,mmS6PLJlabsqBIxWbVTknFLn4xY=
9,18,5jav1Fz2Nhp+dUoYNyTAFyV53cQ=,tB2EUcqIW8FaW5gIxW8qEd0g3CY=
10,10,5jav1Fz2Nhp+dUoYNyTAFyV53cQ=,YBo+GX/kEQfoYODWSjalrOvmSh0=
10,11,5jav1Fz2Nhp+dUoYNyTAFyV53cQ=,YBo+GX/kEQfoYODWSjalrOvmSh0=
10,8,5jav1Fz2Nhp+dUoYNyTAFyV53cQ=,WZKCc8uSX5GNnlJJIZplgnYtO44=
10,9,5jav1Fz2Nhp+dUoYNyTAFyV53cQ=,zqr8W1bzwBnU/ZU3tg4ArYwCHig=
10,14,5jav1Fz2Nhp+dUoYNyTAFyV53cQ=,RXuXq1EuaBzcrIXN2RvEFLNSFIw=
10,15,5jav1Fz2Nhp+dUoYNyTAFyV53cQ=,Gs4bEUY3EMqvT3/VT/CBojzWynM=
10,13,5jav1Fz2Nhp+dUoYNyTAFyV53cQ=,QfcVZJchrjhvS+5Dc8i+9tdmtpg=
10,2,5jav1Fz2Nhp+dUoYNyTAFyV53cQ=,1aWArd3xlW8j8iaBLP/pNVUTqag=
10,3,5jav1Fz2Nhp+dUoYNyTAFyV53cQ=,klgPYv5WIFZc55Lzre2gqh6dkGI=
10,0,5jav1Fz2Nhp+dUoYNyTAFyV53cQ=,qHpdZUW2Yhd8NmW16qMXRyshipY=
10,6,5jav1Fz2Nhp+dUoYNyTAFyV53cQ=,gQTwX9EnlD7l9+d24nbd94ep+PE=
10,7,5jav1Fz2Nhp+dUoYNyTAFyV53cQ=,50v6XANXyPiojRFiYgpr5tIes6A=
10,4,5jav1Fz2Nhp+dUoYNyTAFyV53cQ=,ZrXLVXchY3Wv5EkLCSiNg/umZLI=
10,5,5jav1Fz2Nhp+dUoYNyTAFyV53cQ=,ZrXLVXchY3Wv5EkLCSiNg/umZLI=
10,18,5jav1Fz2Nhp+dUoYNyTAFyV53cQ=,Jy4NryBD2UDJ2iAOP5prwA9C6Ag=
10,19,5jav1Fz2Nhp+dUoYNyTAFyV53cQ=,BYxMe/RBNqxpodClj+be4l+2iHY=
10,16,5jav1Fz2Nhp+dUoYNyTAFyV53cQ=,XxF5ZOxce/5qfqN/8qoCuD1TUzU=
10,17,5jav1Fz2Nhp+dUoYNyTAFyV53cQ=,o6EpveE6s2m2kQyhPiBzPj9tfhQ=
10,20,5jav1Fz2Nhp+dUoYNyTAFyV53cQ=,dSR2Hr8o+/CrXgcJxyeBDt0o5p0=
10,21,5jav1Fz2Nhp+dUoYNyTAFyV53cQ=,dSR2Hr8o+/CrXgcJxyeBDt0o5p0=
11,11,5jav1Fz2Nhp+dUoYNyTAFyV53cQ=,d/g8KSZTDr0qKnhvNAIGDeDbiYg=
11,10,5jav1Fz2Nhp+dUoYNyTAFyV53cQ=,HyHQS5oNDrAG0KQFWffSsi9rsDk=
11,9,5jav1Fz2Nhp+dUoYNyTAFyV53cQ=,YBo+GX/kEQfoYODWSjalrOvmSh0=
11,8,5jav1Fz2Nhp+dUoYNyTAFyV53cQ=,WZKCc8uSX5GNnlJJIZplgnYtO44=
11,15,5jav1Fz2Nhp+dUoYNyTAFyV53cQ=,c5K2fK4P3Ub2c46966qRZzEPiSg=
11,14,5jav1Fz2Nhp+dUoYNyTAFyV53cQ=,DWk83mI4f7H30qmWhrtpdd6Ba/Q=
11,13,5jav1Fz2Nhp+dUoYNyTAFyV53cQ=,Nose6eNLpobXv67GDFnSEZK7RDE=
11,12,5jav1Fz2Nhp+dUoYNyTAFyV53cQ=,d/g8KSZTDr0qKnhvNAIGDeDbiYg=
11,2,5jav1Fz2Nhp+dUoYNyTAFyV53cQ=,yGDEXmlgCfDYqffv0WVPwhiH+X0=
11,1,5jav1Fz2Nhp+dUoYNyTAFyV53cQ=,50v6XANXyPiojRFiYgpr5tIes6A=
11,7,5jav1Fz2Nhp+dUoYNyTAFyV53cQ=,50v6XANXyPiojRFiYgpr5tIes6A=
11,6,5jav1Fz2Nhp+dUoYNyTAFyV53cQ=,Z/IAif9cdEaTiulCGtytdyiEynM=
11,5,5jav1Fz2Nhp+dUoYNyTAFyV53cQ=,BKpq4Lywr5A+2JwN+DQmL5f0pVs=
11,19,5jav1Fz2Nhp+dUoYNyTAFyV53cQ=,EcQQrEl6wFNX9lELbB7LlfmZB6I=
11,18,5jav1Fz2Nhp+dUoYNyTAFyV53cQ=,H0Kk4WIZzjceFqMRm90QoIwC6GY=
11,17,5jav1Fz2Nhp+dUoYNyTAFyV53cQ=,ckqaeGrogiBi+HnkNoa55TBoBEg=
11,16,5jav1Fz2Nhp+dUoYNyTAFyV53cQ=,bFBHcNMzWXkEpgQKESyH9AQYovQ=
11,21,5jav1Fz2Nhp+dUoYNyTAFyV53cQ=,dSR2Hr8o+/CrXgcJxyeBDt0o5p0=
11,20,5jav1Fz2Nhp+dUoYNyTAFyV53cQ=,mmS6PLJlabsqBIxWbVTknFLn4xY=
12,12,5jav1Fz2Nhp+dUoYNyTAFyV53cQ=,+c/lQHaxDvMQZCKc98Pstd30c1M=
12,13,5jav1Fz2Nhp+dUoYNyTAFyV53cQ=,X1wVW7ns29tdJfF8b4hPNSeAOx4=
12,14,5jav1Fz2Nhp+dUoYNyTAFyV53cQ=,kLpJLBIFY9pQBnlo3hyIaNg5OpE=
12,15,5jav1Fz2Nhp+dUoYNyTAFyV53cQ=,McHiPtGAfm2iA5mTl30bY2JQyJw=
12,9,x+q6cuT18NdpJvAqE732uSLX130=,vaNMlZiyZXRFInaOM74QbszkHnE=
12,10,x+q6cuT18NdpJvAqE732uSLX130=,JO+nYQ7YcPIV/vRLe9/MFqjCYIo=
12,11,x+q6cuT18NdpJvAqE732uSLX130=,gehKokW06JYHSdRpTH9/9ikV90s=
12,1,x+q6cuT18NdpJvAqE732uSLX130=,50v6XANXyPiojRFiYgpr5tIes6A=
12,20,x+q6cuT18NdpJvAqE732uSLX130=,rXjDHpWui8YUzYDQQfY5OC1qkhE=
12,21,x+q6cuT18NdpJvAqE732uSLX130=,dSR2Hr8o+/CrXgcJxyeBDt0o5p0=
12,22,x+q6cuT18NdpJvAqE732uSLX130=,dSR2Hr8o+/CrXgcJxyeBDt0o5p0=
12,17,x+q6cuT18NdpJvAqE732uSLX130=,3X36UDSxyAW1f3kiAWh2HyH3gJI=
12,18,x+q6cuT18NdpJvAqE732uSLX130=,LJUKHo54kgpS4NzmreJfjrQXFiY=
12,19,x+q6cuT18NdpJvAqE732uSLX130=,9ACSshxfHwKcjN54sCCtk/7Z3g8=
13,13,x+q6cuT18NdpJvAqE732uSLX130=,YBo+GX/kEQfoYODWSjalrOvmSh0=
13,12,x+q6cuT18NdpJvAqE732uSLX130=,zqr8W1bzwBnU/ZU3tg4ArYwCHig=
13,15,x+q6cuT18NdpJvAqE732uSLX130=,YBo+GX/kEQfoYODWSjalrOvmSh0=
13,11,x+q6cuT18NdpJvAqE732uSLX130=,WZKCc8uSX5GNnlJJIZplgnYtO44=
13,21,x+q6cuT18NdpJvAqE732uSLX130=,dSR2Hr8o+/CrXgcJxyeBDt0o5p0=
13,22,x+q6cuT18NdpJvAqE732uSLX130=,dSR2Hr8o+/CrXgcJxyeBDt0o5p0=
13,17,x+q6cuT18NdpJvAqE732uSLX130=,XxF5ZOxce/5qfqN/8qoCuD1TUzU=
13,16,x+q6cuT18NdpJvAqE732uSLX130=,dSR2Hr8o+/CrXgcJxyeBDt0o5p0=
13,18,x+q6cuT18NdpJvAqE732uSLX130=,H/1ITOGVRQBdy/wHy5MhtwDMxVo=
14,18,x+q6cuT18NdpJvAqE732uSLX130=,dSR2Hr8o+/CrXgcJxyeBDt0o5p0=
14,19,x+q6cuT18NdpJvAqE732uSLX130=,dSR2Hr8o+/CrXgcJxyeBDt0o5p0=
14,17,x+q6cuT18NdpJvAqE732uSLX130=,dSR2Hr8o+/CrXgcJxyeBDt0o5p0=
15,19,x+q6cuT18NdpJvAqE732uSLX130=,dSR2Hr8o+/CrXgcJxyeBDt0o5p0=
15,18,x+q6cuT18NdpJvAqE732uSLX130=,dSR2Hr8o+/CrXgcJxyeBDt0o5p0=
16,18,x+q6cuT18NdpJvAqE732uSLX130=,CqwchPPjtmY3khEBSJUFfKQQ1E0=
16,19,x+q6cuT18NdpJvAqE732uSLX130=,CqwchPPjtmY3khEBSJUFfKQQ1E0=
17,19,x+q6cuT18NdpJvAqE732uSLX130=,Eu5pMxJQlaUEU0IAiy/B2d/8XF4=
17,0,x+q6cuT18NdpJvAqE732uSLX130=,Z07NN/ct1RG13uPxKVCJ2lcq1MQ=
18,19,x+q6cuT18NdpJvAqE732uSLX130=,iHRXdzobpT+cy9/3kPRjbUkT+7c=
18,20,x+q6cuT18NdpJvAqE732uSLX130=,Eu5pMxJQlaUEU0IAiy/B2d/8XF4=
18,0,x+q6cuT18NdpJvAqE732uSLX130=,uTl06Zi1n3N6WHQaWXb+w/k/hV0=
19,19,x+q6cuT18NdpJvAqE732uSLX130=,PPKZgYAg7RD6ctvV30dL7MYeffg=
19,18,x+q6cuT18NdpJvAqE732uSLX130=,Z4VpRsjCwwx5VBkgYBE4Jplwe2M=
19,20,x+q6cuT18NdpJvAqE732uSLX130=,fj8FIwihWRaecHzYtGLwkGdsR80=
19,0,x+q6cuT18NdpJvAqE732uSLX130=,YpZ7kWQmpBgHfCORJxHxNE7674E=
20,18,x+q6cuT18NdpJvAqE732uSLX130=,QVq9M5uErBbshPlkf87yaQHmbfs=
20,19,x+q6cuT18NdpJvAqE732uSLX130=,fj8FIwihWRaecHzYtGLwkGdsR80=
21,17,x+q6cuT18NdpJvAqE732uSLX130=,CqwchPPjtmY3khEBSJUFfKQQ1E0=
21,18,x+q6cuT18NdpJvAqE732uSLX130=,CqwchPPjtmY3khEBSJUFfKQQ1E0=
22,17,x+q6cuT18NdpJvAqE732uSLX130=,CqwchPPjtmY3khEBSJUFfKQQ1E0=
