23,-68,bATrp0KMP0qTux4ApZBZbljDXZs=,t2yFnNraHQ6iAOB92nbAd3sj0p8=
22,-68,bATrp0KMP0qTux4ApZBZbljDXZs=,t2yFnNraHQ6iAOB92nbAd3sj0p8=
19,-69,bATrp0KMP0qTux4ApZBZbljDXZs=,t2yFnNraHQ6iAOB92nbAd3sj0p8=
22,-69,bATrp0KMP0qTux4ApZBZbljDXZs=,t2yFnNraHQ6iAOB92nbAd3sj0p8=
21,-69,bATrp0KMP0qTux4ApZBZbljDXZs=,t2yFnNraHQ6iAOB92nbAd3sj0p8=
20,-68,bATrp0KMP0qTux4ApZBZbljDXZs=,t2yFnNraHQ6iAOB92nbAd3sj0p8=
19,-72,bATrp0KMP0qTux4ApZBZbljDXZs=,t2yFnNraHQ6iAOB92nbAd3sj0p8=
20,-69,bATrp0KMP0qTux4ApZBZbljDXZs=,t2yFnNraHQ6iAOB92nbAd3sj0p8=
21,-72,bATrp0KMP0qTux4ApZBZbljDXZs=,t2yFnNraHQ6iAOB92nbAd3sj0p8=
20,-71,bATrp0KMP0qTux4ApZBZbljDXZs=,t2yFnNraHQ6iAOB92nbAd3sj0p8=
21,-71,bATrp0KMP0qTux4ApZBZbljDXZs=,t2yFnNraHQ6iAOB92nbAd3sj0p8=
21,-68,bATrp0KMP0qTux4ApZBZbljDXZs=,t2yFnNraHQ6iAOB92nbAd3sj0p8=
21,-70,bATrp0KMP0qTux4ApZBZbljDXZs=,t2yFnNraHQ6iAOB92nbAd3sj0p8=
17,-72,bATrp0KMP0qTux4ApZBZbljDXZs=,t2yFnNraHQ6iAOB92nbAd3sj0p8=
20,-72,bATrp0KMP0qTux4ApZBZbljDXZs=,t2yFnNraHQ6iAOB92nbAd3sj0p8=
22,-70,bATrp0KMP0qTux4ApZBZbljDXZs=,t2yFnNraHQ6iAOB92nbAd3sj0p8=
20,-70,bATrp0KMP0qTux4ApZBZbljDXZs=,t2yFnNraHQ6iAOB92nbAd3sj0p8=
19,-68,bATrp0KMP0qTux4ApZBZbljDXZs=,t2yFnNraHQ6iAOB92nbAd3sj0p8=
19,-71,bATrp0KMP0qTux4ApZBZbljDXZs=,t2yFnNraHQ6iAOB92nbAd3sj0p8=
22,-65,bATrp0KMP0qTux4ApZBZbljDXZs=,t2yFnNraHQ6iAOB92nbAd3sj0p8=
18,-69,bATrp0KMP0qTux4ApZBZbljDXZs=,t2yFnNraHQ6iAOB92nbAd3sj0p8=
23,-65,bATrp0KMP0qTux4ApZBZbljDXZs=,t2yFnNraHQ6iAOB92nbAd3sj0p8=
18,-68,bATrp0KMP0qTux4ApZBZbljDXZs=,t2yFnNraHQ6iAOB92nbAd3sj0p8=
21,-65,bATrp0KMP0qTux4ApZBZbljDXZs=,t2yFnNraHQ6iAOB92nbAd3sj0p8=
20,-65,bATrp0KMP0qTux4ApZBZbljDXZs=,t2yFnNraHQ6iAOB92nbAd3sj0p8=
18,-65,bATrp0KMP0qTux4ApZBZbljDXZs=,t2yFnNraHQ6iAOB92nbAd3sj0p8=
19,-65,bATrp0KMP0qTux4ApZBZbljDXZs=,t2yFnNraHQ6iAOB92nbAd3sj0p8=
18,-71,bATrp0KMP0qTux4ApZBZbljDXZs=,t2yFnNraHQ6iAOB92nbAd3sj0p8=
19,-70,bATrp0KMP0qTux4ApZBZbljDXZs=,t2yFnNraHQ6iAOB92nbAd3sj0p8=
17,-65,bATrp0KMP0qTux4ApZBZbljDXZs=,t2yFnNraHQ6iAOB92nbAd3sj0p8=
17,-69,bATrp0KMP0qTux4ApZBZbljDXZs=,t2yFnNraHQ6iAOB92nbAd3sj0p8=
16,-65,bATrp0KMP0qTux4ApZBZbljDXZs=,t2yFnNraHQ6iAOB92nbAd3sj0p8=
22,-66,bATrp0KMP0qTux4ApZBZbljDXZs=,t2yFnNraHQ6iAOB92nbAd3sj0p8=
23,-66,bATrp0KMP0qTux4ApZBZbljDXZs=,t2yFnNraHQ6iAOB92nbAd3sj0p8=
17,-68,bATrp0KMP0qTux4ApZBZbljDXZs=,t2yFnNraHQ6iAOB92nbAd3sj0p8=
18,-72,bATrp0KMP0qTux4ApZBZbljDXZs=,t2yFnNraHQ6iAOB92nbAd3sj0p8=
18,-70,bATrp0KMP0qTux4ApZBZbljDXZs=,t2yFnNraHQ6iAOB92nbAd3sj0p8=
21,-66,bATrp0KMP0qTux4ApZBZbljDXZs=,t2yFnNraHQ6iAOB92nbAd3sj0p8=
17,-71,bATrp0KMP0qTux4ApZBZbljDXZs=,t2yFnNraHQ6iAOB92nbAd3sj0p8=
20,-66,bATrp0KMP0qTux4ApZBZbljDXZs=,t2yFnNraHQ6iAOB92nbAd3sj0p8=
19,-66,bATrp0KMP0qTux4ApZBZbljDXZs=,t2yFnNraHQ6iAOB92nbAd3sj0p8=
23,-69,bATrp0KMP0qTux4ApZBZbljDXZs=,t2yFnNraHQ6iAOB92nbAd3sj0p8=
18,-66,bATrp0KMP0qTux4ApZBZbljDXZs=,t2yFnNraHQ6iAOB92nbAd3sj0p8=
17,-66,bATrp0KMP0qTux4ApZBZbljDXZs=,t2yFnNraHQ6iAOB92nbAd3sj0p8=
23,-67,bATrp0KMP0qTux4ApZBZbljDXZs=,t2yFnNraHQ6iAOB92nbAd3sj0p8=
17,-70,bATrp0KMP0qTux4ApZBZbljDXZs=,t2yFnNraHQ6iAOB92nbAd3sj0p8=
23,-72,bATrp0KMP0qTux4ApZBZbljDXZs=,t2yFnNraHQ6iAOB92nbAd3sj0p8=
22,-67,bATrp0KMP0qTux4ApZBZbljDXZs=,t2yFnNraHQ6iAOB92nbAd3sj0p8=
21,-67,bATrp0KMP0qTux4ApZBZbljDXZs=,t2yFnNraHQ6iAOB92nbAd3sj0p8=
23,-71,bATrp0KMP0qTux4ApZBZbljDXZs=,t2yFnNraHQ6iAOB92nbAd3sj0p8=
22,-72,bATrp0KMP0qTux4ApZBZbljDXZs=,t2yFnNraHQ6iAOB92nbAd3sj0p8=
22,-71,bATrp0KMP0qTux4ApZBZbljDXZs=,t2yFnNraHQ6iAOB92nbAd3sj0p8=
20,-67,bATrp0KMP0qTux4ApZBZbljDXZs=,t2yFnNraHQ6iAOB92nbAd3sj0p8=
19,-67,bATrp0KMP0qTux4ApZBZbljDXZs=,t2yFnNraHQ6iAOB92nbAd3sj0p8=
18,-67,bATrp0KMP0qTux4ApZBZbljDXZs=,t2yFnNraHQ6iAOB92nbAd3sj0p8=
23,-70,bATrp0KMP0qTux4ApZBZbljDXZs=,t2yFnNraHQ6iAOB92nbAd3sj0p8=
17,-67,bATrp0KMP0qTux4ApZBZbljDXZs=,t2yFnNraHQ6iAOB92nbAd3sj0p8=
16,-66,bATrp0KMP0qTux4ApZBZbljDXZs=,t2yFnNraHQ6iAOB92nbAd3sj0p8=
16,-69,bATrp0KMP0qTux4ApZBZbljDXZs=,t2yFnNraHQ6iAOB92nbAd3sj0p8=
16,-72,bATrp0KMP0qTux4ApZBZbljDXZs=,t2yFnNraHQ6iAOB92nbAd3sj0p8=
16,-70,bATrp0KMP0qTux4ApZBZbljDXZs=,t2yFnNraHQ6iAOB92nbAd3sj0p8=
16,-68,bATrp0KMP0qTux4ApZBZbljDXZs=,t2yFnNraHQ6iAOB92nbAd3sj0p8=
16,-67,bATrp0KMP0qTux4ApZBZbljDXZs=,t2yFnNraHQ6iAOB92nbAd3sj0p8=
16,-71,bATrp0KMP0qTux4ApZBZbljDXZs=,t2yFnNraHQ6iAOB92nbAd3sj0p8=
13,-72,cmO0ct4TCG0HiAr6zT1FZO/XIus=,ucy8Vi8RkHGnVqcbsGhN9HzH3X4=
15,-69,cmO0ct4TCG0HiAr6zT1FZO/XIus=,ucy8Vi8RkHGnVqcbsGhN9HzH3X4=
14,-69,cmO0ct4TCG0HiAr6zT1FZO/XIus=,ucy8Vi8RkHGnVqcbsGhN9HzH3X4=
14,-71,cmO0ct4TCG0HiAr6zT1FZO/XIus=,ucy8Vi8RkHGnVqcbsGhN9HzH3X4=
13,-70,cmO0ct4TCG0HiAr6zT1FZO/XIus=,ucy8Vi8RkHGnVqcbsGhN9HzH3X4=
14,-70,cmO0ct4TCG0HiAr6zT1FZO/XIus=,ucy8Vi8RkHGnVqcbsGhN9HzH3X4=
15,-70,cmO0ct4TCG0HiAr6zT1FZO/XIus=,ucy8Vi8RkHGnVqcbsGhN9HzH3X4=
11,-72,cmO0ct4TCG0HiAr6zT1FZO/XIus=,ucy8Vi8RkHGnVqcbsGhN9HzH3X4=
13,-69,cmO0ct4TCG0HiAr6zT1FZO/XIus=,ucy8Vi8RkHGnVqcbsGhN9HzH3X4=
14,-72,cmO0ct4TCG0HiAr6zT1FZO/XIus=,ucy8Vi8RkHGnVqcbsGhN9HzH3X4=
11,-70,cmO0ct4TCG0HiAr6zT1FZO/XIus=,ucy8Vi8RkHGnVqcbsGhN9HzH3X4=
10,-72,cmO0ct4TCG0HiAr6zT1FZO/XIus=,ucy8Vi8RkHGnVqcbsGhN9HzH3X4=
12,-70,cmO0ct4TCG0HiAr6zT1FZO/XIus=,ucy8Vi8RkHGnVqcbsGhN9HzH3X4=
8,-69,cmO0ct4TCG0HiAr6zT1FZO/XIus=,ucy8Vi8RkHGnVqcbsGhN9HzH3X4=
10,-70,cmO0ct4TCG0HiAr6zT1FZO/XIus=,ucy8Vi8RkHGnVqcbsGhN9HzH3X4=
13,-71,cmO0ct4TCG0HiAr6zT1FZO/XIus=,ucy8Vi8RkHGnVqcbsGhN9HzH3X4=
15,-72,cmO0ct4TCG0HiAr6zT1FZO/XIus=,ucy8Vi8RkHGnVqcbsGhN9HzH3X4=
12,-69,cmO0ct4TCG0HiAr6zT1FZO/XIus=,ucy8Vi8RkHGnVqcbsGhN9HzH3X4=
9,-72,cmO0ct4TCG0HiAr6zT1FZO/XIus=,ucy8Vi8RkHGnVqcbsGhN9HzH3X4=
8,-68,cmO0ct4TCG0HiAr6zT1FZO/XIus=,ucy8Vi8RkHGnVqcbsGhN9HzH3X4=
12,-71,cmO0ct4TCG0HiAr6zT1FZO/XIus=,ucy8Vi8RkHGnVqcbsGhN9HzH3X4=
8,-71,cmO0ct4TCG0HiAr6zT1FZO/XIus=,ucy8Vi8RkHGnVqcbsGhN9HzH3X4=
14,-65,cmO0ct4TCG0HiAr6zT1FZO/XIus=,ucy8Vi8RkHGnVqcbsGhN9HzH3X4=
9,-70,cmO0ct4TCG0HiAr6zT1FZO/XIus=,ucy8Vi8RkHGnVqcbsGhN9HzH3X4=
13,-65,cmO0ct4TCG0HiAr6zT1FZO/XIus=,ucy8Vi8RkHGnVqcbsGhN9HzH3X4=
9,-68,cmO0ct4TCG0HiAr6zT1FZO/XIus=,ucy8Vi8RkHGnVqcbsGhN9HzH3X4=
10,-65,cmO0ct4TCG0HiAr6zT1FZO/XIus=,ucy8Vi8RkHGnVqcbsGhN9HzH3X4=
10,-68,cmO0ct4TCG0HiAr6zT1FZO/XIus=,ucy8Vi8RkHGnVqcbsGhN9HzH3X4=
12,-65,cmO0ct4TCG0HiAr6zT1FZO/XIus=,ucy8Vi8RkHGnVqcbsGhN9HzH3X4=
9,-65,cmO0ct4TCG0HiAr6zT1FZO/XIus=,ucy8Vi8RkHGnVqcbsGhN9HzH3X4=
15,-71,cmO0ct4TCG0HiAr6zT1FZO/XIus=,ucy8Vi8RkHGnVqcbsGhN9HzH3X4=
8,-65,cmO0ct4TCG0HiAr6zT1FZO/XIus=,ucy8Vi8RkHGnVqcbsGhN9HzH3X4=
8,-72,cmO0ct4TCG0HiAr6zT1FZO/XIus=,ucy8Vi8RkHGnVqcbsGhN9HzH3X4=
12,-72,cmO0ct4TCG0HiAr6zT1FZO/XIus=,ucy8Vi8RkHGnVqcbsGhN9HzH3X4=
8,-70,cmO0ct4TCG0HiAr6zT1FZO/XIus=,ucy8Vi8RkHGnVqcbsGhN9HzH3X4=
11,-65,cmO0ct4TCG0HiAr6zT1FZO/XIus=,ucy8Vi8RkHGnVqcbsGhN9HzH3X4=
11,-69,cmO0ct4TCG0HiAr6zT1FZO/XIus=,ucy8Vi8RkHGnVqcbsGhN9HzH3X4=
11,-68,cmO0ct4TCG0HiAr6zT1FZO/XIus=,ucy8Vi8RkHGnVqcbsGhN9HzH3X4=
14,-66,cmO0ct4TCG0HiAr6zT1FZO/XIus=,ucy8Vi8RkHGnVqcbsGhN9HzH3X4=
12,-68,cmO0ct4TCG0HiAr6zT1FZO/XIus=,ucy8Vi8RkHGnVqcbsGhN9HzH3X4=
13,-66,cmO0ct4TCG0HiAr6zT1FZO/XIus=,ucy8Vi8RkHGnVqcbsGhN9HzH3X4=
11,-66,cmO0ct4TCG0HiAr6zT1FZO/XIus=,ucy8Vi8RkHGnVqcbsGhN9HzH3X4=
10,-66,cmO0ct4TCG0HiAr6zT1FZO/XIus=,ucy8Vi8RkHGnVqcbsGhN9HzH3X4=
13,-68,cmO0ct4TCG0HiAr6zT1FZO/XIus=,ucy8Vi8RkHGnVqcbsGhN9HzH3X4=
9,-66,cmO0ct4TCG0HiAr6zT1FZO/XIus=,ucy8Vi8RkHGnVqcbsGhN9HzH3X4=
8,-66,cmO0ct4TCG0HiAr6zT1FZO/XIus=,ucy8Vi8RkHGnVqcbsGhN9HzH3X4=
9,-69,cmO0ct4TCG0HiAr6zT1FZO/XIus=,ucy8Vi8RkHGnVqcbsGhN9HzH3X4=
15,-67,cmO0ct4TCG0HiAr6zT1FZO/XIus=,ucy8Vi8RkHGnVqcbsGhN9HzH3X4=
12,-66,cmO0ct4TCG0HiAr6zT1FZO/XIus=,ucy8Vi8RkHGnVqcbsGhN9HzH3X4=
9,-71,cmO0ct4TCG0HiAr6zT1FZO/XIus=,ucy8Vi8RkHGnVqcbsGhN9HzH3X4=
14,-67,cmO0ct4TCG0HiAr6zT1FZO/XIus=,ucy8Vi8RkHGnVqcbsGhN9HzH3X4=
12,-67,cmO0ct4TCG0HiAr6zT1FZO/XIus=,ucy8Vi8RkHGnVqcbsGhN9HzH3X4=
11,-71,cmO0ct4TCG0HiAr6zT1FZO/XIus=,ucy8Vi8RkHGnVqcbsGhN9HzH3X4=
10,-69,cmO0ct4TCG0HiAr6zT1FZO/XIus=,ucy8Vi8RkHGnVqcbsGhN9HzH3X4=
10,-71,cmO0ct4TCG0HiAr6zT1FZO/XIus=,ucy8Vi8RkHGnVqcbsGhN9HzH3X4=
8,-67,cmO0ct4TCG0HiAr6zT1FZO/XIus=,ucy8Vi8RkHGnVqcbsGhN9HzH3X4=
10,-67,cmO0ct4TCG0HiAr6zT1FZO/XIus=,ucy8Vi8RkHGnVqcbsGhN9HzH3X4=
11,-67,cmO0ct4TCG0HiAr6zT1FZO/XIus=,ucy8Vi8RkHGnVqcbsGhN9HzH3X4=
9,-67,cmO0ct4TCG0HiAr6zT1FZO/XIus=,ucy8Vi8RkHGnVqcbsGhN9HzH3X4=
14,-68,cmO0ct4TCG0HiAr6zT1FZO/XIus=,ucy8Vi8RkHGnVqcbsGhN9HzH3X4=
15,-68,cmO0ct4TCG0HiAr6zT1FZO/XIus=,ucy8Vi8RkHGnVqcbsGhN9HzH3X4=
15,-65,cmO0ct4TCG0HiAr6zT1FZO/XIus=,ucy8Vi8RkHGnVqcbsGhN9HzH3X4=
15,-66,cmO0ct4TCG0HiAr6zT1FZO/XIus=,ucy8Vi8RkHGnVqcbsGhN9HzH3X4=
13,-67,cmO0ct4TCG0HiAr6zT1FZO/XIus=,ucy8Vi8RkHGnVqcbsGhN9HzH3X4=
