297,30,Y/EVOQVmyOKQWSosyt+5M79q+1o=,2OKalP2VqI+j8ccqXcjESMZQLDY=
303,29,Y/EVOQVmyOKQWSosyt+5M79q+1o=,2OKalP2VqI+j8ccqXcjESMZQLDY=
301,29,Y/EVOQVmyOKQWSosyt+5M79q+1o=,2OKalP2VqI+j8ccqXcjESMZQLDY=
302,29,Y/EVOQVmyOKQWSosyt+5M79q+1o=,2OKalP2VqI+j8ccqXcjESMZQLDY=
300,29,Y/EVOQVmyOKQWSosyt+5M79q+1o=,2OKalP2VqI+j8ccqXcjESMZQLDY=
298,29,Y/EVOQVmyOKQWSosyt+5M79q+1o=,2OKalP2VqI+j8ccqXcjESMZQLDY=
302,28,Y/EVOQVmyOKQWSosyt+5M79q+1o=,2OKalP2VqI+j8ccqXcjESMZQLDY=
303,28,Y/EVOQVmyOKQWSosyt+5M79q+1o=,2OKalP2VqI+j8ccqXcjESMZQLDY=
299,29,Y/EVOQVmyOKQWSosyt+5M79q+1o=,2OKalP2VqI+j8ccqXcjESMZQLDY=
297,29,Y/EVOQVmyOKQWSosyt+5M79q+1o=,2OKalP2VqI+j8ccqXcjESMZQLDY=
301,28,Y/EVOQVmyOKQWSosyt+5M79q+1o=,2OKalP2VqI+j8ccqXcjESMZQLDY=
299,28,Y/EVOQVmyOKQWSosyt+5M79q+1o=,2OKalP2VqI+j8ccqXcjESMZQLDY=
303,27,Y/EVOQVmyOKQWSosyt+5M79q+1o=,2OKalP2VqI+j8ccqXcjESMZQLDY=
302,27,Y/EVOQVmyOKQWSosyt+5M79q+1o=,2OKalP2VqI+j8ccqXcjESMZQLDY=
297,28,Y/EVOQVmyOKQWSosyt+5M79q+1o=,2OKalP2VqI+j8ccqXcjESMZQLDY=
298,28,Y/EVOQVmyOKQWSosyt+5M79q+1o=,2OKalP2VqI+j8ccqXcjESMZQLDY=
300,27,Y/EVOQVmyOKQWSosyt+5M79q+1o=,2OKalP2VqI+j8ccqXcjESMZQLDY=
301,27,Y/EVOQVmyOKQWSosyt+5M79q+1o=,2OKalP2VqI+j8ccqXcjESMZQLDY=
300,28,Y/EVOQVmyOKQWSosyt+5M79q+1o=,2OKalP2VqI+j8ccqXcjESMZQLDY=
298,27,Y/EVOQVmyOKQWSosyt+5M79q+1o=,2OKalP2VqI+j8ccqXcjESMZQLDY=
297,27,Y/EVOQVmyOKQWSosyt+5M79q+1o=,2OKalP2VqI+j8ccqXcjESMZQLDY=
303,26,Y/EVOQVmyOKQWSosyt+5M79q+1o=,2OKalP2VqI+j8ccqXcjESMZQLDY=
300,26,Y/EVOQVmyOKQWSosyt+5M79q+1o=,2OKalP2VqI+j8ccqXcjESMZQLDY=
302,26,Y/EVOQVmyOKQWSosyt+5M79q+1o=,2OKalP2VqI+j8ccqXcjESMZQLDY=
301,26,Y/EVOQVmyOKQWSosyt+5M79q+1o=,2OKalP2VqI+j8ccqXcjESMZQLDY=
298,26,Y/EVOQVmyOKQWSosyt+5M79q+1o=,2OKalP2VqI+j8ccqXcjESMZQLDY=
299,26,Y/EVOQVmyOKQWSosyt+5M79q+1o=,2OKalP2VqI+j8ccqXcjESMZQLDY=
299,27,Y/EVOQVmyOKQWSosyt+5M79q+1o=,2OKalP2VqI+j8ccqXcjESMZQLDY=
297,26,Y/EVOQVmyOKQWSosyt+5M79q+1o=,2OKalP2VqI+j8ccqXcjESMZQLDY=
302,24,Y/EVOQVmyOKQWSosyt+5M79q+1o=,2OKalP2VqI+j8ccqXcjESMZQLDY=
303,24,Y/EVOQVmyOKQWSosyt+5M79q+1o=,2OKalP2VqI+j8ccqXcjESMZQLDY=
300,24,Y/EVOQVmyOKQWSosyt+5M79q+1o=,2OKalP2VqI+j8ccqXcjESMZQLDY=
303,31,Y/EVOQVmyOKQWSosyt+5M79q+1o=,2OKalP2VqI+j8ccqXcjESMZQLDY=
301,24,Y/EVOQVmyOKQWSosyt+5M79q+1o=,2OKalP2VqI+j8ccqXcjESMZQLDY=
302,31,Y/EVOQVmyOKQWSosyt+5M79q+1o=,2OKalP2VqI+j8ccqXcjESMZQLDY=
299,24,Y/EVOQVmyOKQWSosyt+5M79q+1o=,2OKalP2VqI+j8ccqXcjESMZQLDY=
301,31,Y/EVOQVmyOKQWSosyt+5M79q+1o=,2OKalP2VqI+j8ccqXcjESMZQLDY=
300,31,Y/EVOQVmyOKQWSosyt+5M79q+1o=,2OKalP2VqI+j8ccqXcjESMZQLDY=
299,31,Y/EVOQVmyOKQWSosyt+5M79q+1o=,2OKalP2VqI+j8ccqXcjESMZQLDY=
298,24,Y/EVOQVmyOKQWSosyt+5M79q+1o=,2OKalP2VqI+j8ccqXcjESMZQLDY=
298,31,Y/EVOQVmyOKQWSosyt+5M79q+1o=,2OKalP2VqI+j8ccqXcjESMZQLDY=
297,31,Y/EVOQVmyOKQWSosyt+5M79q+1o=,2OKalP2VqI+j8ccqXcjESMZQLDY=
302,30,Y/EVOQVmyOKQWSosyt+5M79q+1o=,2OKalP2VqI+j8ccqXcjESMZQLDY=
301,30,Y/EVOQVmyOKQWSosyt+5M79q+1o=,2OKalP2VqI+j8ccqXcjESMZQLDY=
297,24,Y/EVOQVmyOKQWSosyt+5M79q+1o=,2OKalP2VqI+j8ccqXcjESMZQLDY=
300,30,Y/EVOQVmyOKQWSosyt+5M79q+1o=,2OKalP2VqI+j8ccqXcjESMZQLDY=
299,30,Y/EVOQVmyOKQWSosyt+5M79q+1o=,2OKalP2VqI+j8ccqXcjESMZQLDY=
303,30,Y/EVOQVmyOKQWSosyt+5M79q+1o=,2OKalP2VqI+j8ccqXcjESMZQLDY=
298,30,Y/EVOQVmyOKQWSosyt+5M79q+1o=,2OKalP2VqI+j8ccqXcjESMZQLDY=
294,26,Y/EVOQVmyOKQWSosyt+5M79q+1o=,9uMsbyLbszl5v0HzHwc9TvZ12TU=
291,31,Y/EVOQVmyOKQWSosyt+5M79q+1o=,9uMsbyLbszl5v0HzHwc9TvZ12TU=
295,26,Y/EVOQVmyOKQWSosyt+5M79q+1o=,9uMsbyLbszl5v0HzHwc9TvZ12TU=
295,24,Y/EVOQVmyOKQWSosyt+5M79q+1o=,9uMsbyLbszl5v0HzHwc9TvZ12TU=
291,29,Y/EVOQVmyOKQWSosyt+5M79q+1o=,9uMsbyLbszl5v0HzHwc9TvZ12TU=
293,26,Y/EVOQVmyOKQWSosyt+5M79q+1o=,9uMsbyLbszl5v0HzHwc9TvZ12TU=
293,24,Y/EVOQVmyOKQWSosyt+5M79q+1o=,9uMsbyLbszl5v0HzHwc9TvZ12TU=
296,29,Y/EVOQVmyOKQWSosyt+5M79q+1o=,2OKalP2VqI+j8ccqXcjESMZQLDY=
292,26,Y/EVOQVmyOKQWSosyt+5M79q+1o=,9uMsbyLbszl5v0HzHwc9TvZ12TU=
290,31,Y/EVOQVmyOKQWSosyt+5M79q+1o=,9uMsbyLbszl5v0HzHwc9TvZ12TU=
288,28,Y/EVOQVmyOKQWSosyt+5M79q+1o=,9uMsbyLbszl5v0HzHwc9TvZ12TU=
289,28,Y/EVOQVmyOKQWSosyt+5M79q+1o=,9uMsbyLbszl5v0HzHwc9TvZ12TU=
290,29,Y/EVOQVmyOKQWSosyt+5M79q+1o=,9uMsbyLbszl5v0HzHwc9TvZ12TU=
296,28,Y/EVOQVmyOKQWSosyt+5M79q+1o=,2OKalP2VqI+j8ccqXcjESMZQLDY=
289,29,Y/EVOQVmyOKQWSosyt+5M79q+1o=,9uMsbyLbszl5v0HzHwc9TvZ12TU=
291,24,Y/EVOQVmyOKQWSosyt+5M79q+1o=,9uMsbyLbszl5v0HzHwc9TvZ12TU=
291,30,Y/EVOQVmyOKQWSosyt+5M79q+1o=,9uMsbyLbszl5v0HzHwc9TvZ12TU=
296,27,Y/EVOQVmyOKQWSosyt+5M79q+1o=,2OKalP2VqI+j8ccqXcjESMZQLDY=
296,30,Y/EVOQVmyOKQWSosyt+5M79q+1o=,2OKalP2VqI+j8ccqXcjESMZQLDY=
292,24,Y/EVOQVmyOKQWSosyt+5M79q+1o=,9uMsbyLbszl5v0HzHwc9TvZ12TU=
288,29,Y/EVOQVmyOKQWSosyt+5M79q+1o=,9uMsbyLbszl5v0HzHwc9TvZ12TU=
295,28,Y/EVOQVmyOKQWSosyt+5M79q+1o=,9uMsbyLbszl5v0HzHwc9TvZ12TU=
294,28,Y/EVOQVmyOKQWSosyt+5M79q+1o=,9uMsbyLbszl5v0HzHwc9TvZ12TU=
290,30,Y/EVOQVmyOKQWSosyt+5M79q+1o=,9uMsbyLbszl5v0HzHwc9TvZ12TU=
292,31,Y/EVOQVmyOKQWSosyt+5M79q+1o=,9uMsbyLbszl5v0HzHwc9TvZ12TU=
289,30,Y/EVOQVmyOKQWSosyt+5M79q+1o=,9uMsbyLbszl5v0HzHwc9TvZ12TU=
293,28,Y/EVOQVmyOKQWSosyt+5M79q+1o=,9uMsbyLbszl5v0HzHwc9TvZ12TU=
293,31,Y/EVOQVmyOKQWSosyt+5M79q+1o=,9uMsbyLbszl5v0HzHwc9TvZ12TU=
292,28,Y/EVOQVmyOKQWSosyt+5M79q+1o=,9uMsbyLbszl5v0HzHwc9TvZ12TU=
290,26,Y/EVOQVmyOKQWSosyt+5M79q+1o=,9uMsbyLbszl5v0HzHwc9TvZ12TU=
294,31,Y/EVOQVmyOKQWSosyt+5M79q+1o=,9uMsbyLbszl5v0HzHwc9TvZ12TU=
294,24,Y/EVOQVmyOKQWSosyt+5M79q+1o=,9uMsbyLbszl5v0HzHwc9TvZ12TU=
289,24,Y/EVOQVmyOKQWSosyt+5M79q+1o=,9uMsbyLbszl5v0HzHwc9TvZ12TU=
291,26,Y/EVOQVmyOKQWSosyt+5M79q+1o=,9uMsbyLbszl5v0HzHwc9TvZ12TU=
289,31,Y/EVOQVmyOKQWSosyt+5M79q+1o=,9uMsbyLbszl5v0HzHwc9TvZ12TU=
295,31,Y/EVOQVmyOKQWSosyt+5M79q+1o=,9uMsbyLbszl5v0HzHwc9TvZ12TU=
295,30,Y/EVOQVmyOKQWSosyt+5M79q+1o=,9uMsbyLbszl5v0HzHwc9TvZ12TU=
288,31,Y/EVOQVmyOKQWSosyt+5M79q+1o=,9uMsbyLbszl5v0HzHwc9TvZ12TU=
296,24,Y/EVOQVmyOKQWSosyt+5M79q+1o=,2OKalP2VqI+j8ccqXcjESMZQLDY=
291,28,Y/EVOQVmyOKQWSosyt+5M79q+1o=,9uMsbyLbszl5v0HzHwc9TvZ12TU=
296,26,Y/EVOQVmyOKQWSosyt+5M79q+1o=,2OKalP2VqI+j8ccqXcjESMZQLDY=
294,30,Y/EVOQVmyOKQWSosyt+5M79q+1o=,9uMsbyLbszl5v0HzHwc9TvZ12TU=
288,24,Y/EVOQVmyOKQWSosyt+5M79q+1o=,9uMsbyLbszl5v0HzHwc9TvZ12TU=
292,30,Y/EVOQVmyOKQWSosyt+5M79q+1o=,9uMsbyLbszl5v0HzHwc9TvZ12TU=
293,30,Y/EVOQVmyOKQWSosyt+5M79q+1o=,9uMsbyLbszl5v0HzHwc9TvZ12TU=
290,28,Y/EVOQVmyOKQWSosyt+5M79q+1o=,9uMsbyLbszl5v0HzHwc9TvZ12TU=
292,29,Y/EVOQVmyOKQWSosyt+5M79q+1o=,9uMsbyLbszl5v0HzHwc9TvZ12TU=
295,27,Y/EVOQVmyOKQWSosyt+5M79q+1o=,9uMsbyLbszl5v0HzHwc9TvZ12TU=
294,27,Y/EVOQVmyOKQWSosyt+5M79q+1o=,9uMsbyLbszl5v0HzHwc9TvZ12TU=
288,26,Y/EVOQVmyOKQWSosyt+5M79q+1o=,9uMsbyLbszl5v0HzHwc9TvZ12TU=
289,26,Y/EVOQVmyOKQWSosyt+5M79q+1o=,9uMsbyLbszl5v0HzHwc9TvZ12TU=
293,29,Y/EVOQVmyOKQWSosyt+5M79q+1o=,9uMsbyLbszl5v0HzHwc9TvZ12TU=
293,27,Y/EVOQVmyOKQWSosyt+5M79q+1o=,9uMsbyLbszl5v0HzHwc9TvZ12TU=
296,31,Y/EVOQVmyOKQWSosyt+5M79q+1o=,2OKalP2VqI+j8ccqXcjESMZQLDY=
292,27,Y/EVOQVmyOKQWSosyt+5M79q+1o=,9uMsbyLbszl5v0HzHwc9TvZ12TU=
289,27,Y/EVOQVmyOKQWSosyt+5M79q+1o=,9uMsbyLbszl5v0HzHwc9TvZ12TU=
290,27,Y/EVOQVmyOKQWSosyt+5M79q+1o=,9uMsbyLbszl5v0HzHwc9TvZ12TU=
288,27,Y/EVOQVmyOKQWSosyt+5M79q+1o=,9uMsbyLbszl5v0HzHwc9TvZ12TU=
291,27,Y/EVOQVmyOKQWSosyt+5M79q+1o=,9uMsbyLbszl5v0HzHwc9TvZ12TU=
290,24,Y/EVOQVmyOKQWSosyt+5M79q+1o=,9uMsbyLbszl5v0HzHwc9TvZ12TU=
288,30,Y/EVOQVmyOKQWSosyt+5M79q+1o=,9uMsbyLbszl5v0HzHwc9TvZ12TU=
295,29,Y/EVOQVmyOKQWSosyt+5M79q+1o=,9uMsbyLbszl5v0HzHwc9TvZ12TU=
294,29,Y/EVOQVmyOKQWSosyt+5M79q+1o=,9uMsbyLbszl5v0HzHwc9TvZ12TU=
300,25,Y/EVOQVmyOKQWSosyt+5M79q+1o=,2OKalP2VqI+j8ccqXcjESMZQLDY=
303,25,Y/EVOQVmyOKQWSosyt+5M79q+1o=,2OKalP2VqI+j8ccqXcjESMZQLDY=
302,25,Y/EVOQVmyOKQWSosyt+5M79q+1o=,2OKalP2VqI+j8ccqXcjESMZQLDY=
293,25,Y/EVOQVmyOKQWSosyt+5M79q+1o=,9uMsbyLbszl5v0HzHwc9TvZ12TU=
301,25,Y/EVOQVmyOKQWSosyt+5M79q+1o=,2OKalP2VqI+j8ccqXcjESMZQLDY=
288,25,Y/EVOQVmyOKQWSosyt+5M79q+1o=,9uMsbyLbszl5v0HzHwc9TvZ12TU=
298,25,Y/EVOQVmyOKQWSosyt+5M79q+1o=,2OKalP2VqI+j8ccqXcjESMZQLDY=
297,25,Y/EVOQVmyOKQWSosyt+5M79q+1o=,2OKalP2VqI+j8ccqXcjESMZQLDY=
289,25,Y/EVOQVmyOKQWSosyt+5M79q+1o=,9uMsbyLbszl5v0HzHwc9TvZ12TU=
299,25,Y/EVOQVmyOKQWSosyt+5M79q+1o=,2OKalP2VqI+j8ccqXcjESMZQLDY=
294,25,Y/EVOQVmyOKQWSosyt+5M79q+1o=,9uMsbyLbszl5v0HzHwc9TvZ12TU=
292,25,Y/EVOQVmyOKQWSosyt+5M79q+1o=,9uMsbyLbszl5v0HzHwc9TvZ12TU=
290,25,Y/EVOQVmyOKQWSosyt+5M79q+1o=,9uMsbyLbszl5v0HzHwc9TvZ12TU=
295,25,Y/EVOQVmyOKQWSosyt+5M79q+1o=,9uMsbyLbszl5v0HzHwc9TvZ12TU=
291,25,Y/EVOQVmyOKQWSosyt+5M79q+1o=,9uMsbyLbszl5v0HzHwc9TvZ12TU=
296,25,Y/EVOQVmyOKQWSosyt+5M79q+1o=,2OKalP2VqI+j8ccqXcjESMZQLDY=
319,24,8BcJj93EUkORiUxb+FygQpHnV34=,Qf8k3803pQ9O7RAaLW/DTVoZ7dI=
313,24,8BcJj93EUkORiUxb+FygQpHnV34=,Qf8k3803pQ9O7RAaLW/DTVoZ7dI=
318,24,8BcJj93EUkORiUxb+FygQpHnV34=,Qf8k3803pQ9O7RAaLW/DTVoZ7dI=
319,31,8BcJj93EUkORiUxb+FygQpHnV34=,Qf8k3803pQ9O7RAaLW/DTVoZ7dI=
317,31,8BcJj93EUkORiUxb+FygQpHnV34=,Qf8k3803pQ9O7RAaLW/DTVoZ7dI=
318,31,8BcJj93EUkORiUxb+FygQpHnV34=,Qf8k3803pQ9O7RAaLW/DTVoZ7dI=
315,31,8BcJj93EUkORiUxb+FygQpHnV34=,Qf8k3803pQ9O7RAaLW/DTVoZ7dI=
314,31,8BcJj93EUkORiUxb+FygQpHnV34=,Qf8k3803pQ9O7RAaLW/DTVoZ7dI=
316,31,8BcJj93EUkORiUxb+FygQpHnV34=,Qf8k3803pQ9O7RAaLW/DTVoZ7dI=
318,30,8BcJj93EUkORiUxb+FygQpHnV34=,Qf8k3803pQ9O7RAaLW/DTVoZ7dI=
313,31,8BcJj93EUkORiUxb+FygQpHnV34=,Qf8k3803pQ9O7RAaLW/DTVoZ7dI=
317,30,8BcJj93EUkORiUxb+FygQpHnV34=,Qf8k3803pQ9O7RAaLW/DTVoZ7dI=
316,30,8BcJj93EUkORiUxb+FygQpHnV34=,Qf8k3803pQ9O7RAaLW/DTVoZ7dI=
314,30,8BcJj93EUkORiUxb+FygQpHnV34=,Qf8k3803pQ9O7RAaLW/DTVoZ7dI=
313,30,8BcJj93EUkORiUxb+FygQpHnV34=,Qf8k3803pQ9O7RAaLW/DTVoZ7dI=
319,29,8BcJj93EUkORiUxb+FygQpHnV34=,Qf8k3803pQ9O7RAaLW/DTVoZ7dI=
315,30,8BcJj93EUkORiUxb+FygQpHnV34=,Qf8k3803pQ9O7RAaLW/DTVoZ7dI=
318,29,8BcJj93EUkORiUxb+FygQpHnV34=,Qf8k3803pQ9O7RAaLW/DTVoZ7dI=
317,29,8BcJj93EUkORiUxb+FygQpHnV34=,Qf8k3803pQ9O7RAaLW/DTVoZ7dI=
316,29,8BcJj93EUkORiUxb+FygQpHnV34=,Qf8k3803pQ9O7RAaLW/DTVoZ7dI=
315,29,8BcJj93EUkORiUxb+FygQpHnV34=,Qf8k3803pQ9O7RAaLW/DTVoZ7dI=
313,29,8BcJj93EUkORiUxb+FygQpHnV34=,Qf8k3803pQ9O7RAaLW/DTVoZ7dI=
314,29,8BcJj93EUkORiUxb+FygQpHnV34=,Qf8k3803pQ9O7RAaLW/DTVoZ7dI=
319,28,8BcJj93EUkORiUxb+FygQpHnV34=,Qf8k3803pQ9O7RAaLW/DTVoZ7dI=
318,28,8BcJj93EUkORiUxb+FygQpHnV34=,Qf8k3803pQ9O7RAaLW/DTVoZ7dI=
317,28,8BcJj93EUkORiUxb+FygQpHnV34=,Qf8k3803pQ9O7RAaLW/DTVoZ7dI=
316,28,8BcJj93EUkORiUxb+FygQpHnV34=,Qf8k3803pQ9O7RAaLW/DTVoZ7dI=
313,28,8BcJj93EUkORiUxb+FygQpHnV34=,Qf8k3803pQ9O7RAaLW/DTVoZ7dI=
315,28,8BcJj93EUkORiUxb+FygQpHnV34=,Qf8k3803pQ9O7RAaLW/DTVoZ7dI=
314,28,8BcJj93EUkORiUxb+FygQpHnV34=,Qf8k3803pQ9O7RAaLW/DTVoZ7dI=
319,27,8BcJj93EUkORiUxb+FygQpHnV34=,Qf8k3803pQ9O7RAaLW/DTVoZ7dI=
318,27,8BcJj93EUkORiUxb+FygQpHnV34=,Qf8k3803pQ9O7RAaLW/DTVoZ7dI=
317,27,8BcJj93EUkORiUxb+FygQpHnV34=,Qf8k3803pQ9O7RAaLW/DTVoZ7dI=
317,24,8BcJj93EUkORiUxb+FygQpHnV34=,Qf8k3803pQ9O7RAaLW/DTVoZ7dI=
316,27,8BcJj93EUkORiUxb+FygQpHnV34=,Qf8k3803pQ9O7RAaLW/DTVoZ7dI=
314,27,8BcJj93EUkORiUxb+FygQpHnV34=,Qf8k3803pQ9O7RAaLW/DTVoZ7dI=
315,27,8BcJj93EUkORiUxb+FygQpHnV34=,Qf8k3803pQ9O7RAaLW/DTVoZ7dI=
313,27,8BcJj93EUkORiUxb+FygQpHnV34=,Qf8k3803pQ9O7RAaLW/DTVoZ7dI=
319,26,8BcJj93EUkORiUxb+FygQpHnV34=,Qf8k3803pQ9O7RAaLW/DTVoZ7dI=
318,26,8BcJj93EUkORiUxb+FygQpHnV34=,Qf8k3803pQ9O7RAaLW/DTVoZ7dI=
317,26,8BcJj93EUkORiUxb+FygQpHnV34=,Qf8k3803pQ9O7RAaLW/DTVoZ7dI=
316,26,8BcJj93EUkORiUxb+FygQpHnV34=,Qf8k3803pQ9O7RAaLW/DTVoZ7dI=
315,26,8BcJj93EUkORiUxb+FygQpHnV34=,Qf8k3803pQ9O7RAaLW/DTVoZ7dI=
313,26,8BcJj93EUkORiUxb+FygQpHnV34=,Qf8k3803pQ9O7RAaLW/DTVoZ7dI=
314,26,8BcJj93EUkORiUxb+FygQpHnV34=,Qf8k3803pQ9O7RAaLW/DTVoZ7dI=
316,24,8BcJj93EUkORiUxb+FygQpHnV34=,Qf8k3803pQ9O7RAaLW/DTVoZ7dI=
315,24,8BcJj93EUkORiUxb+FygQpHnV34=,Qf8k3803pQ9O7RAaLW/DTVoZ7dI=
314,24,8BcJj93EUkORiUxb+FygQpHnV34=,Qf8k3803pQ9O7RAaLW/DTVoZ7dI=
319,30,8BcJj93EUkORiUxb+FygQpHnV34=,Qf8k3803pQ9O7RAaLW/DTVoZ7dI=
307,27,8BcJj93EUkORiUxb+FygQpHnV34=,SWKHyzOWGv7aCEeAVvNxwCIv4ro=
305,24,8BcJj93EUkORiUxb+FygQpHnV34=,SWKHyzOWGv7aCEeAVvNxwCIv4ro=
308,27,8BcJj93EUkORiUxb+FygQpHnV34=,SWKHyzOWGv7aCEeAVvNxwCIv4ro=
306,27,8BcJj93EUkORiUxb+FygQpHnV34=,SWKHyzOWGv7aCEeAVvNxwCIv4ro=
304,27,8BcJj93EUkORiUxb+FygQpHnV34=,SWKHyzOWGv7aCEeAVvNxwCIv4ro=
309,27,8BcJj93EUkORiUxb+FygQpHnV34=,SWKHyzOWGv7aCEeAVvNxwCIv4ro=
311,24,8BcJj93EUkORiUxb+FygQpHnV34=,SWKHyzOWGv7aCEeAVvNxwCIv4ro=
310,29,8BcJj93EUkORiUxb+FygQpHnV34=,SWKHyzOWGv7aCEeAVvNxwCIv4ro=
311,26,8BcJj93EUkORiUxb+FygQpHnV34=,SWKHyzOWGv7aCEeAVvNxwCIv4ro=
305,27,8BcJj93EUkORiUxb+FygQpHnV34=,SWKHyzOWGv7aCEeAVvNxwCIv4ro=
305,26,8BcJj93EUkORiUxb+FygQpHnV34=,SWKHyzOWGv7aCEeAVvNxwCIv4ro=
312,24,8BcJj93EUkORiUxb+FygQpHnV34=,Qf8k3803pQ9O7RAaLW/DTVoZ7dI=
310,26,8BcJj93EUkORiUxb+FygQpHnV34=,SWKHyzOWGv7aCEeAVvNxwCIv4ro=
304,26,8BcJj93EUkORiUxb+FygQpHnV34=,SWKHyzOWGv7aCEeAVvNxwCIv4ro=
310,27,8BcJj93EUkORiUxb+FygQpHnV34=,SWKHyzOWGv7aCEeAVvNxwCIv4ro=
311,30,8BcJj93EUkORiUxb+FygQpHnV34=,SWKHyzOWGv7aCEeAVvNxwCIv4ro=
310,30,8BcJj93EUkORiUxb+FygQpHnV34=,SWKHyzOWGv7aCEeAVvNxwCIv4ro=
309,24,8BcJj93EUkORiUxb+FygQpHnV34=,SWKHyzOWGv7aCEeAVvNxwCIv4ro=
310,28,8BcJj93EUkORiUxb+FygQpHnV34=,SWKHyzOWGv7aCEeAVvNxwCIv4ro=
309,29,8BcJj93EUkORiUxb+FygQpHnV34=,SWKHyzOWGv7aCEeAVvNxwCIv4ro=
312,26,8BcJj93EUkORiUxb+FygQpHnV34=,Qf8k3803pQ9O7RAaLW/DTVoZ7dI=
306,24,8BcJj93EUkORiUxb+FygQpHnV34=,SWKHyzOWGv7aCEeAVvNxwCIv4ro=
307,29,8BcJj93EUkORiUxb+FygQpHnV34=,SWKHyzOWGv7aCEeAVvNxwCIv4ro=
308,29,8BcJj93EUkORiUxb+FygQpHnV34=,SWKHyzOWGv7aCEeAVvNxwCIv4ro=
309,26,8BcJj93EUkORiUxb+FygQpHnV34=,SWKHyzOWGv7aCEeAVvNxwCIv4ro=
304,31,8BcJj93EUkORiUxb+FygQpHnV34=,SWKHyzOWGv7aCEeAVvNxwCIv4ro=
308,26,8BcJj93EUkORiUxb+FygQpHnV34=,SWKHyzOWGv7aCEeAVvNxwCIv4ro=
311,31,8BcJj93EUkORiUxb+FygQpHnV34=,SWKHyzOWGv7aCEeAVvNxwCIv4ro=
311,27,8BcJj93EUkORiUxb+FygQpHnV34=,SWKHyzOWGv7aCEeAVvNxwCIv4ro=
310,31,8BcJj93EUkORiUxb+FygQpHnV34=,SWKHyzOWGv7aCEeAVvNxwCIv4ro=
304,28,8BcJj93EUkORiUxb+FygQpHnV34=,SWKHyzOWGv7aCEeAVvNxwCIv4ro=
305,31,8BcJj93EUkORiUxb+FygQpHnV34=,SWKHyzOWGv7aCEeAVvNxwCIv4ro=
305,28,8BcJj93EUkORiUxb+FygQpHnV34=,SWKHyzOWGv7aCEeAVvNxwCIv4ro=
308,28,8BcJj93EUkORiUxb+FygQpHnV34=,SWKHyzOWGv7aCEeAVvNxwCIv4ro=
306,28,8BcJj93EUkORiUxb+FygQpHnV34=,SWKHyzOWGv7aCEeAVvNxwCIv4ro=
304,24,8BcJj93EUkORiUxb+FygQpHnV34=,SWKHyzOWGv7aCEeAVvNxwCIv4ro=
309,28,8BcJj93EUkORiUxb+FygQpHnV34=,SWKHyzOWGv7aCEeAVvNxwCIv4ro=
306,31,8BcJj93EUkORiUxb+FygQpHnV34=,SWKHyzOWGv7aCEeAVvNxwCIv4ro=
307,26,8BcJj93EUkORiUxb+FygQpHnV34=,SWKHyzOWGv7aCEeAVvNxwCIv4ro=
312,27,8BcJj93EUkORiUxb+FygQpHnV34=,Qf8k3803pQ9O7RAaLW/DTVoZ7dI=
307,28,8BcJj93EUkORiUxb+FygQpHnV34=,SWKHyzOWGv7aCEeAVvNxwCIv4ro=
307,31,8BcJj93EUkORiUxb+FygQpHnV34=,SWKHyzOWGv7aCEeAVvNxwCIv4ro=
308,31,8BcJj93EUkORiUxb+FygQpHnV34=,SWKHyzOWGv7aCEeAVvNxwCIv4ro=
311,28,8BcJj93EUkORiUxb+FygQpHnV34=,SWKHyzOWGv7aCEeAVvNxwCIv4ro=
311,29,8BcJj93EUkORiUxb+FygQpHnV34=,SWKHyzOWGv7aCEeAVvNxwCIv4ro=
304,30,8BcJj93EUkORiUxb+FygQpHnV34=,SWKHyzOWGv7aCEeAVvNxwCIv4ro=
308,24,8BcJj93EUkORiUxb+FygQpHnV34=,SWKHyzOWGv7aCEeAVvNxwCIv4ro=
312,28,8BcJj93EUkORiUxb+FygQpHnV34=,Qf8k3803pQ9O7RAaLW/DTVoZ7dI=
305,30,8BcJj93EUkORiUxb+FygQpHnV34=,SWKHyzOWGv7aCEeAVvNxwCIv4ro=
306,30,8BcJj93EUkORiUxb+FygQpHnV34=,SWKHyzOWGv7aCEeAVvNxwCIv4ro=
307,30,8BcJj93EUkORiUxb+FygQpHnV34=,SWKHyzOWGv7aCEeAVvNxwCIv4ro=
312,29,8BcJj93EUkORiUxb+FygQpHnV34=,Qf8k3803pQ9O7RAaLW/DTVoZ7dI=
304,29,8BcJj93EUkORiUxb+FygQpHnV34=,SWKHyzOWGv7aCEeAVvNxwCIv4ro=
309,31,8BcJj93EUkORiUxb+FygQpHnV34=,SWKHyzOWGv7aCEeAVvNxwCIv4ro=
308,30,8BcJj93EUkORiUxb+FygQpHnV34=,SWKHyzOWGv7aCEeAVvNxwCIv4ro=
310,24,8BcJj93EUkORiUxb+FygQpHnV34=,SWKHyzOWGv7aCEeAVvNxwCIv4ro=
309,30,8BcJj93EUkORiUxb+FygQpHnV34=,SWKHyzOWGv7aCEeAVvNxwCIv4ro=
318,25,8BcJj93EUkORiUxb+FygQpHnV34=,Qf8k3803pQ9O7RAaLW/DTVoZ7dI=
317,25,8BcJj93EUkORiUxb+FygQpHnV34=,Qf8k3803pQ9O7RAaLW/DTVoZ7dI=
316,25,8BcJj93EUkORiUxb+FygQpHnV34=,Qf8k3803pQ9O7RAaLW/DTVoZ7dI=
319,25,8BcJj93EUkORiUxb+FygQpHnV34=,Qf8k3803pQ9O7RAaLW/DTVoZ7dI=
312,31,8BcJj93EUkORiUxb+FygQpHnV34=,Qf8k3803pQ9O7RAaLW/DTVoZ7dI=
306,29,8BcJj93EUkORiUxb+FygQpHnV34=,SWKHyzOWGv7aCEeAVvNxwCIv4ro=
315,25,8BcJj93EUkORiUxb+FygQpHnV34=,Qf8k3803pQ9O7RAaLW/DTVoZ7dI=
307,24,8BcJj93EUkORiUxb+FygQpHnV34=,SWKHyzOWGv7aCEeAVvNxwCIv4ro=
311,25,8BcJj93EUkORiUxb+FygQpHnV34=,SWKHyzOWGv7aCEeAVvNxwCIv4ro=
306,26,8BcJj93EUkORiUxb+FygQpHnV34=,SWKHyzOWGv7aCEeAVvNxwCIv4ro=
314,25,8BcJj93EUkORiUxb+FygQpHnV34=,Qf8k3803pQ9O7RAaLW/DTVoZ7dI=
305,29,8BcJj93EUkORiUxb+FygQpHnV34=,SWKHyzOWGv7aCEeAVvNxwCIv4ro=
304,25,8BcJj93EUkORiUxb+FygQpHnV34=,SWKHyzOWGv7aCEeAVvNxwCIv4ro=
310,25,8BcJj93EUkORiUxb+FygQpHnV34=,SWKHyzOWGv7aCEeAVvNxwCIv4ro=
312,30,8BcJj93EUkORiUxb+FygQpHnV34=,Qf8k3803pQ9O7RAaLW/DTVoZ7dI=
313,25,8BcJj93EUkORiUxb+FygQpHnV34=,Qf8k3803pQ9O7RAaLW/DTVoZ7dI=
309,25,8BcJj93EUkORiUxb+FygQpHnV34=,SWKHyzOWGv7aCEeAVvNxwCIv4ro=
306,25,8BcJj93EUkORiUxb+FygQpHnV34=,SWKHyzOWGv7aCEeAVvNxwCIv4ro=
308,25,8BcJj93EUkORiUxb+FygQpHnV34=,SWKHyzOWGv7aCEeAVvNxwCIv4ro=
307,25,8BcJj93EUkORiUxb+FygQpHnV34=,SWKHyzOWGv7aCEeAVvNxwCIv4ro=
312,25,8BcJj93EUkORiUxb+FygQpHnV34=,Qf8k3803pQ9O7RAaLW/DTVoZ7dI=
305,25,8BcJj93EUkORiUxb+FygQpHnV34=,SWKHyzOWGv7aCEeAVvNxwCIv4ro=
