6,-1,N3eF1C/7+JurZdvYU+id7Rg1rNI=,EG4u3faKHzWSneLgGo6Rx5/fu0Y=
5,-1,N3eF1C/7+JurZdvYU+id7Rg1rNI=,qp8hhzUDf1vqg9I6VQQlTBR3+s0=
4,-1,N3eF1C/7+JurZdvYU+id7Rg1rNI=,JPDevfGtobmJRTrEQqiV+poZS8s=
4,-4,N3eF1C/7+JurZdvYU+id7Rg1rNI=,9DED+TkrhaKSGOkv1kYHFj/Q/wM=
4,-3,N3eF1C/7+JurZdvYU+id7Rg1rNI=,9DED+TkrhaKSGOkv1kYHFj/Q/wM=
4,-2,N3eF1C/7+JurZdvYU+id7Rg1rNI=,9DED+TkrhaKSGOkv1kYHFj/Q/wM=
3,-1,N3eF1C/7+JurZdvYU+id7Rg1rNI=,Sq7dBkO+XPzslkrpHrybbwR+Cvg=
3,-2,N3eF1C/7+JurZdvYU+id7Rg1rNI=,Sq7dBkO+XPzslkrpHrybbwR+Cvg=
3,-3,N3eF1C/7+JurZdvYU+id7Rg1rNI=,N7mGt+1qMb2dYL7VcnWNj5vW0Ew=
3,-4,N3eF1C/7+JurZdvYU+id7Rg1rNI=,z4JlUJOh+4tvuZ1R72jyQuE1qFA=
2,-1,mM2/RhZzue6PNqe0ousO7ar/Yt4=,ts0nIIvn2/faQnvklJVPfON8w6g=
2,-4,mM2/RhZzue6PNqe0ousO7ar/Yt4=,vkbwLtRDNbBNCDelT4XYU3xcL70=
2,-3,mM2/RhZzue6PNqe0ousO7ar/Yt4=,vkbwLtRDNbBNCDelT4XYU3xcL70=
1,-25,mM2/RhZzue6PNqe0ousO7ar/Yt4=,XU2nG0Qher4rd77AndQwUSixjts=
1,-3,mM2/RhZzue6PNqe0ousO7ar/Yt4=,uVj12N7R+n/DW/vYYZs8NXLmRNs=
1,-4,mM2/RhZzue6PNqe0ousO7ar/Yt4=,TgWUvwyz7HUsv/4h7sbGmQcaQm8=
1,-1,mM2/RhZzue6PNqe0ousO7ar/Yt4=,vld05M2r5UG9WWApsrNOD/L8KS4=
1,-5,mM2/RhZzue6PNqe0ousO7ar/Yt4=,QVqmf+JaIwh/aRE+OYCL8dqVRTg=
1,-2,mM2/RhZzue6PNqe0ousO7ar/Yt4=,TgWUvwyz7HUsv/4h7sbGmQcaQm8=
0,-5,mM2/RhZzue6PNqe0ousO7ar/Yt4=,4oHionJzAaYvPO5tHYlde+lBKxM=
0,-4,mM2/RhZzue6PNqe0ousO7ar/Yt4=,wDoUo45vMLGycobD2TQemcikpB8=
0,-3,mM2/RhZzue6PNqe0ousO7ar/Yt4=,4oHionJzAaYvPO5tHYlde+lBKxM=
0,-2,mM2/RhZzue6PNqe0ousO7ar/Yt4=,4oHionJzAaYvPO5tHYlde+lBKxM=
0,-1,mM2/RhZzue6PNqe0ousO7ar/Yt4=,4oHionJzAaYvPO5tHYlde+lBKxM=
0,-7,mM2/RhZzue6PNqe0ousO7ar/Yt4=,pFhJjEfCZaotF1dZP6m0CvFhHg0=
0,-6,mM2/RhZzue6PNqe0ousO7ar/Yt4=,pFhJjEfCZaotF1dZP6m0CvFhHg0=
9,-1,mM2/RhZzue6PNqe0ousO7ar/Yt4=,b3ITfRCBlYrU/Kkt/LdocpYQfLY=
