-36,93,VwNAGygGLw07/i2uwkp4hJS9EQQ=,iY5qF0bil9g2RSFZpWCtNHjKPko=
-33,92,VwNAGygGLw07/i2uwkp4hJS9EQQ=,iY5qF0bil9g2RSFZpWCtNHjKPko=
-36,95,VwNAGygGLw07/i2uwkp4hJS9EQQ=,iY5qF0bil9g2RSFZpWCtNHjKPko=
-34,92,VwNAGygGLw07/i2uwkp4hJS9EQQ=,iY5qF0bil9g2RSFZpWCtNHjKPko=
-35,92,VwNAGygGLw07/i2uwkp4hJS9EQQ=,iY5qF0bil9g2RSFZpWCtNHjKPko=
-33,94,VwNAGygGLw07/i2uwkp4hJS9EQQ=,iY5qF0bil9g2RSFZpWCtNHjKPko=
-36,94,VwNAGygGLw07/i2uwkp4hJS9EQQ=,iY5qF0bil9g2RSFZpWCtNHjKPko=
-33,93,VwNAGygGLw07/i2uwkp4hJS9EQQ=,iY5qF0bil9g2RSFZpWCtNHjKPko=
-36,92,VwNAGygGLw07/i2uwkp4hJS9EQQ=,iY5qF0bil9g2RSFZpWCtNHjKPko=
-34,93,VwNAGygGLw07/i2uwkp4hJS9EQQ=,iY5qF0bil9g2RSFZpWCtNHjKPko=
-35,93,VwNAGygGLw07/i2uwkp4hJS9EQQ=,iY5qF0bil9g2RSFZpWCtNHjKPko=
-33,95,VwNAGygGLw07/i2uwkp4hJS9EQQ=,iY5qF0bil9g2RSFZpWCtNHjKPko=
-34,94,VwNAGygGLw07/i2uwkp4hJS9EQQ=,iY5qF0bil9g2RSFZpWCtNHjKPko=
-35,94,VwNAGygGLw07/i2uwkp4hJS9EQQ=,iY5qF0bil9g2RSFZpWCtNHjKPko=
-34,95,VwNAGygGLw07/i2uwkp4hJS9EQQ=,iY5qF0bil9g2RSFZpWCtNHjKPko=
-35,95,VwNAGygGLw07/i2uwkp4hJS9EQQ=,iY5qF0bil9g2RSFZpWCtNHjKPko=
-46,94,VwNAGygGLw07/i2uwkp4hJS9EQQ=,AYrrZBmkVzgmyE6hE/YEiZ62ohc=
-48,93,VwNAGygGLw07/i2uwkp4hJS9EQQ=,AYrrZBmkVzgmyE6hE/YEiZ62ohc=
-47,93,VwNAGygGLw07/i2uwkp4hJS9EQQ=,AYrrZBmkVzgmyE6hE/YEiZ62ohc=
-46,95,VwNAGygGLw07/i2uwkp4hJS9EQQ=,AYrrZBmkVzgmyE6hE/YEiZ62ohc=
-48,92,VwNAGygGLw07/i2uwkp4hJS9EQQ=,AYrrZBmkVzgmyE6hE/YEiZ62ohc=
-47,92,VwNAGygGLw07/i2uwkp4hJS9EQQ=,AYrrZBmkVzgmyE6hE/YEiZ62ohc=
-48,95,VwNAGygGLw07/i2uwkp4hJS9EQQ=,AYrrZBmkVzgmyE6hE/YEiZ62ohc=
-46,92,VwNAGygGLw07/i2uwkp4hJS9EQQ=,AYrrZBmkVzgmyE6hE/YEiZ62ohc=
-46,93,VwNAGygGLw07/i2uwkp4hJS9EQQ=,AYrrZBmkVzgmyE6hE/YEiZ62ohc=
-48,94,VwNAGygGLw07/i2uwkp4hJS9EQQ=,AYrrZBmkVzgmyE6hE/YEiZ62ohc=
-47,94,VwNAGygGLw07/i2uwkp4hJS9EQQ=,AYrrZBmkVzgmyE6hE/YEiZ62ohc=
-47,95,VwNAGygGLw07/i2uwkp4hJS9EQQ=,AYrrZBmkVzgmyE6hE/YEiZ62ohc=
-42,95,VwNAGygGLw07/i2uwkp4hJS9EQQ=,XFsqJno2r1AFTpIWp2m364iZFic=
-41,92,VwNAGygGLw07/i2uwkp4hJS9EQQ=,XFsqJno2r1AFTpIWp2m364iZFic=
-42,93,VwNAGygGLw07/i2uwkp4hJS9EQQ=,XFsqJno2r1AFTpIWp2m364iZFic=
-45,92,VwNAGygGLw07/i2uwkp4hJS9EQQ=,AYrrZBmkVzgmyE6hE/YEiZ62ohc=
-42,92,VwNAGygGLw07/i2uwkp4hJS9EQQ=,XFsqJno2r1AFTpIWp2m364iZFic=
-41,93,VwNAGygGLw07/i2uwkp4hJS9EQQ=,XFsqJno2r1AFTpIWp2m364iZFic=
-41,94,VwNAGygGLw07/i2uwkp4hJS9EQQ=,XFsqJno2r1AFTpIWp2m364iZFic=
-41,95,VwNAGygGLw07/i2uwkp4hJS9EQQ=,XFsqJno2r1AFTpIWp2m364iZFic=
-42,94,VwNAGygGLw07/i2uwkp4hJS9EQQ=,XFsqJno2r1AFTpIWp2m364iZFic=
-43,92,VwNAGygGLw07/i2uwkp4hJS9EQQ=,XFsqJno2r1AFTpIWp2m364iZFic=
-45,95,VwNAGygGLw07/i2uwkp4hJS9EQQ=,AYrrZBmkVzgmyE6hE/YEiZ62ohc=
-44,92,VwNAGygGLw07/i2uwkp4hJS9EQQ=,XFsqJno2r1AFTpIWp2m364iZFic=
-43,95,VwNAGygGLw07/i2uwkp4hJS9EQQ=,XFsqJno2r1AFTpIWp2m364iZFic=
-44,95,VwNAGygGLw07/i2uwkp4hJS9EQQ=,XFsqJno2r1AFTpIWp2m364iZFic=
-43,93,VwNAGygGLw07/i2uwkp4hJS9EQQ=,XFsqJno2r1AFTpIWp2m364iZFic=
-45,93,VwNAGygGLw07/i2uwkp4hJS9EQQ=,AYrrZBmkVzgmyE6hE/YEiZ62ohc=
-45,94,VwNAGygGLw07/i2uwkp4hJS9EQQ=,AYrrZBmkVzgmyE6hE/YEiZ62ohc=
-43,94,VwNAGygGLw07/i2uwkp4hJS9EQQ=,XFsqJno2r1AFTpIWp2m364iZFic=
-44,93,VwNAGygGLw07/i2uwkp4hJS9EQQ=,XFsqJno2r1AFTpIWp2m364iZFic=
-44,94,VwNAGygGLw07/i2uwkp4hJS9EQQ=,XFsqJno2r1AFTpIWp2m364iZFic=
-39,74,VwNAGygGLw07/i2uwkp4hJS9EQQ=,L93AwRzLmcZCJ7/QmSMWIA7nY3I=
-38,74,VwNAGygGLw07/i2uwkp4hJS9EQQ=,L93AwRzLmcZCJ7/QmSMWIA7nY3I=
-39,77,VwNAGygGLw07/i2uwkp4hJS9EQQ=,pk+XcNcsCzTGhjD1eXwswd/Ltfg=
-39,75,VwNAGygGLw07/i2uwkp4hJS9EQQ=,L93AwRzLmcZCJ7/QmSMWIA7nY3I=
-39,78,VwNAGygGLw07/i2uwkp4hJS9EQQ=,pk+XcNcsCzTGhjD1eXwswd/Ltfg=
-38,78,VwNAGygGLw07/i2uwkp4hJS9EQQ=,pk+XcNcsCzTGhjD1eXwswd/Ltfg=
-39,76,VwNAGygGLw07/i2uwkp4hJS9EQQ=,pk+XcNcsCzTGhjD1eXwswd/Ltfg=
-38,73,VwNAGygGLw07/i2uwkp4hJS9EQQ=,L93AwRzLmcZCJ7/QmSMWIA7nY3I=
-39,73,VwNAGygGLw07/i2uwkp4hJS9EQQ=,L93AwRzLmcZCJ7/QmSMWIA7nY3I=
-38,70,VwNAGygGLw07/i2uwkp4hJS9EQQ=,V3gZXiVEhqmR6haOEHwNd3OvBho=
-39,71,VwNAGygGLw07/i2uwkp4hJS9EQQ=,V3gZXiVEhqmR6haOEHwNd3OvBho=
-39,70,VwNAGygGLw07/i2uwkp4hJS9EQQ=,V3gZXiVEhqmR6haOEHwNd3OvBho=
-39,69,VwNAGygGLw07/i2uwkp4hJS9EQQ=,V3gZXiVEhqmR6haOEHwNd3OvBho=
-38,72,VwNAGygGLw07/i2uwkp4hJS9EQQ=,L93AwRzLmcZCJ7/QmSMWIA7nY3I=
-38,69,VwNAGygGLw07/i2uwkp4hJS9EQQ=,V3gZXiVEhqmR6haOEHwNd3OvBho=
-39,72,VwNAGygGLw07/i2uwkp4hJS9EQQ=,L93AwRzLmcZCJ7/QmSMWIA7nY3I=
-38,71,VwNAGygGLw07/i2uwkp4hJS9EQQ=,V3gZXiVEhqmR6haOEHwNd3OvBho=
-37,78,Pseo9Smh3iO1EUvoWTfGjmMxv5o=,pk+XcNcsCzTGhjD1eXwswd/Ltfg=
-35,78,Pseo9Smh3iO1EUvoWTfGjmMxv5o=,yfr0pNCgDrmjCuHYC0j3ZRwjP3g=
-38,68,Pseo9Smh3iO1EUvoWTfGjmMxv5o=,V3gZXiVEhqmR6haOEHwNd3OvBho=
-39,68,Pseo9Smh3iO1EUvoWTfGjmMxv5o=,V3gZXiVEhqmR6haOEHwNd3OvBho=
-38,67,Pseo9Smh3iO1EUvoWTfGjmMxv5o=,LhJ51bdDmAbSwyQpP5ydnhP1K9k=
-42,66,Pseo9Smh3iO1EUvoWTfGjmMxv5o=,Gqa1/IzfBp/bhaHRq3FWfPxXNac=
-43,65,Pseo9Smh3iO1EUvoWTfGjmMxv5o=,Gqa1/IzfBp/bhaHRq3FWfPxXNac=
-43,66,Pseo9Smh3iO1EUvoWTfGjmMxv5o=,Gqa1/IzfBp/bhaHRq3FWfPxXNac=
-36,74,Pseo9Smh3iO1EUvoWTfGjmMxv5o=,/yVRdN63QI8W6LdeHwDX7DNzSjY=
-37,74,Pseo9Smh3iO1EUvoWTfGjmMxv5o=,L93AwRzLmcZCJ7/QmSMWIA7nY3I=
-37,73,Pseo9Smh3iO1EUvoWTfGjmMxv5o=,L93AwRzLmcZCJ7/QmSMWIA7nY3I=
-42,65,Pseo9Smh3iO1EUvoWTfGjmMxv5o=,Gqa1/IzfBp/bhaHRq3FWfPxXNac=
-38,75,Pseo9Smh3iO1EUvoWTfGjmMxv5o=,L93AwRzLmcZCJ7/QmSMWIA7nY3I=
-37,75,Pseo9Smh3iO1EUvoWTfGjmMxv5o=,L93AwRzLmcZCJ7/QmSMWIA7nY3I=
-38,76,Pseo9Smh3iO1EUvoWTfGjmMxv5o=,pk+XcNcsCzTGhjD1eXwswd/Ltfg=
-38,77,Pseo9Smh3iO1EUvoWTfGjmMxv5o=,pk+XcNcsCzTGhjD1eXwswd/Ltfg=
-37,77,Pseo9Smh3iO1EUvoWTfGjmMxv5o=,pk+XcNcsCzTGhjD1eXwswd/Ltfg=
-37,76,Pseo9Smh3iO1EUvoWTfGjmMxv5o=,pk+XcNcsCzTGhjD1eXwswd/Ltfg=
-36,75,Pseo9Smh3iO1EUvoWTfGjmMxv5o=,/yVRdN63QI8W6LdeHwDX7DNzSjY=
-44,65,Pseo9Smh3iO1EUvoWTfGjmMxv5o=,Gqa1/IzfBp/bhaHRq3FWfPxXNac=
-45,66,Pseo9Smh3iO1EUvoWTfGjmMxv5o=,/VMjI9SVD/RPWjkfBZmCgxmhXiI=
-46,66,Pseo9Smh3iO1EUvoWTfGjmMxv5o=,/VMjI9SVD/RPWjkfBZmCgxmhXiI=
-47,66,Pseo9Smh3iO1EUvoWTfGjmMxv5o=,/VMjI9SVD/RPWjkfBZmCgxmhXiI=
-45,65,Pseo9Smh3iO1EUvoWTfGjmMxv5o=,/VMjI9SVD/RPWjkfBZmCgxmhXiI=
-46,65,Pseo9Smh3iO1EUvoWTfGjmMxv5o=,/VMjI9SVD/RPWjkfBZmCgxmhXiI=
-47,65,Pseo9Smh3iO1EUvoWTfGjmMxv5o=,/VMjI9SVD/RPWjkfBZmCgxmhXiI=
-44,66,Pseo9Smh3iO1EUvoWTfGjmMxv5o=,Gqa1/IzfBp/bhaHRq3FWfPxXNac=
-47,67,Pseo9Smh3iO1EUvoWTfGjmMxv5o=,/VMjI9SVD/RPWjkfBZmCgxmhXiI=
-46,67,Pseo9Smh3iO1EUvoWTfGjmMxv5o=,/VMjI9SVD/RPWjkfBZmCgxmhXiI=
-36,76,1csNQiJALRt127K5Lu13Lq+vywI=,yfr0pNCgDrmjCuHYC0j3ZRwjP3g=
-35,75,1csNQiJALRt127K5Lu13Lq+vywI=,/yVRdN63QI8W6LdeHwDX7DNzSjY=
-36,77,1csNQiJALRt127K5Lu13Lq+vywI=,yfr0pNCgDrmjCuHYC0j3ZRwjP3g=
-37,70,1csNQiJALRt127K5Lu13Lq+vywI=,V3gZXiVEhqmR6haOEHwNd3OvBho=
-37,72,1csNQiJALRt127K5Lu13Lq+vywI=,L93AwRzLmcZCJ7/QmSMWIA7nY3I=
-37,71,1csNQiJALRt127K5Lu13Lq+vywI=,V3gZXiVEhqmR6haOEHwNd3OvBho=
-35,77,1csNQiJALRt127K5Lu13Lq+vywI=,yfr0pNCgDrmjCuHYC0j3ZRwjP3g=
-36,71,1csNQiJALRt127K5Lu13Lq+vywI=,5m4GkgjmF993/w6qtk/xJaSjyhU=
-36,73,1csNQiJALRt127K5Lu13Lq+vywI=,/yVRdN63QI8W6LdeHwDX7DNzSjY=
-35,76,1csNQiJALRt127K5Lu13Lq+vywI=,yfr0pNCgDrmjCuHYC0j3ZRwjP3g=
-36,72,1csNQiJALRt127K5Lu13Lq+vywI=,/yVRdN63QI8W6LdeHwDX7DNzSjY=
-36,70,1csNQiJALRt127K5Lu13Lq+vywI=,5m4GkgjmF993/w6qtk/xJaSjyhU=
-35,70,1csNQiJALRt127K5Lu13Lq+vywI=,5m4GkgjmF993/w6qtk/xJaSjyhU=
-35,71,1csNQiJALRt127K5Lu13Lq+vywI=,5m4GkgjmF993/w6qtk/xJaSjyhU=
-35,73,1csNQiJALRt127K5Lu13Lq+vywI=,/yVRdN63QI8W6LdeHwDX7DNzSjY=
-35,74,1csNQiJALRt127K5Lu13Lq+vywI=,/yVRdN63QI8W6LdeHwDX7DNzSjY=
-35,72,1csNQiJALRt127K5Lu13Lq+vywI=,/yVRdN63QI8W6LdeHwDX7DNzSjY=
-43,64,1csNQiJALRt127K5Lu13Lq+vywI=,Gqa1/IzfBp/bhaHRq3FWfPxXNac=
-42,64,1csNQiJALRt127K5Lu13Lq+vywI=,Gqa1/IzfBp/bhaHRq3FWfPxXNac=
-35,79,1csNQiJALRt127K5Lu13Lq+vywI=,yfr0pNCgDrmjCuHYC0j3ZRwjP3g=
-34,79,1csNQiJALRt127K5Lu13Lq+vywI=,yfr0pNCgDrmjCuHYC0j3ZRwjP3g=
-34,73,1csNQiJALRt127K5Lu13Lq+vywI=,/yVRdN63QI8W6LdeHwDX7DNzSjY=
-33,79,1csNQiJALRt127K5Lu13Lq+vywI=,yfr0pNCgDrmjCuHYC0j3ZRwjP3g=
-40,67,1csNQiJALRt127K5Lu13Lq+vywI=,LhJ51bdDmAbSwyQpP5ydnhP1K9k=
-34,70,1csNQiJALRt127K5Lu13Lq+vywI=,5m4GkgjmF993/w6qtk/xJaSjyhU=
-33,71,1csNQiJALRt127K5Lu13Lq+vywI=,5m4GkgjmF993/w6qtk/xJaSjyhU=
-33,73,1csNQiJALRt127K5Lu13Lq+vywI=,/yVRdN63QI8W6LdeHwDX7DNzSjY=
-34,71,1csNQiJALRt127K5Lu13Lq+vywI=,5m4GkgjmF993/w6qtk/xJaSjyhU=
-34,72,1csNQiJALRt127K5Lu13Lq+vywI=,/yVRdN63QI8W6LdeHwDX7DNzSjY=
-33,72,1csNQiJALRt127K5Lu13Lq+vywI=,/yVRdN63QI8W6LdeHwDX7DNzSjY=
-33,70,XXzAhJslOVDqukfi58JuXowqS9Q=,5m4GkgjmF993/w6qtk/xJaSjyhU=
-41,66,XXzAhJslOVDqukfi58JuXowqS9Q=,Gqa1/IzfBp/bhaHRq3FWfPxXNac=
-34,78,XXzAhJslOVDqukfi58JuXowqS9Q=,yfr0pNCgDrmjCuHYC0j3ZRwjP3g=
-45,67,XXzAhJslOVDqukfi58JuXowqS9Q=,/VMjI9SVD/RPWjkfBZmCgxmhXiI=
-43,67,XXzAhJslOVDqukfi58JuXowqS9Q=,Gqa1/IzfBp/bhaHRq3FWfPxXNac=
-40,70,XXzAhJslOVDqukfi58JuXowqS9Q=,V3gZXiVEhqmR6haOEHwNd3OvBho=
-44,67,XXzAhJslOVDqukfi58JuXowqS9Q=,Gqa1/IzfBp/bhaHRq3FWfPxXNac=
-40,69,XXzAhJslOVDqukfi58JuXowqS9Q=,V3gZXiVEhqmR6haOEHwNd3OvBho=
-40,68,XXzAhJslOVDqukfi58JuXowqS9Q=,V3gZXiVEhqmR6haOEHwNd3OvBho=
-41,67,XXzAhJslOVDqukfi58JuXowqS9Q=,Gqa1/IzfBp/bhaHRq3FWfPxXNac=
-42,67,XXzAhJslOVDqukfi58JuXowqS9Q=,Gqa1/IzfBp/bhaHRq3FWfPxXNac=
-37,69,XXzAhJslOVDqukfi58JuXowqS9Q=,V3gZXiVEhqmR6haOEHwNd3OvBho=
-38,66,XXzAhJslOVDqukfi58JuXowqS9Q=,LhJ51bdDmAbSwyQpP5ydnhP1K9k=
-37,68,XXzAhJslOVDqukfi58JuXowqS9Q=,V3gZXiVEhqmR6haOEHwNd3OvBho=
-40,66,XXzAhJslOVDqukfi58JuXowqS9Q=,LhJ51bdDmAbSwyQpP5ydnhP1K9k=
-37,67,XXzAhJslOVDqukfi58JuXowqS9Q=,LhJ51bdDmAbSwyQpP5ydnhP1K9k=
-39,67,XXzAhJslOVDqukfi58JuXowqS9Q=,LhJ51bdDmAbSwyQpP5ydnhP1K9k=
-34,76,XXzAhJslOVDqukfi58JuXowqS9Q=,yfr0pNCgDrmjCuHYC0j3ZRwjP3g=
-34,74,XXzAhJslOVDqukfi58JuXowqS9Q=,/yVRdN63QI8W6LdeHwDX7DNzSjY=
-33,76,XXzAhJslOVDqukfi58JuXowqS9Q=,yfr0pNCgDrmjCuHYC0j3ZRwjP3g=
-36,68,XXzAhJslOVDqukfi58JuXowqS9Q=,5m4GkgjmF993/w6qtk/xJaSjyhU=
-44,64,XXzAhJslOVDqukfi58JuXowqS9Q=,Gqa1/IzfBp/bhaHRq3FWfPxXNac=
-47,64,XXzAhJslOVDqukfi58JuXowqS9Q=,/VMjI9SVD/RPWjkfBZmCgxmhXiI=
-46,64,XXzAhJslOVDqukfi58JuXowqS9Q=,/VMjI9SVD/RPWjkfBZmCgxmhXiI=
-45,64,XXzAhJslOVDqukfi58JuXowqS9Q=,/VMjI9SVD/RPWjkfBZmCgxmhXiI=
-36,79,XXzAhJslOVDqukfi58JuXowqS9Q=,yfr0pNCgDrmjCuHYC0j3ZRwjP3g=
-33,78,XXzAhJslOVDqukfi58JuXowqS9Q=,yfr0pNCgDrmjCuHYC0j3ZRwjP3g=
-34,77,XXzAhJslOVDqukfi58JuXowqS9Q=,yfr0pNCgDrmjCuHYC0j3ZRwjP3g=
-33,74,XXzAhJslOVDqukfi58JuXowqS9Q=,/yVRdN63QI8W6LdeHwDX7DNzSjY=
-39,66,XXzAhJslOVDqukfi58JuXowqS9Q=,LhJ51bdDmAbSwyQpP5ydnhP1K9k=
-37,66,XXzAhJslOVDqukfi58JuXowqS9Q=,LhJ51bdDmAbSwyQpP5ydnhP1K9k=
-35,68,XXzAhJslOVDqukfi58JuXowqS9Q=,5m4GkgjmF993/w6qtk/xJaSjyhU=
-37,79,XXzAhJslOVDqukfi58JuXowqS9Q=,pk+XcNcsCzTGhjD1eXwswd/Ltfg=
-33,75,XXzAhJslOVDqukfi58JuXowqS9Q=,/yVRdN63QI8W6LdeHwDX7DNzSjY=
-39,79,XXzAhJslOVDqukfi58JuXowqS9Q=,pk+XcNcsCzTGhjD1eXwswd/Ltfg=
-38,79,XXzAhJslOVDqukfi58JuXowqS9Q=,pk+XcNcsCzTGhjD1eXwswd/Ltfg=
-40,77,XXzAhJslOVDqukfi58JuXowqS9Q=,pk+XcNcsCzTGhjD1eXwswd/Ltfg=
-40,78,XXzAhJslOVDqukfi58JuXowqS9Q=,pk+XcNcsCzTGhjD1eXwswd/Ltfg=
-40,72,XXzAhJslOVDqukfi58JuXowqS9Q=,L93AwRzLmcZCJ7/QmSMWIA7nY3I=
-40,76,XXzAhJslOVDqukfi58JuXowqS9Q=,pk+XcNcsCzTGhjD1eXwswd/Ltfg=
-40,71,XXzAhJslOVDqukfi58JuXowqS9Q=,V3gZXiVEhqmR6haOEHwNd3OvBho=
-40,75,XXzAhJslOVDqukfi58JuXowqS9Q=,L93AwRzLmcZCJ7/QmSMWIA7nY3I=
-40,74,XXzAhJslOVDqukfi58JuXowqS9Q=,L93AwRzLmcZCJ7/QmSMWIA7nY3I=
-34,68,XXzAhJslOVDqukfi58JuXowqS9Q=,5m4GkgjmF993/w6qtk/xJaSjyhU=
-33,68,XXzAhJslOVDqukfi58JuXowqS9Q=,5m4GkgjmF993/w6qtk/xJaSjyhU=
-40,73,XXzAhJslOVDqukfi58JuXowqS9Q=,L93AwRzLmcZCJ7/QmSMWIA7nY3I=
-40,79,XXzAhJslOVDqukfi58JuXowqS9Q=,pk+XcNcsCzTGhjD1eXwswd/Ltfg=
-36,69,XXzAhJslOVDqukfi58JuXowqS9Q=,5m4GkgjmF993/w6qtk/xJaSjyhU=
-33,77,XXzAhJslOVDqukfi58JuXowqS9Q=,yfr0pNCgDrmjCuHYC0j3ZRwjP3g=
-35,69,XXzAhJslOVDqukfi58JuXowqS9Q=,5m4GkgjmF993/w6qtk/xJaSjyhU=
-36,78,XXzAhJslOVDqukfi58JuXowqS9Q=,yfr0pNCgDrmjCuHYC0j3ZRwjP3g=
-33,67,XXzAhJslOVDqukfi58JuXowqS9Q=,k5KPGDUdhvmj4yL/57qJ+xpN/YE=
-33,66,XXzAhJslOVDqukfi58JuXowqS9Q=,k5KPGDUdhvmj4yL/57qJ+xpN/YE=
-34,75,uGzS56i32U8fRttyh+MisL166so=,/yVRdN63QI8W6LdeHwDX7DNzSjY=
-34,69,uGzS56i32U8fRttyh+MisL166so=,5m4GkgjmF993/w6qtk/xJaSjyhU=
-33,69,uGzS56i32U8fRttyh+MisL166so=,5m4GkgjmF993/w6qtk/xJaSjyhU=
-36,66,uGzS56i32U8fRttyh+MisL166so=,k5KPGDUdhvmj4yL/57qJ+xpN/YE=
-35,66,uGzS56i32U8fRttyh+MisL166so=,k5KPGDUdhvmj4yL/57qJ+xpN/YE=
-41,64,uGzS56i32U8fRttyh+MisL166so=,Gqa1/IzfBp/bhaHRq3FWfPxXNac=
-36,67,uGzS56i32U8fRttyh+MisL166so=,k5KPGDUdhvmj4yL/57qJ+xpN/YE=
-48,64,uGzS56i32U8fRttyh+MisL166so=,/VMjI9SVD/RPWjkfBZmCgxmhXiI=
-48,65,uGzS56i32U8fRttyh+MisL166so=,/VMjI9SVD/RPWjkfBZmCgxmhXiI=
-48,66,uGzS56i32U8fRttyh+MisL166so=,/VMjI9SVD/RPWjkfBZmCgxmhXiI=
-48,67,uGzS56i32U8fRttyh+MisL166so=,/VMjI9SVD/RPWjkfBZmCgxmhXiI=
-34,66,uGzS56i32U8fRttyh+MisL166so=,k5KPGDUdhvmj4yL/57qJ+xpN/YE=
-37,64,uGzS56i32U8fRttyh+MisL166so=,LhJ51bdDmAbSwyQpP5ydnhP1K9k=
-33,64,uGzS56i32U8fRttyh+MisL166so=,k5KPGDUdhvmj4yL/57qJ+xpN/YE=
-41,65,uGzS56i32U8fRttyh+MisL166so=,Gqa1/IzfBp/bhaHRq3FWfPxXNac=
-38,65,uGzS56i32U8fRttyh+MisL166so=,LhJ51bdDmAbSwyQpP5ydnhP1K9k=
-36,64,uGzS56i32U8fRttyh+MisL166so=,k5KPGDUdhvmj4yL/57qJ+xpN/YE=
-37,65,uGzS56i32U8fRttyh+MisL166so=,LhJ51bdDmAbSwyQpP5ydnhP1K9k=
-34,67,uGzS56i32U8fRttyh+MisL166so=,k5KPGDUdhvmj4yL/57qJ+xpN/YE=
-40,65,uGzS56i32U8fRttyh+MisL166so=,LhJ51bdDmAbSwyQpP5ydnhP1K9k=
-38,64,uGzS56i32U8fRttyh+MisL166so=,LhJ51bdDmAbSwyQpP5ydnhP1K9k=
-40,64,uGzS56i32U8fRttyh+MisL166so=,LhJ51bdDmAbSwyQpP5ydnhP1K9k=
-39,65,uGzS56i32U8fRttyh+MisL166so=,LhJ51bdDmAbSwyQpP5ydnhP1K9k=
-33,65,uGzS56i32U8fRttyh+MisL166so=,k5KPGDUdhvmj4yL/57qJ+xpN/YE=
-35,67,uGzS56i32U8fRttyh+MisL166so=,k5KPGDUdhvmj4yL/57qJ+xpN/YE=
-39,64,uGzS56i32U8fRttyh+MisL166so=,LhJ51bdDmAbSwyQpP5ydnhP1K9k=
-34,65,uGzS56i32U8fRttyh+MisL166so=,k5KPGDUdhvmj4yL/57qJ+xpN/YE=
-34,64,uGzS56i32U8fRttyh+MisL166so=,k5KPGDUdhvmj4yL/57qJ+xpN/YE=
-36,65,uGzS56i32U8fRttyh+MisL166so=,k5KPGDUdhvmj4yL/57qJ+xpN/YE=
-35,65,uGzS56i32U8fRttyh+MisL166so=,k5KPGDUdhvmj4yL/57qJ+xpN/YE=
-35,64,uGzS56i32U8fRttyh+MisL166so=,k5KPGDUdhvmj4yL/57qJ+xpN/YE=
-50,69,Y3GM4MtGT9SEST4N+Cvxglyak/Q=,ZHUiAYkI9OkzqHkkw/J+Rv2nteQ=
-49,69,Y3GM4MtGT9SEST4N+Cvxglyak/Q=,ZHUiAYkI9OkzqHkkw/J+Rv2nteQ=
-51,69,Y3GM4MtGT9SEST4N+Cvxglyak/Q=,ZHUiAYkI9OkzqHkkw/J+Rv2nteQ=
-49,71,Y3GM4MtGT9SEST4N+Cvxglyak/Q=,ZHUiAYkI9OkzqHkkw/J+Rv2nteQ=
-50,71,Y3GM4MtGT9SEST4N+Cvxglyak/Q=,ZHUiAYkI9OkzqHkkw/J+Rv2nteQ=
-51,71,Y3GM4MtGT9SEST4N+Cvxglyak/Q=,ZHUiAYkI9OkzqHkkw/J+Rv2nteQ=
-49,70,Y3GM4MtGT9SEST4N+Cvxglyak/Q=,ZHUiAYkI9OkzqHkkw/J+Rv2nteQ=
-50,70,Y3GM4MtGT9SEST4N+Cvxglyak/Q=,ZHUiAYkI9OkzqHkkw/J+Rv2nteQ=
-51,70,Y3GM4MtGT9SEST4N+Cvxglyak/Q=,ZHUiAYkI9OkzqHkkw/J+Rv2nteQ=
-52,70,Y3GM4MtGT9SEST4N+Cvxglyak/Q=,ZHUiAYkI9OkzqHkkw/J+Rv2nteQ=
-52,71,Y3GM4MtGT9SEST4N+Cvxglyak/Q=,ZHUiAYkI9OkzqHkkw/J+Rv2nteQ=
-52,69,Y3GM4MtGT9SEST4N+Cvxglyak/Q=,ZHUiAYkI9OkzqHkkw/J+Rv2nteQ=
-50,64,Y3GM4MtGT9SEST4N+Cvxglyak/Q=,l49aiFBRLhNISoyfrLeHbNcDSAI=
-51,65,Y3GM4MtGT9SEST4N+Cvxglyak/Q=,l49aiFBRLhNISoyfrLeHbNcDSAI=
-51,64,Y3GM4MtGT9SEST4N+Cvxglyak/Q=,l49aiFBRLhNISoyfrLeHbNcDSAI=
-52,64,Y3GM4MtGT9SEST4N+Cvxglyak/Q=,l49aiFBRLhNISoyfrLeHbNcDSAI=
-49,68,Y3GM4MtGT9SEST4N+Cvxglyak/Q=,ZHUiAYkI9OkzqHkkw/J+Rv2nteQ=
-52,66,Y3GM4MtGT9SEST4N+Cvxglyak/Q=,l49aiFBRLhNISoyfrLeHbNcDSAI=
-51,66,Y3GM4MtGT9SEST4N+Cvxglyak/Q=,l49aiFBRLhNISoyfrLeHbNcDSAI=
-52,65,Y3GM4MtGT9SEST4N+Cvxglyak/Q=,l49aiFBRLhNISoyfrLeHbNcDSAI=
-50,68,Y3GM4MtGT9SEST4N+Cvxglyak/Q=,ZHUiAYkI9OkzqHkkw/J+Rv2nteQ=
-49,64,Y3GM4MtGT9SEST4N+Cvxglyak/Q=,l49aiFBRLhNISoyfrLeHbNcDSAI=
-49,65,Y3GM4MtGT9SEST4N+Cvxglyak/Q=,l49aiFBRLhNISoyfrLeHbNcDSAI=
-52,68,Y3GM4MtGT9SEST4N+Cvxglyak/Q=,ZHUiAYkI9OkzqHkkw/J+Rv2nteQ=
-52,67,Y3GM4MtGT9SEST4N+Cvxglyak/Q=,l49aiFBRLhNISoyfrLeHbNcDSAI=
-51,68,Y3GM4MtGT9SEST4N+Cvxglyak/Q=,ZHUiAYkI9OkzqHkkw/J+Rv2nteQ=
-50,65,Y3GM4MtGT9SEST4N+Cvxglyak/Q=,l49aiFBRLhNISoyfrLeHbNcDSAI=
-49,67,Y3GM4MtGT9SEST4N+Cvxglyak/Q=,l49aiFBRLhNISoyfrLeHbNcDSAI=
-51,67,Y3GM4MtGT9SEST4N+Cvxglyak/Q=,l49aiFBRLhNISoyfrLeHbNcDSAI=
-50,66,Y3GM4MtGT9SEST4N+Cvxglyak/Q=,l49aiFBRLhNISoyfrLeHbNcDSAI=
-49,66,Y3GM4MtGT9SEST4N+Cvxglyak/Q=,l49aiFBRLhNISoyfrLeHbNcDSAI=
-50,67,Y3GM4MtGT9SEST4N+Cvxglyak/Q=,l49aiFBRLhNISoyfrLeHbNcDSAI=
