-75,-6,CSNb/DnSuMMyzy5R99u9rg5F39g=,CnbiRoHQ5XAGNtpUKArL+ZeSiu4=
-74,-7,CSNb/DnSuMMyzy5R99u9rg5F39g=,CnbiRoHQ5XAGNtpUKArL+ZeSiu4=
-75,-7,CSNb/DnSuMMyzy5R99u9rg5F39g=,CnbiRoHQ5XAGNtpUKArL+ZeSiu4=
-74,-6,CSNb/DnSuMMyzy5R99u9rg5F39g=,CnbiRoHQ5XAGNtpUKArL+ZeSiu4=
-74,-4,CSNb/DnSuMMyzy5R99u9rg5F39g=,f0cfzt+IaXPEHwavIENjUhOhleM=
-75,-3,CSNb/DnSuMMyzy5R99u9rg5F39g=,f0cfzt+IaXPEHwavIENjUhOhleM=
-75,-4,CSNb/DnSuMMyzy5R99u9rg5F39g=,f0cfzt+IaXPEHwavIENjUhOhleM=
-74,-2,CSNb/DnSuMMyzy5R99u9rg5F39g=,f0cfzt+IaXPEHwavIENjUhOhleM=
-74,-5,CSNb/DnSuMMyzy5R99u9rg5F39g=,CnbiRoHQ5XAGNtpUKArL+ZeSiu4=
-75,-2,CSNb/DnSuMMyzy5R99u9rg5F39g=,f0cfzt+IaXPEHwavIENjUhOhleM=
-75,-5,CSNb/DnSuMMyzy5R99u9rg5F39g=,CnbiRoHQ5XAGNtpUKArL+ZeSiu4=
-74,-3,CSNb/DnSuMMyzy5R99u9rg5F39g=,f0cfzt+IaXPEHwavIENjUhOhleM=
-66,-2,CSNb/DnSuMMyzy5R99u9rg5F39g=,3jt7tnV2jTJ1umq286AWhoNk5iw=
-67,-2,CSNb/DnSuMMyzy5R99u9rg5F39g=,3jt7tnV2jTJ1umq286AWhoNk5iw=
-66,-3,CSNb/DnSuMMyzy5R99u9rg5F39g=,3jt7tnV2jTJ1umq286AWhoNk5iw=
-67,-3,CSNb/DnSuMMyzy5R99u9rg5F39g=,3jt7tnV2jTJ1umq286AWhoNk5iw=
-67,-7,0VRRFocxMa554PvuIljbWzoBKnY=,HGsyV/Wzl05PWeMypNja3AFTEe8=
-66,-6,0VRRFocxMa554PvuIljbWzoBKnY=,HGsyV/Wzl05PWeMypNja3AFTEe8=
-66,-5,0VRRFocxMa554PvuIljbWzoBKnY=,HGsyV/Wzl05PWeMypNja3AFTEe8=
-66,-7,0VRRFocxMa554PvuIljbWzoBKnY=,HGsyV/Wzl05PWeMypNja3AFTEe8=
-66,-4,0VRRFocxMa554PvuIljbWzoBKnY=,3jt7tnV2jTJ1umq286AWhoNk5iw=
-74,-11,0VRRFocxMa554PvuIljbWzoBKnY=,Bg8us+FuqrUgnDbL5O/GpfgephY=
-75,-10,0VRRFocxMa554PvuIljbWzoBKnY=,Bg8us+FuqrUgnDbL5O/GpfgephY=
-74,-10,0VRRFocxMa554PvuIljbWzoBKnY=,Bg8us+FuqrUgnDbL5O/GpfgephY=
-75,-11,0VRRFocxMa554PvuIljbWzoBKnY=,Bg8us+FuqrUgnDbL5O/GpfgephY=
-74,-8,0VRRFocxMa554PvuIljbWzoBKnY=,CnbiRoHQ5XAGNtpUKArL+ZeSiu4=
-74,-9,0VRRFocxMa554PvuIljbWzoBKnY=,Bg8us+FuqrUgnDbL5O/GpfgephY=
-75,-9,0VRRFocxMa554PvuIljbWzoBKnY=,Bg8us+FuqrUgnDbL5O/GpfgephY=
-75,-8,0VRRFocxMa554PvuIljbWzoBKnY=,CnbiRoHQ5XAGNtpUKArL+ZeSiu4=
-67,-8,0VRRFocxMa554PvuIljbWzoBKnY=,HGsyV/Wzl05PWeMypNja3AFTEe8=
-66,-8,0VRRFocxMa554PvuIljbWzoBKnY=,HGsyV/Wzl05PWeMypNja3AFTEe8=
-75,-12,0VRRFocxMa554PvuIljbWzoBKnY=,Bg8us+FuqrUgnDbL5O/GpfgephY=
-74,-12,0VRRFocxMa554PvuIljbWzoBKnY=,Bg8us+FuqrUgnDbL5O/GpfgephY=
-74,-1,0VRRFocxMa554PvuIljbWzoBKnY=,f0cfzt+IaXPEHwavIENjUhOhleM=
-75,-1,0VRRFocxMa554PvuIljbWzoBKnY=,f0cfzt+IaXPEHwavIENjUhOhleM=
-70,-1,0VRRFocxMa554PvuIljbWzoBKnY=,jI43mSYkuKVQ/Tt6PUYftnP7RGY=
-68,-3,0VRRFocxMa554PvuIljbWzoBKnY=,3jt7tnV2jTJ1umq286AWhoNk5iw=
-73,-1,0VRRFocxMa554PvuIljbWzoBKnY=,f0cfzt+IaXPEHwavIENjUhOhleM=
-68,-2,0VRRFocxMa554PvuIljbWzoBKnY=,3jt7tnV2jTJ1umq286AWhoNk5iw=
-70,-10,0VRRFocxMa554PvuIljbWzoBKnY=,9VVnA91utE5gUfdxuxPcGMeVLP0=
-69,-10,0VRRFocxMa554PvuIljbWzoBKnY=,9VVnA91utE5gUfdxuxPcGMeVLP0=
-73,-11,0VRRFocxMa554PvuIljbWzoBKnY=,Bg8us+FuqrUgnDbL5O/GpfgephY=
-72,-12,0VRRFocxMa554PvuIljbWzoBKnY=,9VVnA91utE5gUfdxuxPcGMeVLP0=
-71,-12,0VRRFocxMa554PvuIljbWzoBKnY=,9VVnA91utE5gUfdxuxPcGMeVLP0=
-70,-12,0VRRFocxMa554PvuIljbWzoBKnY=,9VVnA91utE5gUfdxuxPcGMeVLP0=
-72,-11,0VRRFocxMa554PvuIljbWzoBKnY=,9VVnA91utE5gUfdxuxPcGMeVLP0=
-71,-11,0VRRFocxMa554PvuIljbWzoBKnY=,9VVnA91utE5gUfdxuxPcGMeVLP0=
-73,-10,0VRRFocxMa554PvuIljbWzoBKnY=,Bg8us+FuqrUgnDbL5O/GpfgephY=
-70,-11,0VRRFocxMa554PvuIljbWzoBKnY=,9VVnA91utE5gUfdxuxPcGMeVLP0=
-73,-12,0VRRFocxMa554PvuIljbWzoBKnY=,Bg8us+FuqrUgnDbL5O/GpfgephY=
-69,-11,0VRRFocxMa554PvuIljbWzoBKnY=,9VVnA91utE5gUfdxuxPcGMeVLP0=
-71,-1,0VRRFocxMa554PvuIljbWzoBKnY=,jI43mSYkuKVQ/Tt6PUYftnP7RGY=
-72,-1,0VRRFocxMa554PvuIljbWzoBKnY=,jI43mSYkuKVQ/Tt6PUYftnP7RGY=
-69,-2,0VRRFocxMa554PvuIljbWzoBKnY=,jI43mSYkuKVQ/Tt6PUYftnP7RGY=
-70,-2,0VRRFocxMa554PvuIljbWzoBKnY=,jI43mSYkuKVQ/Tt6PUYftnP7RGY=
-69,-3,0VRRFocxMa554PvuIljbWzoBKnY=,jI43mSYkuKVQ/Tt6PUYftnP7RGY=
-69,-1,0VRRFocxMa554PvuIljbWzoBKnY=,jI43mSYkuKVQ/Tt6PUYftnP7RGY=
-68,-1,0VRRFocxMa554PvuIljbWzoBKnY=,3jt7tnV2jTJ1umq286AWhoNk5iw=
-66,-1,0VRRFocxMa554PvuIljbWzoBKnY=,3jt7tnV2jTJ1umq286AWhoNk5iw=
-67,-1,0VRRFocxMa554PvuIljbWzoBKnY=,3jt7tnV2jTJ1umq286AWhoNk5iw=
-65,-3,0VRRFocxMa554PvuIljbWzoBKnY=,3jt7tnV2jTJ1umq286AWhoNk5iw=
-65,-2,0VRRFocxMa554PvuIljbWzoBKnY=,3jt7tnV2jTJ1umq286AWhoNk5iw=
-76,-6,0VRRFocxMa554PvuIljbWzoBKnY=,CnbiRoHQ5XAGNtpUKArL+ZeSiu4=
-76,-7,0VRRFocxMa554PvuIljbWzoBKnY=,CnbiRoHQ5XAGNtpUKArL+ZeSiu4=
-76,-10,0VRRFocxMa554PvuIljbWzoBKnY=,Bg8us+FuqrUgnDbL5O/GpfgephY=
-76,-8,0VRRFocxMa554PvuIljbWzoBKnY=,CnbiRoHQ5XAGNtpUKArL+ZeSiu4=
-76,-9,0VRRFocxMa554PvuIljbWzoBKnY=,Bg8us+FuqrUgnDbL5O/GpfgephY=
-76,-11,0VRRFocxMa554PvuIljbWzoBKnY=,Bg8us+FuqrUgnDbL5O/GpfgephY=
-76,-12,0VRRFocxMa554PvuIljbWzoBKnY=,Bg8us+FuqrUgnDbL5O/GpfgephY=
-76,-3,0VRRFocxMa554PvuIljbWzoBKnY=,f0cfzt+IaXPEHwavIENjUhOhleM=
-76,-5,0VRRFocxMa554PvuIljbWzoBKnY=,CnbiRoHQ5XAGNtpUKArL+ZeSiu4=
-76,-2,0VRRFocxMa554PvuIljbWzoBKnY=,f0cfzt+IaXPEHwavIENjUhOhleM=
-76,-4,0VRRFocxMa554PvuIljbWzoBKnY=,f0cfzt+IaXPEHwavIENjUhOhleM=
-76,-1,0VRRFocxMa554PvuIljbWzoBKnY=,f0cfzt+IaXPEHwavIENjUhOhleM=
-69,-12,0VRRFocxMa554PvuIljbWzoBKnY=,9VVnA91utE5gUfdxuxPcGMeVLP0=
-73,-2,0VRRFocxMa554PvuIljbWzoBKnY=,f0cfzt+IaXPEHwavIENjUhOhleM=
-65,-1,0VRRFocxMa554PvuIljbWzoBKnY=,3jt7tnV2jTJ1umq286AWhoNk5iw=
-65,-4,0VRRFocxMa554PvuIljbWzoBKnY=,3jt7tnV2jTJ1umq286AWhoNk5iw=
-65,-5,0VRRFocxMa554PvuIljbWzoBKnY=,HGsyV/Wzl05PWeMypNja3AFTEe8=
-65,-8,0VRRFocxMa554PvuIljbWzoBKnY=,HGsyV/Wzl05PWeMypNja3AFTEe8=
-65,-6,0VRRFocxMa554PvuIljbWzoBKnY=,HGsyV/Wzl05PWeMypNja3AFTEe8=
-71,-2,0VRRFocxMa554PvuIljbWzoBKnY=,jI43mSYkuKVQ/Tt6PUYftnP7RGY=
-65,-7,0VRRFocxMa554PvuIljbWzoBKnY=,HGsyV/Wzl05PWeMypNja3AFTEe8=
-72,-2,0VRRFocxMa554PvuIljbWzoBKnY=,jI43mSYkuKVQ/Tt6PUYftnP7RGY=
-73,-7,0VRRFocxMa554PvuIljbWzoBKnY=,CnbiRoHQ5XAGNtpUKArL+ZeSiu4=
-68,-8,0VRRFocxMa554PvuIljbWzoBKnY=,HGsyV/Wzl05PWeMypNja3AFTEe8=
-69,-8,0VRRFocxMa554PvuIljbWzoBKnY=,WMwJONORmqsEfAIlpxoENF7Ule8=
-73,-5,0VRRFocxMa554PvuIljbWzoBKnY=,CnbiRoHQ5XAGNtpUKArL+ZeSiu4=
-69,-9,0VRRFocxMa554PvuIljbWzoBKnY=,9VVnA91utE5gUfdxuxPcGMeVLP0=
-70,-9,0VRRFocxMa554PvuIljbWzoBKnY=,9VVnA91utE5gUfdxuxPcGMeVLP0=
-73,-9,0VRRFocxMa554PvuIljbWzoBKnY=,Bg8us+FuqrUgnDbL5O/GpfgephY=
-67,-4,0VRRFocxMa554PvuIljbWzoBKnY=,3jt7tnV2jTJ1umq286AWhoNk5iw=
-72,-10,0VRRFocxMa554PvuIljbWzoBKnY=,9VVnA91utE5gUfdxuxPcGMeVLP0=
-73,-6,0VRRFocxMa554PvuIljbWzoBKnY=,CnbiRoHQ5XAGNtpUKArL+ZeSiu4=
-67,-6,0VRRFocxMa554PvuIljbWzoBKnY=,HGsyV/Wzl05PWeMypNja3AFTEe8=
-71,-10,0VRRFocxMa554PvuIljbWzoBKnY=,9VVnA91utE5gUfdxuxPcGMeVLP0=
-68,-7,0VRRFocxMa554PvuIljbWzoBKnY=,HGsyV/Wzl05PWeMypNja3AFTEe8=
-70,-3,0VRRFocxMa554PvuIljbWzoBKnY=,jI43mSYkuKVQ/Tt6PUYftnP7RGY=
-67,-5,0VRRFocxMa554PvuIljbWzoBKnY=,HGsyV/Wzl05PWeMypNja3AFTEe8=
-72,-3,0VRRFocxMa554PvuIljbWzoBKnY=,jI43mSYkuKVQ/Tt6PUYftnP7RGY=
-72,-9,0VRRFocxMa554PvuIljbWzoBKnY=,9VVnA91utE5gUfdxuxPcGMeVLP0=
-71,-3,0VRRFocxMa554PvuIljbWzoBKnY=,jI43mSYkuKVQ/Tt6PUYftnP7RGY=
-71,-9,0VRRFocxMa554PvuIljbWzoBKnY=,9VVnA91utE5gUfdxuxPcGMeVLP0=
-71,-4,0VRRFocxMa554PvuIljbWzoBKnY=,jI43mSYkuKVQ/Tt6PUYftnP7RGY=
-69,-4,0VRRFocxMa554PvuIljbWzoBKnY=,jI43mSYkuKVQ/Tt6PUYftnP7RGY=
-68,-4,0VRRFocxMa554PvuIljbWzoBKnY=,3jt7tnV2jTJ1umq286AWhoNk5iw=
-71,-6,0VRRFocxMa554PvuIljbWzoBKnY=,WMwJONORmqsEfAIlpxoENF7Ule8=
-70,-7,0VRRFocxMa554PvuIljbWzoBKnY=,WMwJONORmqsEfAIlpxoENF7Ule8=
-69,-7,0VRRFocxMa554PvuIljbWzoBKnY=,WMwJONORmqsEfAIlpxoENF7Ule8=
-72,-6,0VRRFocxMa554PvuIljbWzoBKnY=,WMwJONORmqsEfAIlpxoENF7Ule8=
-70,-4,0VRRFocxMa554PvuIljbWzoBKnY=,jI43mSYkuKVQ/Tt6PUYftnP7RGY=
-73,-8,0VRRFocxMa554PvuIljbWzoBKnY=,CnbiRoHQ5XAGNtpUKArL+ZeSiu4=
-69,-5,0VRRFocxMa554PvuIljbWzoBKnY=,WMwJONORmqsEfAIlpxoENF7Ule8=
-70,-5,0VRRFocxMa554PvuIljbWzoBKnY=,WMwJONORmqsEfAIlpxoENF7Ule8=
-70,-8,0VRRFocxMa554PvuIljbWzoBKnY=,WMwJONORmqsEfAIlpxoENF7Ule8=
-70,-6,0VRRFocxMa554PvuIljbWzoBKnY=,WMwJONORmqsEfAIlpxoENF7Ule8=
-73,-4,0VRRFocxMa554PvuIljbWzoBKnY=,f0cfzt+IaXPEHwavIENjUhOhleM=
-73,-3,0VRRFocxMa554PvuIljbWzoBKnY=,f0cfzt+IaXPEHwavIENjUhOhleM=
-72,-8,0VRRFocxMa554PvuIljbWzoBKnY=,WMwJONORmqsEfAIlpxoENF7Ule8=
-71,-7,0VRRFocxMa554PvuIljbWzoBKnY=,WMwJONORmqsEfAIlpxoENF7Ule8=
-72,-4,0VRRFocxMa554PvuIljbWzoBKnY=,jI43mSYkuKVQ/Tt6PUYftnP7RGY=
-71,-8,0VRRFocxMa554PvuIljbWzoBKnY=,WMwJONORmqsEfAIlpxoENF7Ule8=
-71,-5,0VRRFocxMa554PvuIljbWzoBKnY=,WMwJONORmqsEfAIlpxoENF7Ule8=
-69,-6,0VRRFocxMa554PvuIljbWzoBKnY=,WMwJONORmqsEfAIlpxoENF7Ule8=
-68,-5,0VRRFocxMa554PvuIljbWzoBKnY=,HGsyV/Wzl05PWeMypNja3AFTEe8=
-72,-5,0VRRFocxMa554PvuIljbWzoBKnY=,WMwJONORmqsEfAIlpxoENF7Ule8=
-72,-7,0VRRFocxMa554PvuIljbWzoBKnY=,WMwJONORmqsEfAIlpxoENF7Ule8=
-68,-6,0VRRFocxMa554PvuIljbWzoBKnY=,HGsyV/Wzl05PWeMypNja3AFTEe8=
