78,-2,PIz6esEokOMaG3YXPFdCsJixIyM=,o0mkhRJ3UIYS1FRisvMPB72FyL8=
79,-2,PIz6esEokOMaG3YXPFdCsJixIyM=,o0mkhRJ3UIYS1FRisvMPB72FyL8=
77,-3,PIz6esEokOMaG3YXPFdCsJixIyM=,o0mkhRJ3UIYS1FRisvMPB72FyL8=
79,-1,PIz6esEokOMaG3YXPFdCsJixIyM=,o0mkhRJ3UIYS1FRisvMPB72FyL8=
79,-4,PIz6esEokOMaG3YXPFdCsJixIyM=,o0mkhRJ3UIYS1FRisvMPB72FyL8=
78,-4,PIz6esEokOMaG3YXPFdCsJixIyM=,o0mkhRJ3UIYS1FRisvMPB72FyL8=
78,-1,PIz6esEokOMaG3YXPFdCsJixIyM=,o0mkhRJ3UIYS1FRisvMPB72FyL8=
79,-3,PIz6esEokOMaG3YXPFdCsJixIyM=,o0mkhRJ3UIYS1FRisvMPB72FyL8=
78,-3,PIz6esEokOMaG3YXPFdCsJixIyM=,o0mkhRJ3UIYS1FRisvMPB72FyL8=
77,-4,PIz6esEokOMaG3YXPFdCsJixIyM=,o0mkhRJ3UIYS1FRisvMPB72FyL8=
76,-4,PIz6esEokOMaG3YXPFdCsJixIyM=,o0mkhRJ3UIYS1FRisvMPB72FyL8=
74,-4,PIz6esEokOMaG3YXPFdCsJixIyM=,m8eMRjI2M/ZIxajK+W2CaGHS3oA=
73,-4,PIz6esEokOMaG3YXPFdCsJixIyM=,m8eMRjI2M/ZIxajK+W2CaGHS3oA=
72,-4,PIz6esEokOMaG3YXPFdCsJixIyM=,m8eMRjI2M/ZIxajK+W2CaGHS3oA=
72,-2,PIz6esEokOMaG3YXPFdCsJixIyM=,m8eMRjI2M/ZIxajK+W2CaGHS3oA=
75,-3,PIz6esEokOMaG3YXPFdCsJixIyM=,m8eMRjI2M/ZIxajK+W2CaGHS3oA=
74,-3,PIz6esEokOMaG3YXPFdCsJixIyM=,m8eMRjI2M/ZIxajK+W2CaGHS3oA=
72,-3,PIz6esEokOMaG3YXPFdCsJixIyM=,m8eMRjI2M/ZIxajK+W2CaGHS3oA=
73,-3,PIz6esEokOMaG3YXPFdCsJixIyM=,m8eMRjI2M/ZIxajK+W2CaGHS3oA=
75,-4,PIz6esEokOMaG3YXPFdCsJixIyM=,m8eMRjI2M/ZIxajK+W2CaGHS3oA=
76,-3,PIz6esEokOMaG3YXPFdCsJixIyM=,o0mkhRJ3UIYS1FRisvMPB72FyL8=
72,-1,PIz6esEokOMaG3YXPFdCsJixIyM=,m8eMRjI2M/ZIxajK+W2CaGHS3oA=
73,-2,PIz6esEokOMaG3YXPFdCsJixIyM=,m8eMRjI2M/ZIxajK+W2CaGHS3oA=
77,-2,PIz6esEokOMaG3YXPFdCsJixIyM=,o0mkhRJ3UIYS1FRisvMPB72FyL8=
73,-1,PIz6esEokOMaG3YXPFdCsJixIyM=,m8eMRjI2M/ZIxajK+W2CaGHS3oA=
77,-1,Bjw9H1wHY6hi/NjpRoeEvuY5gQ4=,o0mkhRJ3UIYS1FRisvMPB72FyL8=
74,-2,Bjw9H1wHY6hi/NjpRoeEvuY5gQ4=,m8eMRjI2M/ZIxajK+W2CaGHS3oA=
75,-2,Bjw9H1wHY6hi/NjpRoeEvuY5gQ4=,m8eMRjI2M/ZIxajK+W2CaGHS3oA=
76,-2,Bjw9H1wHY6hi/NjpRoeEvuY5gQ4=,o0mkhRJ3UIYS1FRisvMPB72FyL8=
76,-1,Bjw9H1wHY6hi/NjpRoeEvuY5gQ4=,o0mkhRJ3UIYS1FRisvMPB72FyL8=
74,-1,Bjw9H1wHY6hi/NjpRoeEvuY5gQ4=,m8eMRjI2M/ZIxajK+W2CaGHS3oA=
75,-1,Bjw9H1wHY6hi/NjpRoeEvuY5gQ4=,m8eMRjI2M/ZIxajK+W2CaGHS3oA=
