15625,15627,KzUqczOJUO07OF7hH+drohjr3xE=,E7u4ji1wMmjihmdbzbEC67wtuqo=
15627,15625,KzUqczOJUO07OF7hH+drohjr3xE=,E7u4ji1wMmjihmdbzbEC67wtuqo=
15626,15627,KzUqczOJUO07OF7hH+drohjr3xE=,E7u4ji1wMmjihmdbzbEC67wtuqo=
15624,15627,KzUqczOJUO07OF7hH+drohjr3xE=,E7u4ji1wMmjihmdbzbEC67wtuqo=
15627,15626,KzUqczOJUO07OF7hH+drohjr3xE=,E7u4ji1wMmjihmdbzbEC67wtuqo=
15624,15626,KzUqczOJUO07OF7hH+drohjr3xE=,E7u4ji1wMmjihmdbzbEC67wtuqo=
15627,15624,KzUqczOJUO07OF7hH+drohjr3xE=,E7u4ji1wMmjihmdbzbEC67wtuqo=
15627,15627,KzUqczOJUO07OF7hH+drohjr3xE=,E7u4ji1wMmjihmdbzbEC67wtuqo=
15626,15624,KzUqczOJUO07OF7hH+drohjr3xE=,E7u4ji1wMmjihmdbzbEC67wtuqo=
15624,15624,KzUqczOJUO07OF7hH+drohjr3xE=,E7u4ji1wMmjihmdbzbEC67wtuqo=
15625,15624,KzUqczOJUO07OF7hH+drohjr3xE=,E7u4ji1wMmjihmdbzbEC67wtuqo=
15626,15625,KzUqczOJUO07OF7hH+drohjr3xE=,E7u4ji1wMmjihmdbzbEC67wtuqo=
15624,15625,KzUqczOJUO07OF7hH+drohjr3xE=,E7u4ji1wMmjihmdbzbEC67wtuqo=
15625,15626,KzUqczOJUO07OF7hH+drohjr3xE=,E7u4ji1wMmjihmdbzbEC67wtuqo=
15626,15626,KzUqczOJUO07OF7hH+drohjr3xE=,E7u4ji1wMmjihmdbzbEC67wtuqo=
15625,15625,KzUqczOJUO07OF7hH+drohjr3xE=,E7u4ji1wMmjihmdbzbEC67wtuqo=
