-131075,-131075,dX9MQAs1rekomRYWPwTkMCdL73w=,pCvJvNmIPZ5hfCncW1eoOHk6bsQ=
-131074,-131074,dX9MQAs1rekomRYWPwTkMCdL73w=,pCvJvNmIPZ5hfCncW1eoOHk6bsQ=
-131075,-131073,dX9MQAs1rekomRYWPwTkMCdL73w=,pCvJvNmIPZ5hfCncW1eoOHk6bsQ=
-131076,-131073,dX9MQAs1rekomRYWPwTkMCdL73w=,pCvJvNmIPZ5hfCncW1eoOHk6bsQ=
-131075,-131074,dX9MQAs1rekomRYWPwTkMCdL73w=,pCvJvNmIPZ5hfCncW1eoOHk6bsQ=
-131076,-131074,dX9MQAs1rekomRYWPwTkMCdL73w=,pCvJvNmIPZ5hfCncW1eoOHk6bsQ=
-131073,-131076,dX9MQAs1rekomRYWPwTkMCdL73w=,pCvJvNmIPZ5hfCncW1eoOHk6bsQ=
-131074,-131075,dX9MQAs1rekomRYWPwTkMCdL73w=,pCvJvNmIPZ5hfCncW1eoOHk6bsQ=
-131073,-131075,dX9MQAs1rekomRYWPwTkMCdL73w=,pCvJvNmIPZ5hfCncW1eoOHk6bsQ=
-131074,-131076,dX9MQAs1rekomRYWPwTkMCdL73w=,pCvJvNmIPZ5hfCncW1eoOHk6bsQ=
-131075,-131076,dX9MQAs1rekomRYWPwTkMCdL73w=,pCvJvNmIPZ5hfCncW1eoOHk6bsQ=
-131073,-131074,dX9MQAs1rekomRYWPwTkMCdL73w=,pCvJvNmIPZ5hfCncW1eoOHk6bsQ=
-131076,-131075,dX9MQAs1rekomRYWPwTkMCdL73w=,pCvJvNmIPZ5hfCncW1eoOHk6bsQ=
-131076,-131076,dX9MQAs1rekomRYWPwTkMCdL73w=,pCvJvNmIPZ5hfCncW1eoOHk6bsQ=
-131073,-131073,dX9MQAs1rekomRYWPwTkMCdL73w=,pCvJvNmIPZ5hfCncW1eoOHk6bsQ=
-131074,-131073,dX9MQAs1rekomRYWPwTkMCdL73w=,pCvJvNmIPZ5hfCncW1eoOHk6bsQ=
