-3,6,Vqb3xaoSCavQ38ZW+8DuprRzHKs=,+PHIa1cbKEYLWrtxb0Gx+6p3PIk=
-3,5,Vqb3xaoSCavQ38ZW+8DuprRzHKs=,dnvb9kLnYbuTr9wRydCxbwWLuW8=
-3,4,Vqb3xaoSCavQ38ZW+8DuprRzHKs=,A1+ecvAbZ9xSEQBUuybn3M5VdL0=
-3,0,Vqb3xaoSCavQ38ZW+8DuprRzHKs=,1aCs18Fd6RJGXkF2w7LZBVmlfuc=
-2,4,Vqb3xaoSCavQ38ZW+8DuprRzHKs=,okzI6V+m98NUWjiOyltycqYj2DQ=
-2,3,Vqb3xaoSCavQ38ZW+8DuprRzHKs=,xJxstO4Y14oP3MF4/lis1uwEiJs=
-2,0,Vqb3xaoSCavQ38ZW+8DuprRzHKs=,0x9XyC8eNd8Qlswkw+xMjw0TUKY=
-2,1,Vqb3xaoSCavQ38ZW+8DuprRzHKs=,iRDFEBASwXM8j/jppWzBsVNT46M=
-2,2,Vqb3xaoSCavQ38ZW+8DuprRzHKs=,P1lCwNaM5aaQqk1Lcr9Mx1IwD6Q=
-1,3,Vqb3xaoSCavQ38ZW+8DuprRzHKs=,csnrLX9HaiaUJ6RsNEdXW9M70ZQ=
-1,2,Vqb3xaoSCavQ38ZW+8DuprRzHKs=,iRDFEBASwXM8j/jppWzBsVNT46M=
-1,1,Vqb3xaoSCavQ38ZW+8DuprRzHKs=,iRDFEBASwXM8j/jppWzBsVNT46M=
-1,0,Vqb3xaoSCavQ38ZW+8DuprRzHKs=,iRDFEBASwXM8j/jppWzBsVNT46M=
-1,6,pFDOnzkF7wAUGoMj9xIvdCmA+6c=,P1lCwNaM5aaQqk1Lcr9Mx1IwD6Q=
-1,5,pFDOnzkF7wAUGoMj9xIvdCmA+6c=,P1lCwNaM5aaQqk1Lcr9Mx1IwD6Q=
-1,4,pFDOnzkF7wAUGoMj9xIvdCmA+6c=,P1lCwNaM5aaQqk1Lcr9Mx1IwD6Q=
-4,5,AhqueRzvYLWenUmbttSCy85TjQ8=,Hr9lqfvHg8CngvCQGxFe74dHbxU=
-4,4,AhqueRzvYLWenUmbttSCy85TjQ8=,Bh02OiyPxdbxphe0eyK1t9LuCK8=
-4,6,AhqueRzvYLWenUmbttSCy85TjQ8=,Bh02OiyPxdbxphe0eyK1t9LuCK8=
