10,-2,myv7XHhs6ZnrU0PBqId2nKISR6Q=,ntRm2ymWAY96a+6UScrWEUbKke0=
10,-3,myv7XHhs6ZnrU0PBqId2nKISR6Q=,N1u4A8NxCKMtCXpyGhxpaNCm5+E=
9,-3,myv7XHhs6ZnrU0PBqId2nKISR6Q=,ntRm2ymWAY96a+6UScrWEUbKke0=
9,-2,myv7XHhs6ZnrU0PBqId2nKISR6Q=,ntRm2ymWAY96a+6UScrWEUbKke0=
9,-8,myv7XHhs6ZnrU0PBqId2nKISR6Q=,NyurFSJO/LLlm0pBucplhFK+dEw=
8,-10,myv7XHhs6ZnrU0PBqId2nKISR6Q=,ntRm2ymWAY96a+6UScrWEUbKke0=
8,-9,myv7XHhs6ZnrU0PBqId2nKISR6Q=,6Eu9Vhn9QnyH2XUZxJlff2ggyUY=
8,-8,myv7XHhs6ZnrU0PBqId2nKISR6Q=,6Eu9Vhn9QnyH2XUZxJlff2ggyUY=
8,-7,myv7XHhs6ZnrU0PBqId2nKISR6Q=,6Eu9Vhn9QnyH2XUZxJlff2ggyUY=
8,-6,myv7XHhs6ZnrU0PBqId2nKISR6Q=,N1u4A8NxCKMtCXpyGhxpaNCm5+E=
8,-3,myv7XHhs6ZnrU0PBqId2nKISR6Q=,N1u4A8NxCKMtCXpyGhxpaNCm5+E=
8,-2,myv7XHhs6ZnrU0PBqId2nKISR6Q=,N1u4A8NxCKMtCXpyGhxpaNCm5+E=
9,-9,myv7XHhs6ZnrU0PBqId2nKISR6Q=,NyurFSJO/LLlm0pBucplhFK+dEw=
8,-14,myv7XHhs6ZnrU0PBqId2nKISR6Q=,Vl8fZ8jFptxsB0SOAESBEFJWBQI=
8,-13,myv7XHhs6ZnrU0PBqId2nKISR6Q=,6Eu9Vhn9QnyH2XUZxJlff2ggyUY=
8,-12,myv7XHhs6ZnrU0PBqId2nKISR6Q=,6Eu9Vhn9QnyH2XUZxJlff2ggyUY=
8,-11,myv7XHhs6ZnrU0PBqId2nKISR6Q=,slUK0xucqe2b8bB0uP4dKyFpqfk=
8,-1,myv7XHhs6ZnrU0PBqId2nKISR6Q=,ntRm2ymWAY96a+6UScrWEUbKke0=
8,-5,myv7XHhs6ZnrU0PBqId2nKISR6Q=,6Eu9Vhn9QnyH2XUZxJlff2ggyUY=
8,-4,myv7XHhs6ZnrU0PBqId2nKISR6Q=,6Eu9Vhn9QnyH2XUZxJlff2ggyUY=
8,-15,myv7XHhs6ZnrU0PBqId2nKISR6Q=,i+QLhyWnogbSNklb1XlH6i71hPM=
7,-1,myv7XHhs6ZnrU0PBqId2nKISR6Q=,i+QLhyWnogbSNklb1XlH6i71hPM=
7,-2,myv7XHhs6ZnrU0PBqId2nKISR6Q=,RCAO1v9IwQnGKixvKxcN82hwgi0=
7,-3,myv7XHhs6ZnrU0PBqId2nKISR6Q=,RCAO1v9IwQnGKixvKxcN82hwgi0=
7,-4,myv7XHhs6ZnrU0PBqId2nKISR6Q=,GPOmV6I9Ap2ed6Oas59FUkEKksM=
7,-16,myv7XHhs6ZnrU0PBqId2nKISR6Q=,i+QLhyWnogbSNklb1XlH6i71hPM=
7,-10,myv7XHhs6ZnrU0PBqId2nKISR6Q=,GPOmV6I9Ap2ed6Oas59FUkEKksM=
7,-15,myv7XHhs6ZnrU0PBqId2nKISR6Q=,GPOmV6I9Ap2ed6Oas59FUkEKksM=
7,-8,myv7XHhs6ZnrU0PBqId2nKISR6Q=,i+QLhyWnogbSNklb1XlH6i71hPM=
7,-7,myv7XHhs6ZnrU0PBqId2nKISR6Q=,GPOmV6I9Ap2ed6Oas59FUkEKksM=
6,-2,myv7XHhs6ZnrU0PBqId2nKISR6Q=,i+QLhyWnogbSNklb1XlH6i71hPM=
6,-1,myv7XHhs6ZnrU0PBqId2nKISR6Q=,yxejNqT+YJ2M8WvlFwo1aD/cKgw=
6,-3,myv7XHhs6ZnrU0PBqId2nKISR6Q=,GPOmV6I9Ap2ed6Oas59FUkEKksM=
6,-8,myv7XHhs6ZnrU0PBqId2nKISR6Q=,yxejNqT+YJ2M8WvlFwo1aD/cKgw=
6,-16,myv7XHhs6ZnrU0PBqId2nKISR6Q=,i+QLhyWnogbSNklb1XlH6i71hPM=
6,-7,myv7XHhs6ZnrU0PBqId2nKISR6Q=,i+QLhyWnogbSNklb1XlH6i71hPM=
5,-1,myv7XHhs6ZnrU0PBqId2nKISR6Q=,yxejNqT+YJ2M8WvlFwo1aD/cKgw=
5,-17,myv7XHhs6ZnrU0PBqId2nKISR6Q=,RCAO1v9IwQnGKixvKxcN82hwgi0=
5,-7,myv7XHhs6ZnrU0PBqId2nKISR6Q=,RCAO1v9IwQnGKixvKxcN82hwgi0=
5,-8,myv7XHhs6ZnrU0PBqId2nKISR6Q=,i+QLhyWnogbSNklb1XlH6i71hPM=
5,-16,myv7XHhs6ZnrU0PBqId2nKISR6Q=,i+QLhyWnogbSNklb1XlH6i71hPM=
5,-6,myv7XHhs6ZnrU0PBqId2nKISR6Q=,GPOmV6I9Ap2ed6Oas59FUkEKksM=
4,-1,myv7XHhs6ZnrU0PBqId2nKISR6Q=,yxejNqT+YJ2M8WvlFwo1aD/cKgw=
4,-17,myv7XHhs6ZnrU0PBqId2nKISR6Q=,i+QLhyWnogbSNklb1XlH6i71hPM=
4,-9,myv7XHhs6ZnrU0PBqId2nKISR6Q=,i+QLhyWnogbSNklb1XlH6i71hPM=
4,-8,myv7XHhs6ZnrU0PBqId2nKISR6Q=,GPOmV6I9Ap2ed6Oas59FUkEKksM=
4,-6,myv7XHhs6ZnrU0PBqId2nKISR6Q=,i+QLhyWnogbSNklb1XlH6i71hPM=
4,-2,myv7XHhs6ZnrU0PBqId2nKISR6Q=,i+QLhyWnogbSNklb1XlH6i71hPM=
4,-5,myv7XHhs6ZnrU0PBqId2nKISR6Q=,GPOmV6I9Ap2ed6Oas59FUkEKksM=
3,-5,myv7XHhs6ZnrU0PBqId2nKISR6Q=,RCAO1v9IwQnGKixvKxcN82hwgi0=
3,-17,myv7XHhs6ZnrU0PBqId2nKISR6Q=,RCAO1v9IwQnGKixvKxcN82hwgi0=
3,-9,myv7XHhs6ZnrU0PBqId2nKISR6Q=,RCAO1v9IwQnGKixvKxcN82hwgi0=
3,-1,myv7XHhs6ZnrU0PBqId2nKISR6Q=,yxejNqT+YJ2M8WvlFwo1aD/cKgw=
3,-21,myv7XHhs6ZnrU0PBqId2nKISR6Q=,GPOmV6I9Ap2ed6Oas59FUkEKksM=
3,-18,myv7XHhs6ZnrU0PBqId2nKISR6Q=,i+QLhyWnogbSNklb1XlH6i71hPM=
3,-19,myv7XHhs6ZnrU0PBqId2nKISR6Q=,i+QLhyWnogbSNklb1XlH6i71hPM=
3,-20,myv7XHhs6ZnrU0PBqId2nKISR6Q=,i+QLhyWnogbSNklb1XlH6i71hPM=
3,-13,myv7XHhs6ZnrU0PBqId2nKISR6Q=,i+QLhyWnogbSNklb1XlH6i71hPM=
3,-14,myv7XHhs6ZnrU0PBqId2nKISR6Q=,i+QLhyWnogbSNklb1XlH6i71hPM=
3,-2,myv7XHhs6ZnrU0PBqId2nKISR6Q=,i+QLhyWnogbSNklb1XlH6i71hPM=
3,-10,myv7XHhs6ZnrU0PBqId2nKISR6Q=,i+QLhyWnogbSNklb1XlH6i71hPM=
3,-11,myv7XHhs6ZnrU0PBqId2nKISR6Q=,i+QLhyWnogbSNklb1XlH6i71hPM=
3,-3,myv7XHhs6ZnrU0PBqId2nKISR6Q=,t69jD1N0Gc8mQXppUY5HYmchHy8=
3,-12,myv7XHhs6ZnrU0PBqId2nKISR6Q=,i+QLhyWnogbSNklb1XlH6i71hPM=
3,-6,myv7XHhs6ZnrU0PBqId2nKISR6Q=,lbsTIqrW2HWx7HDicqJwNs/VQ2g=
3,-7,myv7XHhs6ZnrU0PBqId2nKISR6Q=,kteJeqcBJ2vYuE3GkoKg9pnyrA0=
3,-8,myv7XHhs6ZnrU0PBqId2nKISR6Q=,kteJeqcBJ2vYuE3GkoKg9pnyrA0=
3,-4,myv7XHhs6ZnrU0PBqId2nKISR6Q=,kteJeqcBJ2vYuE3GkoKg9pnyrA0=
2,-30,myv7XHhs6ZnrU0PBqId2nKISR6Q=,kteJeqcBJ2vYuE3GkoKg9pnyrA0=
2,-5,myv7XHhs6ZnrU0PBqId2nKISR6Q=,DTzD9CKWOr6qrLoINy8Y6UqhFns=
2,-32,bAdaQhLRVq2uQb1kfaqb8PnXZc0=,kteJeqcBJ2vYuE3GkoKg9pnyrA0=
2,-8,bAdaQhLRVq2uQb1kfaqb8PnXZc0=,DTzD9CKWOr6qrLoINy8Y6UqhFns=
2,-31,bAdaQhLRVq2uQb1kfaqb8PnXZc0=,kteJeqcBJ2vYuE3GkoKg9pnyrA0=
2,-1,bAdaQhLRVq2uQb1kfaqb8PnXZc0=,DTzD9CKWOr6qrLoINy8Y6UqhFns=
2,-17,bAdaQhLRVq2uQb1kfaqb8PnXZc0=,DTzD9CKWOr6qrLoINy8Y6UqhFns=
2,-14,bAdaQhLRVq2uQb1kfaqb8PnXZc0=,kteJeqcBJ2vYuE3GkoKg9pnyrA0=
2,-29,bAdaQhLRVq2uQb1kfaqb8PnXZc0=,kteJeqcBJ2vYuE3GkoKg9pnyrA0=
2,-16,bAdaQhLRVq2uQb1kfaqb8PnXZc0=,kteJeqcBJ2vYuE3GkoKg9pnyrA0=
2,-15,bAdaQhLRVq2uQb1kfaqb8PnXZc0=,kteJeqcBJ2vYuE3GkoKg9pnyrA0=
2,-2,bAdaQhLRVq2uQb1kfaqb8PnXZc0=,kteJeqcBJ2vYuE3GkoKg9pnyrA0=
2,-26,bAdaQhLRVq2uQb1kfaqb8PnXZc0=,KYmn34XwAVVYH192/a282O0F414=
2,-9,bAdaQhLRVq2uQb1kfaqb8PnXZc0=,mJhN0PvdKefVV6gmGRKbU8ExSQ4=
2,-28,bAdaQhLRVq2uQb1kfaqb8PnXZc0=,kteJeqcBJ2vYuE3GkoKg9pnyrA0=
2,-27,bAdaQhLRVq2uQb1kfaqb8PnXZc0=,kteJeqcBJ2vYuE3GkoKg9pnyrA0=
2,-22,bAdaQhLRVq2uQb1kfaqb8PnXZc0=,kteJeqcBJ2vYuE3GkoKg9pnyrA0=
2,-6,bAdaQhLRVq2uQb1kfaqb8PnXZc0=,kteJeqcBJ2vYuE3GkoKg9pnyrA0=
2,-21,bAdaQhLRVq2uQb1kfaqb8PnXZc0=,kteJeqcBJ2vYuE3GkoKg9pnyrA0=
2,-24,bAdaQhLRVq2uQb1kfaqb8PnXZc0=,kteJeqcBJ2vYuE3GkoKg9pnyrA0=
2,-7,bAdaQhLRVq2uQb1kfaqb8PnXZc0=,kteJeqcBJ2vYuE3GkoKg9pnyrA0=
2,-18,bAdaQhLRVq2uQb1kfaqb8PnXZc0=,kteJeqcBJ2vYuE3GkoKg9pnyrA0=
2,-25,bAdaQhLRVq2uQb1kfaqb8PnXZc0=,kteJeqcBJ2vYuE3GkoKg9pnyrA0=
2,-20,bAdaQhLRVq2uQb1kfaqb8PnXZc0=,kteJeqcBJ2vYuE3GkoKg9pnyrA0=
2,-19,bAdaQhLRVq2uQb1kfaqb8PnXZc0=,kteJeqcBJ2vYuE3GkoKg9pnyrA0=
2,-23,bAdaQhLRVq2uQb1kfaqb8PnXZc0=,kteJeqcBJ2vYuE3GkoKg9pnyrA0=
1,-32,bAdaQhLRVq2uQb1kfaqb8PnXZc0=,kteJeqcBJ2vYuE3GkoKg9pnyrA0=
1,-5,bAdaQhLRVq2uQb1kfaqb8PnXZc0=,mJhN0PvdKefVV6gmGRKbU8ExSQ4=
1,-4,bAdaQhLRVq2uQb1kfaqb8PnXZc0=,KYmn34XwAVVYH192/a282O0F414=
1,-17,bAdaQhLRVq2uQb1kfaqb8PnXZc0=,kteJeqcBJ2vYuE3GkoKg9pnyrA0=
1,-1,bAdaQhLRVq2uQb1kfaqb8PnXZc0=,DTzD9CKWOr6qrLoINy8Y6UqhFns=
1,-2,bAdaQhLRVq2uQb1kfaqb8PnXZc0=,DTzD9CKWOr6qrLoINy8Y6UqhFns=
1,-3,bAdaQhLRVq2uQb1kfaqb8PnXZc0=,DTzD9CKWOr6qrLoINy8Y6UqhFns=
0,-31,bAdaQhLRVq2uQb1kfaqb8PnXZc0=,vWCTU5xEN8UieHs/Xk94JH0L864=
0,-30,bAdaQhLRVq2uQb1kfaqb8PnXZc0=,kteJeqcBJ2vYuE3GkoKg9pnyrA0=
0,-29,bAdaQhLRVq2uQb1kfaqb8PnXZc0=,kteJeqcBJ2vYuE3GkoKg9pnyrA0=
0,-28,bAdaQhLRVq2uQb1kfaqb8PnXZc0=,kteJeqcBJ2vYuE3GkoKg9pnyrA0=
0,-3,bAdaQhLRVq2uQb1kfaqb8PnXZc0=,8n8gOCNXLZxS3kaA+m3Dp1oBbdA=
0,-27,bAdaQhLRVq2uQb1kfaqb8PnXZc0=,iLeGY7ihV437dPWGDB/fYmUBUys=
0,-2,bAdaQhLRVq2uQb1kfaqb8PnXZc0=,ggVi5eA/7mjuTsoK8qXBAhs2dKU=
0,-26,bAdaQhLRVq2uQb1kfaqb8PnXZc0=,iLeGY7ihV437dPWGDB/fYmUBUys=
0,-1,bAdaQhLRVq2uQb1kfaqb8PnXZc0=,ggVi5eA/7mjuTsoK8qXBAhs2dKU=
0,-17,bAdaQhLRVq2uQb1kfaqb8PnXZc0=,03/nmHt4Rq65Cpg/+WhXzQUslC8=
0,-25,bAdaQhLRVq2uQb1kfaqb8PnXZc0=,iLeGY7ihV437dPWGDB/fYmUBUys=
0,-24,bAdaQhLRVq2uQb1kfaqb8PnXZc0=,iLeGY7ihV437dPWGDB/fYmUBUys=
0,-23,bAdaQhLRVq2uQb1kfaqb8PnXZc0=,iLeGY7ihV437dPWGDB/fYmUBUys=
0,-22,bAdaQhLRVq2uQb1kfaqb8PnXZc0=,iLeGY7ihV437dPWGDB/fYmUBUys=
0,-21,bAdaQhLRVq2uQb1kfaqb8PnXZc0=,iLeGY7ihV437dPWGDB/fYmUBUys=
0,-20,bAdaQhLRVq2uQb1kfaqb8PnXZc0=,iLeGY7ihV437dPWGDB/fYmUBUys=
0,-19,bAdaQhLRVq2uQb1kfaqb8PnXZc0=,iLeGY7ihV437dPWGDB/fYmUBUys=
0,-18,bAdaQhLRVq2uQb1kfaqb8PnXZc0=,iLeGY7ihV437dPWGDB/fYmUBUys=
0,-32,bAdaQhLRVq2uQb1kfaqb8PnXZc0=,iLeGY7ihV437dPWGDB/fYmUBUys=
0,-4,bAdaQhLRVq2uQb1kfaqb8PnXZc0=,4GwbfNAr2YZMyC7Fwcoz+i/BBYc=
