-2,2,ciUYdyVQXx7EBx9IYBl6tj0Z6xs=,2uWdTL2uTWx0lnzWsaoHbunqY18=
-2,3,ciUYdyVQXx7EBx9IYBl6tj0Z6xs=,7pXnVy/H4KdtlW+ku8MZKXrWg/M=
-2,0,ciUYdyVQXx7EBx9IYBl6tj0Z6xs=,30xaeDrJBqNa/GkNNcq+/PwtyJ4=
-2,1,ciUYdyVQXx7EBx9IYBl6tj0Z6xs=,30xaeDrJBqNa/GkNNcq+/PwtyJ4=
-1,3,ciUYdyVQXx7EBx9IYBl6tj0Z6xs=,oGUaiDm69FymzzVlAEng76Bx0ck=
-1,2,ciUYdyVQXx7EBx9IYBl6tj0Z6xs=,2uWdTL2uTWx0lnzWsaoHbunqY18=
-1,1,ciUYdyVQXx7EBx9IYBl6tj0Z6xs=,30xaeDrJBqNa/GkNNcq+/PwtyJ4=
-1,0,ciUYdyVQXx7EBx9IYBl6tj0Z6xs=,30xaeDrJBqNa/GkNNcq+/PwtyJ4=
-4,3,ciUYdyVQXx7EBx9IYBl6tj0Z6xs=,oGUaiDm69FymzzVlAEng76Bx0ck=
-4,0,ciUYdyVQXx7EBx9IYBl6tj0Z6xs=,hPQD9n2jsX4TYpALkocoJ7A9DAI=
-3,1,ciUYdyVQXx7EBx9IYBl6tj0Z6xs=,QF+gX/zxFOBqRCKoPK9QkmhiKg8=
-3,0,ciUYdyVQXx7EBx9IYBl6tj0Z6xs=,QF+gX/zxFOBqRCKoPK9QkmhiKg8=
-3,3,ciUYdyVQXx7EBx9IYBl6tj0Z6xs=,QF+gX/zxFOBqRCKoPK9QkmhiKg8=
-3,2,ciUYdyVQXx7EBx9IYBl6tj0Z6xs=,QF+gX/zxFOBqRCKoPK9QkmhiKg8=
