-1,-1,EQpPoBZjvTknDUK0I5nOAl4D7kI=,k8ACIQXN04l84mebEqoC7RONTFI=
-1,-2,EQpPoBZjvTknDUK0I5nOAl4D7kI=,k8ACIQXN04l84mebEqoC7RONTFI=
-1,-3,EQpPoBZjvTknDUK0I5nOAl4D7kI=,k8ACIQXN04l84mebEqoC7RONTFI=
-1,-4,EQpPoBZjvTknDUK0I5nOAl4D7kI=,k8ACIQXN04l84mebEqoC7RONTFI=
-1,-5,EQpPoBZjvTknDUK0I5nOAl4D7kI=,k8ACIQXN04l84mebEqoC7RONTFI=
-1,-13,EQpPoBZjvTknDUK0I5nOAl4D7kI=,TB42mCGt2T4UPUol38jf40n4iJs=
-1,-14,EQpPoBZjvTknDUK0I5nOAl4D7kI=,TB42mCGt2T4UPUol38jf40n4iJs=
-1,-15,EQpPoBZjvTknDUK0I5nOAl4D7kI=,TB42mCGt2T4UPUol38jf40n4iJs=
-1,-32,nfk82rYc98fAx2mIwWrbY96kAdg=,TB42mCGt2T4UPUol38jf40n4iJs=
-2,-2,nfk82rYc98fAx2mIwWrbY96kAdg=,k8ACIQXN04l84mebEqoC7RONTFI=
-2,-1,nfk82rYc98fAx2mIwWrbY96kAdg=,k8ACIQXN04l84mebEqoC7RONTFI=
-2,-4,nfk82rYc98fAx2mIwWrbY96kAdg=,5bFNGcNoGVzi1iQZv1UC5wjzxUQ=
-2,-3,nfk82rYc98fAx2mIwWrbY96kAdg=,k8ACIQXN04l84mebEqoC7RONTFI=
-2,-6,nfk82rYc98fAx2mIwWrbY96kAdg=,Aphuj0NeQnw11N/XM3YoyZNJAjA=
-2,-5,nfk82rYc98fAx2mIwWrbY96kAdg=,Y4kq1nF2F2947MsTl168RyPGw4g=
-2,-8,nfk82rYc98fAx2mIwWrbY96kAdg=,k8ACIQXN04l84mebEqoC7RONTFI=
-2,-7,nfk82rYc98fAx2mIwWrbY96kAdg=,k8ACIQXN04l84mebEqoC7RONTFI=
-2,-16,nfk82rYc98fAx2mIwWrbY96kAdg=,TB42mCGt2T4UPUol38jf40n4iJs=
-2,-15,nfk82rYc98fAx2mIwWrbY96kAdg=,TB42mCGt2T4UPUol38jf40n4iJs=
-2,-18,nfk82rYc98fAx2mIwWrbY96kAdg=,TB42mCGt2T4UPUol38jf40n4iJs=
-2,-17,nfk82rYc98fAx2mIwWrbY96kAdg=,TB42mCGt2T4UPUol38jf40n4iJs=
-2,-19,nfk82rYc98fAx2mIwWrbY96kAdg=,TB42mCGt2T4UPUol38jf40n4iJs=
-2,-26,nfk82rYc98fAx2mIwWrbY96kAdg=,TB42mCGt2T4UPUol38jf40n4iJs=
-2,-28,nfk82rYc98fAx2mIwWrbY96kAdg=,TB42mCGt2T4UPUol38jf40n4iJs=
-2,-27,nfk82rYc98fAx2mIwWrbY96kAdg=,TB42mCGt2T4UPUol38jf40n4iJs=
-2,-30,nfk82rYc98fAx2mIwWrbY96kAdg=,TB42mCGt2T4UPUol38jf40n4iJs=
-2,-29,nfk82rYc98fAx2mIwWrbY96kAdg=,TB42mCGt2T4UPUol38jf40n4iJs=
-2,-32,nfk82rYc98fAx2mIwWrbY96kAdg=,TB42mCGt2T4UPUol38jf40n4iJs=
-2,-31,nfk82rYc98fAx2mIwWrbY96kAdg=,TB42mCGt2T4UPUol38jf40n4iJs=
-3,-3,nfk82rYc98fAx2mIwWrbY96kAdg=,k8ACIQXN04l84mebEqoC7RONTFI=
-3,-4,nfk82rYc98fAx2mIwWrbY96kAdg=,2vjxjSBUzJC7mw/NI8mz7kP4xdo=
-3,-1,nfk82rYc98fAx2mIwWrbY96kAdg=,k8ACIQXN04l84mebEqoC7RONTFI=
-3,-2,nfk82rYc98fAx2mIwWrbY96kAdg=,k8ACIQXN04l84mebEqoC7RONTFI=
-3,-7,nfk82rYc98fAx2mIwWrbY96kAdg=,Aphuj0NeQnw11N/XM3YoyZNJAjA=
-3,-5,nfk82rYc98fAx2mIwWrbY96kAdg=,MgCRJjrezHh999qQ0l0DoFe8778=
-3,-6,nfk82rYc98fAx2mIwWrbY96kAdg=,iLk5dsb7LZoL+39aQ0wfvi6z4oQ=
-3,-19,nfk82rYc98fAx2mIwWrbY96kAdg=,TB42mCGt2T4UPUol38jf40n4iJs=
-3,-20,nfk82rYc98fAx2mIwWrbY96kAdg=,TB42mCGt2T4UPUol38jf40n4iJs=
-3,-17,nfk82rYc98fAx2mIwWrbY96kAdg=,TB42mCGt2T4UPUol38jf40n4iJs=
-3,-18,nfk82rYc98fAx2mIwWrbY96kAdg=,TB42mCGt2T4UPUol38jf40n4iJs=
-3,-23,nfk82rYc98fAx2mIwWrbY96kAdg=,TB42mCGt2T4UPUol38jf40n4iJs=
-3,-24,nfk82rYc98fAx2mIwWrbY96kAdg=,TB42mCGt2T4UPUol38jf40n4iJs=
-3,-21,nfk82rYc98fAx2mIwWrbY96kAdg=,TB42mCGt2T4UPUol38jf40n4iJs=
-3,-22,nfk82rYc98fAx2mIwWrbY96kAdg=,TB42mCGt2T4UPUol38jf40n4iJs=
-3,-25,nfk82rYc98fAx2mIwWrbY96kAdg=,TB42mCGt2T4UPUol38jf40n4iJs=
-3,-26,nfk82rYc98fAx2mIwWrbY96kAdg=,TB42mCGt2T4UPUol38jf40n4iJs=
-4,-4,SQ9/vwOqogGRMi5e5CTxZgg4H1s=,k8ACIQXN04l84mebEqoC7RONTFI=
-4,-7,SQ9/vwOqogGRMi5e5CTxZgg4H1s=,Aphuj0NeQnw11N/XM3YoyZNJAjA=
-4,-6,SQ9/vwOqogGRMi5e5CTxZgg4H1s=,J/Jtq98WDW3yM3TEqNthFqSSO90=
-4,-5,SQ9/vwOqogGRMi5e5CTxZgg4H1s=,N7PcOchZXEj7cY6sI6EzqCqvRMA=
-5,-6,SQ9/vwOqogGRMi5e5CTxZgg4H1s=,9mx6qa9qsXNjnRz570H/Hp4SERk=
-5,-7,SQ9/vwOqogGRMi5e5CTxZgg4H1s=,Aphuj0NeQnw11N/XM3YoyZNJAjA=
-6,-6,SQ9/vwOqogGRMi5e5CTxZgg4H1s=,2vjxjSBUzJC7mw/NI8mz7kP4xdo=
-6,-7,SQ9/vwOqogGRMi5e5CTxZgg4H1s=,zxY1z13NG7vBoKUTxa03B+7wg74=
-7,-6,SQ9/vwOqogGRMi5e5CTxZgg4H1s=,k8ACIQXN04l84mebEqoC7RONTFI=
-9,-1,SQ9/vwOqogGRMi5e5CTxZgg4H1s=,TB42mCGt2T4UPUol38jf40n4iJs=
-10,-2,SQ9/vwOqogGRMi5e5CTxZgg4H1s=,TB42mCGt2T4UPUol38jf40n4iJs=
-10,-1,SQ9/vwOqogGRMi5e5CTxZgg4H1s=,TB42mCGt2T4UPUol38jf40n4iJs=
-10,-3,SQ9/vwOqogGRMi5e5CTxZgg4H1s=,TB42mCGt2T4UPUol38jf40n4iJs=
-11,-4,SQ9/vwOqogGRMi5e5CTxZgg4H1s=,TB42mCGt2T4UPUol38jf40n4iJs=
-12,-4,SQ9/vwOqogGRMi5e5CTxZgg4H1s=,TB42mCGt2T4UPUol38jf40n4iJs=
-13,-5,SQ9/vwOqogGRMi5e5CTxZgg4H1s=,TB42mCGt2T4UPUol38jf40n4iJs=
-13,-4,SQ9/vwOqogGRMi5e5CTxZgg4H1s=,TB42mCGt2T4UPUol38jf40n4iJs=
-14,-5,SQ9/vwOqogGRMi5e5CTxZgg4H1s=,TB42mCGt2T4UPUol38jf40n4iJs=
-14,-4,SQ9/vwOqogGRMi5e5CTxZgg4H1s=,TB42mCGt2T4UPUol38jf40n4iJs=
-15,-5,SQ9/vwOqogGRMi5e5CTxZgg4H1s=,TB42mCGt2T4UPUol38jf40n4iJs=
-15,-3,SQ9/vwOqogGRMi5e5CTxZgg4H1s=,TB42mCGt2T4UPUol38jf40n4iJs=
-15,-4,SQ9/vwOqogGRMi5e5CTxZgg4H1s=,TB42mCGt2T4UPUol38jf40n4iJs=
-16,-5,SQ9/vwOqogGRMi5e5CTxZgg4H1s=,TB42mCGt2T4UPUol38jf40n4iJs=
-16,-2,SQ9/vwOqogGRMi5e5CTxZgg4H1s=,TB42mCGt2T4UPUol38jf40n4iJs=
-16,-1,SQ9/vwOqogGRMi5e5CTxZgg4H1s=,TB42mCGt2T4UPUol38jf40n4iJs=
-17,-1,SQ9/vwOqogGRMi5e5CTxZgg4H1s=,oMLvtsugP/yZx8XK/09EW3lQXYc=
-17,-2,SQ9/vwOqogGRMi5e5CTxZgg4H1s=,oMLvtsugP/yZx8XK/09EW3lQXYc=
-17,-4,SQ9/vwOqogGRMi5e5CTxZgg4H1s=,oMLvtsugP/yZx8XK/09EW3lQXYc=
-17,-5,SQ9/vwOqogGRMi5e5CTxZgg4H1s=,oMLvtsugP/yZx8XK/09EW3lQXYc=
-18,-2,XyBy/hQVc+B5933Y8rXYu5PR02Y=,oMLvtsugP/yZx8XK/09EW3lQXYc=
-18,-4,XyBy/hQVc+B5933Y8rXYu5PR02Y=,oMLvtsugP/yZx8XK/09EW3lQXYc=
-18,-3,XyBy/hQVc+B5933Y8rXYu5PR02Y=,oMLvtsugP/yZx8XK/09EW3lQXYc=
-18,-5,XyBy/hQVc+B5933Y8rXYu5PR02Y=,oMLvtsugP/yZx8XK/09EW3lQXYc=
-19,-3,XyBy/hQVc+B5933Y8rXYu5PR02Y=,oMLvtsugP/yZx8XK/09EW3lQXYc=
-20,-4,XyBy/hQVc+B5933Y8rXYu5PR02Y=,oMLvtsugP/yZx8XK/09EW3lQXYc=
-20,-5,XyBy/hQVc+B5933Y8rXYu5PR02Y=,oMLvtsugP/yZx8XK/09EW3lQXYc=
-21,-4,XyBy/hQVc+B5933Y8rXYu5PR02Y=,oMLvtsugP/yZx8XK/09EW3lQXYc=
-22,-4,XyBy/hQVc+B5933Y8rXYu5PR02Y=,oMLvtsugP/yZx8XK/09EW3lQXYc=
-23,-4,XyBy/hQVc+B5933Y8rXYu5PR02Y=,oMLvtsugP/yZx8XK/09EW3lQXYc=
-24,-4,XyBy/hQVc+B5933Y8rXYu5PR02Y=,oMLvtsugP/yZx8XK/09EW3lQXYc=
-25,-9,XyBy/hQVc+B5933Y8rXYu5PR02Y=,oMLvtsugP/yZx8XK/09EW3lQXYc=
-25,-3,XyBy/hQVc+B5933Y8rXYu5PR02Y=,A8ehIpHpo+m2dNZujvZbxK41Pdc=
-25,-8,XyBy/hQVc+B5933Y8rXYu5PR02Y=,zTAXrz5B7WA1uMcInx2a+FEN20U=
-26,-9,XyBy/hQVc+B5933Y8rXYu5PR02Y=,oMLvtsugP/yZx8XK/09EW3lQXYc=
-26,-3,XyBy/hQVc+B5933Y8rXYu5PR02Y=,2DeFXEZvFW3QB2HMc+KXh6dd8qc=
-26,-8,XyBy/hQVc+B5933Y8rXYu5PR02Y=,zTAXrz5B7WA1uMcInx2a+FEN20U=
-26,-7,XyBy/hQVc+B5933Y8rXYu5PR02Y=,zTAXrz5B7WA1uMcInx2a+FEN20U=
-27,-9,XyBy/hQVc+B5933Y8rXYu5PR02Y=,oMLvtsugP/yZx8XK/09EW3lQXYc=
-27,-10,XyBy/hQVc+B5933Y8rXYu5PR02Y=,oMLvtsugP/yZx8XK/09EW3lQXYc=
-27,-3,XyBy/hQVc+B5933Y8rXYu5PR02Y=,zTAXrz5B7WA1uMcInx2a+FEN20U=
-27,-2,XyBy/hQVc+B5933Y8rXYu5PR02Y=,5eSGjQ3l2fwrbCTfEWVZXCDyVqw=
-27,-7,XyBy/hQVc+B5933Y8rXYu5PR02Y=,lJF5EMCrsXTKej9xZdbXJlAcXDI=
-27,-6,XyBy/hQVc+B5933Y8rXYu5PR02Y=,7IJwn8yfZcMKiP6VnlI22/mh/OI=
-28,-10,XyBy/hQVc+B5933Y8rXYu5PR02Y=,oMLvtsugP/yZx8XK/09EW3lQXYc=
-28,-9,XyBy/hQVc+B5933Y8rXYu5PR02Y=,oMLvtsugP/yZx8XK/09EW3lQXYc=
-28,-4,XyBy/hQVc+B5933Y8rXYu5PR02Y=,5Zqxe7RUod4mVSn0Vmuf4PEd3ZE=
-28,-3,XyBy/hQVc+B5933Y8rXYu5PR02Y=,bM/rFjjZrMbWFckVDWMvU2h1qYs=
-28,-6,XyBy/hQVc+B5933Y8rXYu5PR02Y=,bM/rFjjZrMbWFckVDWMvU2h1qYs=
-28,-5,XyBy/hQVc+B5933Y8rXYu5PR02Y=,A8ehIpHpo+m2dNZujvZbxK41Pdc=
-29,-9,XyBy/hQVc+B5933Y8rXYu5PR02Y=,oMLvtsugP/yZx8XK/09EW3lQXYc=
-29,-10,XyBy/hQVc+B5933Y8rXYu5PR02Y=,oMLvtsugP/yZx8XK/09EW3lQXYc=
-29,-11,XyBy/hQVc+B5933Y8rXYu5PR02Y=,oMLvtsugP/yZx8XK/09EW3lQXYc=
-29,-8,XyBy/hQVc+B5933Y8rXYu5PR02Y=,zTAXrz5B7WA1uMcInx2a+FEN20U=
-30,-12,XyBy/hQVc+B5933Y8rXYu5PR02Y=,oMLvtsugP/yZx8XK/09EW3lQXYc=
-30,-11,XyBy/hQVc+B5933Y8rXYu5PR02Y=,oMLvtsugP/yZx8XK/09EW3lQXYc=
-31,-12,XyBy/hQVc+B5933Y8rXYu5PR02Y=,oMLvtsugP/yZx8XK/09EW3lQXYc=
-32,-13,maWgqkvIBKu2viMw2soJYpGRC7Q=,oMLvtsugP/yZx8XK/09EW3lQXYc=
-32,-12,maWgqkvIBKu2viMw2soJYpGRC7Q=,oMLvtsugP/yZx8XK/09EW3lQXYc=
