-3,0,8qVqLcYEuiKgGGXOxXvstmUAl+0=,l7R9l5rv6zDX5JA2Rre9uU+0pE8=
-3,2,8qVqLcYEuiKgGGXOxXvstmUAl+0=,fGBKxGdOKbML36XKJlWWkhmezEg=
-17,16,8qVqLcYEuiKgGGXOxXvstmUAl+0=,fGBKxGdOKbML36XKJlWWkhmezEg=
-2,0,8qVqLcYEuiKgGGXOxXvstmUAl+0=,3RGk6xwIobe/MZiPvIBtn8m4Fp4=
-17,0,8qVqLcYEuiKgGGXOxXvstmUAl+0=,fGBKxGdOKbML36XKJlWWkhmezEg=
-1,1,8qVqLcYEuiKgGGXOxXvstmUAl+0=,fGBKxGdOKbML36XKJlWWkhmezEg=
-1,0,8qVqLcYEuiKgGGXOxXvstmUAl+0=,3RGk6xwIobe/MZiPvIBtn8m4Fp4=
-1,2,8qVqLcYEuiKgGGXOxXvstmUAl+0=,dOq+aazDh1TjzI7jLxJbDlrx1wY=
-23,0,8qVqLcYEuiKgGGXOxXvstmUAl+0=,kZCC9iu17HHwEWC+qy2+Q/P+V/s=
-22,0,8qVqLcYEuiKgGGXOxXvstmUAl+0=,kZCC9iu17HHwEWC+qy2+Q/P+V/s=
-5,2,8qVqLcYEuiKgGGXOxXvstmUAl+0=,kZCC9iu17HHwEWC+qy2+Q/P+V/s=
-5,4,8qVqLcYEuiKgGGXOxXvstmUAl+0=,kZCC9iu17HHwEWC+qy2+Q/P+V/s=
