71,66,33Prx62BevjfiVqu7tjSISNK/q4=,2pXFfgFj9FQ8nNl7XSfbqD0GJd8=
71,64,33Prx62BevjfiVqu7tjSISNK/q4=,2pXFfgFj9FQ8nNl7XSfbqD0GJd8=
64,69,33Prx62BevjfiVqu7tjSISNK/q4=,2pXFfgFj9FQ8nNl7XSfbqD0GJd8=
71,67,33Prx62BevjfiVqu7tjSISNK/q4=,2pXFfgFj9FQ8nNl7XSfbqD0GJd8=
65,69,33Prx62BevjfiVqu7tjSISNK/q4=,2pXFfgFj9FQ8nNl7XSfbqD0GJd8=
71,68,33Prx62BevjfiVqu7tjSISNK/q4=,2pXFfgFj9FQ8nNl7XSfbqD0GJd8=
70,68,33Prx62BevjfiVqu7tjSISNK/q4=,2pXFfgFj9FQ8nNl7XSfbqD0GJd8=
68,64,33Prx62BevjfiVqu7tjSISNK/q4=,2pXFfgFj9FQ8nNl7XSfbqD0GJd8=
64,68,33Prx62BevjfiVqu7tjSISNK/q4=,2pXFfgFj9FQ8nNl7XSfbqD0GJd8=
65,68,33Prx62BevjfiVqu7tjSISNK/q4=,2pXFfgFj9FQ8nNl7XSfbqD0GJd8=
66,68,33Prx62BevjfiVqu7tjSISNK/q4=,2pXFfgFj9FQ8nNl7XSfbqD0GJd8=
69,68,33Prx62BevjfiVqu7tjSISNK/q4=,2pXFfgFj9FQ8nNl7XSfbqD0GJd8=
65,67,33Prx62BevjfiVqu7tjSISNK/q4=,2pXFfgFj9FQ8nNl7XSfbqD0GJd8=
70,66,33Prx62BevjfiVqu7tjSISNK/q4=,2pXFfgFj9FQ8nNl7XSfbqD0GJd8=
69,66,33Prx62BevjfiVqu7tjSISNK/q4=,2pXFfgFj9FQ8nNl7XSfbqD0GJd8=
66,69,33Prx62BevjfiVqu7tjSISNK/q4=,2pXFfgFj9FQ8nNl7XSfbqD0GJd8=
70,64,33Prx62BevjfiVqu7tjSISNK/q4=,2pXFfgFj9FQ8nNl7XSfbqD0GJd8=
70,67,33Prx62BevjfiVqu7tjSISNK/q4=,2pXFfgFj9FQ8nNl7XSfbqD0GJd8=
71,71,33Prx62BevjfiVqu7tjSISNK/q4=,2pXFfgFj9FQ8nNl7XSfbqD0GJd8=
66,64,33Prx62BevjfiVqu7tjSISNK/q4=,2pXFfgFj9FQ8nNl7XSfbqD0GJd8=
69,67,33Prx62BevjfiVqu7tjSISNK/q4=,2pXFfgFj9FQ8nNl7XSfbqD0GJd8=
70,71,33Prx62BevjfiVqu7tjSISNK/q4=,2pXFfgFj9FQ8nNl7XSfbqD0GJd8=
71,65,33Prx62BevjfiVqu7tjSISNK/q4=,2pXFfgFj9FQ8nNl7XSfbqD0GJd8=
69,71,33Prx62BevjfiVqu7tjSISNK/q4=,2pXFfgFj9FQ8nNl7XSfbqD0GJd8=
68,71,33Prx62BevjfiVqu7tjSISNK/q4=,2pXFfgFj9FQ8nNl7XSfbqD0GJd8=
67,71,33Prx62BevjfiVqu7tjSISNK/q4=,2pXFfgFj9FQ8nNl7XSfbqD0GJd8=
70,65,33Prx62BevjfiVqu7tjSISNK/q4=,2pXFfgFj9FQ8nNl7XSfbqD0GJd8=
66,71,33Prx62BevjfiVqu7tjSISNK/q4=,2pXFfgFj9FQ8nNl7XSfbqD0GJd8=
69,65,33Prx62BevjfiVqu7tjSISNK/q4=,2pXFfgFj9FQ8nNl7XSfbqD0GJd8=
64,71,33Prx62BevjfiVqu7tjSISNK/q4=,2pXFfgFj9FQ8nNl7XSfbqD0GJd8=
65,71,33Prx62BevjfiVqu7tjSISNK/q4=,2pXFfgFj9FQ8nNl7XSfbqD0GJd8=
68,66,33Prx62BevjfiVqu7tjSISNK/q4=,2pXFfgFj9FQ8nNl7XSfbqD0GJd8=
68,67,33Prx62BevjfiVqu7tjSISNK/q4=,2pXFfgFj9FQ8nNl7XSfbqD0GJd8=
67,67,33Prx62BevjfiVqu7tjSISNK/q4=,2pXFfgFj9FQ8nNl7XSfbqD0GJd8=
68,65,33Prx62BevjfiVqu7tjSISNK/q4=,2pXFfgFj9FQ8nNl7XSfbqD0GJd8=
69,64,33Prx62BevjfiVqu7tjSISNK/q4=,2pXFfgFj9FQ8nNl7XSfbqD0GJd8=
68,68,33Prx62BevjfiVqu7tjSISNK/q4=,2pXFfgFj9FQ8nNl7XSfbqD0GJd8=
67,65,33Prx62BevjfiVqu7tjSISNK/q4=,2pXFfgFj9FQ8nNl7XSfbqD0GJd8=
71,70,33Prx62BevjfiVqu7tjSISNK/q4=,2pXFfgFj9FQ8nNl7XSfbqD0GJd8=
67,66,33Prx62BevjfiVqu7tjSISNK/q4=,2pXFfgFj9FQ8nNl7XSfbqD0GJd8=
66,66,33Prx62BevjfiVqu7tjSISNK/q4=,2pXFfgFj9FQ8nNl7XSfbqD0GJd8=
70,70,33Prx62BevjfiVqu7tjSISNK/q4=,2pXFfgFj9FQ8nNl7XSfbqD0GJd8=
69,70,33Prx62BevjfiVqu7tjSISNK/q4=,2pXFfgFj9FQ8nNl7XSfbqD0GJd8=
68,70,33Prx62BevjfiVqu7tjSISNK/q4=,2pXFfgFj9FQ8nNl7XSfbqD0GJd8=
67,70,33Prx62BevjfiVqu7tjSISNK/q4=,2pXFfgFj9FQ8nNl7XSfbqD0GJd8=
66,70,33Prx62BevjfiVqu7tjSISNK/q4=,2pXFfgFj9FQ8nNl7XSfbqD0GJd8=
66,65,33Prx62BevjfiVqu7tjSISNK/q4=,2pXFfgFj9FQ8nNl7XSfbqD0GJd8=
66,67,33Prx62BevjfiVqu7tjSISNK/q4=,2pXFfgFj9FQ8nNl7XSfbqD0GJd8=
65,70,33Prx62BevjfiVqu7tjSISNK/q4=,2pXFfgFj9FQ8nNl7XSfbqD0GJd8=
67,64,33Prx62BevjfiVqu7tjSISNK/q4=,2pXFfgFj9FQ8nNl7XSfbqD0GJd8=
64,70,33Prx62BevjfiVqu7tjSISNK/q4=,2pXFfgFj9FQ8nNl7XSfbqD0GJd8=
67,68,33Prx62BevjfiVqu7tjSISNK/q4=,2pXFfgFj9FQ8nNl7XSfbqD0GJd8=
70,69,33Prx62BevjfiVqu7tjSISNK/q4=,2pXFfgFj9FQ8nNl7XSfbqD0GJd8=
71,69,33Prx62BevjfiVqu7tjSISNK/q4=,2pXFfgFj9FQ8nNl7XSfbqD0GJd8=
68,69,33Prx62BevjfiVqu7tjSISNK/q4=,2pXFfgFj9FQ8nNl7XSfbqD0GJd8=
67,69,33Prx62BevjfiVqu7tjSISNK/q4=,2pXFfgFj9FQ8nNl7XSfbqD0GJd8=
64,67,33Prx62BevjfiVqu7tjSISNK/q4=,2pXFfgFj9FQ8nNl7XSfbqD0GJd8=
69,69,33Prx62BevjfiVqu7tjSISNK/q4=,2pXFfgFj9FQ8nNl7XSfbqD0GJd8=
65,64,33Prx62BevjfiVqu7tjSISNK/q4=,2pXFfgFj9FQ8nNl7XSfbqD0GJd8=
65,66,33Prx62BevjfiVqu7tjSISNK/q4=,2pXFfgFj9FQ8nNl7XSfbqD0GJd8=
65,65,33Prx62BevjfiVqu7tjSISNK/q4=,2pXFfgFj9FQ8nNl7XSfbqD0GJd8=
64,66,33Prx62BevjfiVqu7tjSISNK/q4=,2pXFfgFj9FQ8nNl7XSfbqD0GJd8=
64,64,33Prx62BevjfiVqu7tjSISNK/q4=,2pXFfgFj9FQ8nNl7XSfbqD0GJd8=
64,65,33Prx62BevjfiVqu7tjSISNK/q4=,2pXFfgFj9FQ8nNl7XSfbqD0GJd8=
