59,3,aj15EB7ihYPDuMaKLXBzIlU4BQQ=,SlWGDEtnlfQywsQ5ZchEZlCHN0c=
60,3,aj15EB7ihYPDuMaKLXBzIlU4BQQ=,SlWGDEtnlfQywsQ5ZchEZlCHN0c=
61,3,aj15EB7ihYPDuMaKLXBzIlU4BQQ=,SlWGDEtnlfQywsQ5ZchEZlCHN0c=
62,3,aj15EB7ihYPDuMaKLXBzIlU4BQQ=,SlWGDEtnlfQywsQ5ZchEZlCHN0c=
63,3,39ufg3ubchbY5vQh99FySPkBCdc=,SlWGDEtnlfQywsQ5ZchEZlCHN0c=
32,3,j59c4dpzZiDZEg9YBzWtT5Hijwo=,cSpXKzYEszXspBcEEH15DRtrH0I=
33,3,j59c4dpzZiDZEg9YBzWtT5Hijwo=,cSpXKzYEszXspBcEEH15DRtrH0I=
34,3,j59c4dpzZiDZEg9YBzWtT5Hijwo=,cSpXKzYEszXspBcEEH15DRtrH0I=
35,3,j59c4dpzZiDZEg9YBzWtT5Hijwo=,cSpXKzYEszXspBcEEH15DRtrH0I=
36,3,j59c4dpzZiDZEg9YBzWtT5Hijwo=,cSpXKzYEszXspBcEEH15DRtrH0I=
37,3,j59c4dpzZiDZEg9YBzWtT5Hijwo=,cSpXKzYEszXspBcEEH15DRtrH0I=
38,3,j59c4dpzZiDZEg9YBzWtT5Hijwo=,cSpXKzYEszXspBcEEH15DRtrH0I=
39,3,j59c4dpzZiDZEg9YBzWtT5Hijwo=,cSpXKzYEszXspBcEEH15DRtrH0I=
40,3,BVN8J8rpJ2oXLC4ZYsPE/116hh8=,cSpXKzYEszXspBcEEH15DRtrH0I=
41,3,BVN8J8rpJ2oXLC4ZYsPE/116hh8=,cSpXKzYEszXspBcEEH15DRtrH0I=
42,3,BVN8J8rpJ2oXLC4ZYsPE/116hh8=,cSpXKzYEszXspBcEEH15DRtrH0I=
43,3,BVN8J8rpJ2oXLC4ZYsPE/116hh8=,cSpXKzYEszXspBcEEH15DRtrH0I=
44,3,BVN8J8rpJ2oXLC4ZYsPE/116hh8=,cSpXKzYEszXspBcEEH15DRtrH0I=
45,3,BVN8J8rpJ2oXLC4ZYsPE/116hh8=,cSpXKzYEszXspBcEEH15DRtrH0I=
46,3,BVN8J8rpJ2oXLC4ZYsPE/116hh8=,cSpXKzYEszXspBcEEH15DRtrH0I=
47,3,BVN8J8rpJ2oXLC4ZYsPE/116hh8=,cSpXKzYEszXspBcEEH15DRtrH0I=
48,1,BVN8J8rpJ2oXLC4ZYsPE/116hh8=,cSpXKzYEszXspBcEEH15DRtrH0I=
48,3,BVN8J8rpJ2oXLC4ZYsPE/116hh8=,cSpXKzYEszXspBcEEH15DRtrH0I=
49,3,BVN8J8rpJ2oXLC4ZYsPE/116hh8=,cSpXKzYEszXspBcEEH15DRtrH0I=
50,3,BVN8J8rpJ2oXLC4ZYsPE/116hh8=,cSpXKzYEszXspBcEEH15DRtrH0I=
51,3,BVN8J8rpJ2oXLC4ZYsPE/116hh8=,cSpXKzYEszXspBcEEH15DRtrH0I=
52,3,BVN8J8rpJ2oXLC4ZYsPE/116hh8=,cSpXKzYEszXspBcEEH15DRtrH0I=
53,3,BVN8J8rpJ2oXLC4ZYsPE/116hh8=,cSpXKzYEszXspBcEEH15DRtrH0I=
54,3,BVN8J8rpJ2oXLC4ZYsPE/116hh8=,cSpXKzYEszXspBcEEH15DRtrH0I=
55,3,BVN8J8rpJ2oXLC4ZYsPE/116hh8=,cSpXKzYEszXspBcEEH15DRtrH0I=
56,3,BVN8J8rpJ2oXLC4ZYsPE/116hh8=,SlWGDEtnlfQywsQ5ZchEZlCHN0c=
57,3,BVN8J8rpJ2oXLC4ZYsPE/116hh8=,SlWGDEtnlfQywsQ5ZchEZlCHN0c=
58,3,BVN8J8rpJ2oXLC4ZYsPE/116hh8=,SlWGDEtnlfQywsQ5ZchEZlCHN0c=
