-23,9,C6+uJ189lhoXOcAdv+5/Lmji+mk=,Awli5zEVdpQ06vQOYwpEptvVNBQ=
-23,10,C6+uJ189lhoXOcAdv+5/Lmji+mk=,Awli5zEVdpQ06vQOYwpEptvVNBQ=
-22,9,C6+uJ189lhoXOcAdv+5/Lmji+mk=,Awli5zEVdpQ06vQOYwpEptvVNBQ=
-21,6,C6+uJ189lhoXOcAdv+5/Lmji+mk=,cSZmLg9Fc6KQR9UT+iiuuSlJQ3w=
-22,10,C6+uJ189lhoXOcAdv+5/Lmji+mk=,Awli5zEVdpQ06vQOYwpEptvVNBQ=
-23,5,C6+uJ189lhoXOcAdv+5/Lmji+mk=,cSZmLg9Fc6KQR9UT+iiuuSlJQ3w=
-22,5,C6+uJ189lhoXOcAdv+5/Lmji+mk=,cSZmLg9Fc6KQR9UT+iiuuSlJQ3w=
-22,7,C6+uJ189lhoXOcAdv+5/Lmji+mk=,cSZmLg9Fc6KQR9UT+iiuuSlJQ3w=
-22,8,C6+uJ189lhoXOcAdv+5/Lmji+mk=,Awli5zEVdpQ06vQOYwpEptvVNBQ=
-23,6,C6+uJ189lhoXOcAdv+5/Lmji+mk=,cSZmLg9Fc6KQR9UT+iiuuSlJQ3w=
-22,6,C6+uJ189lhoXOcAdv+5/Lmji+mk=,cSZmLg9Fc6KQR9UT+iiuuSlJQ3w=
-18,10,C6+uJ189lhoXOcAdv+5/Lmji+mk=,qaXmNYyQuPuOZp+o6oCPtyFppB4=
-19,8,C6+uJ189lhoXOcAdv+5/Lmji+mk=,qaXmNYyQuPuOZp+o6oCPtyFppB4=
-21,10,C6+uJ189lhoXOcAdv+5/Lmji+mk=,Awli5zEVdpQ06vQOYwpEptvVNBQ=
-20,8,C6+uJ189lhoXOcAdv+5/Lmji+mk=,qaXmNYyQuPuOZp+o6oCPtyFppB4=
-18,8,C6+uJ189lhoXOcAdv+5/Lmji+mk=,qaXmNYyQuPuOZp+o6oCPtyFppB4=
-20,9,C6+uJ189lhoXOcAdv+5/Lmji+mk=,qaXmNYyQuPuOZp+o6oCPtyFppB4=
-19,10,C6+uJ189lhoXOcAdv+5/Lmji+mk=,qaXmNYyQuPuOZp+o6oCPtyFppB4=
-20,10,C6+uJ189lhoXOcAdv+5/Lmji+mk=,qaXmNYyQuPuOZp+o6oCPtyFppB4=
-19,9,C6+uJ189lhoXOcAdv+5/Lmji+mk=,qaXmNYyQuPuOZp+o6oCPtyFppB4=
-21,9,C6+uJ189lhoXOcAdv+5/Lmji+mk=,Awli5zEVdpQ06vQOYwpEptvVNBQ=
-21,8,C6+uJ189lhoXOcAdv+5/Lmji+mk=,Awli5zEVdpQ06vQOYwpEptvVNBQ=
-21,7,C6+uJ189lhoXOcAdv+5/Lmji+mk=,cSZmLg9Fc6KQR9UT+iiuuSlJQ3w=
-18,9,C6+uJ189lhoXOcAdv+5/Lmji+mk=,qaXmNYyQuPuOZp+o6oCPtyFppB4=
-23,11,C6+uJ189lhoXOcAdv+5/Lmji+mk=,Awli5zEVdpQ06vQOYwpEptvVNBQ=
-23,13,C6+uJ189lhoXOcAdv+5/Lmji+mk=,Ad7n4QVK22aL+hXPEXPgaBSaR+w=
-22,11,C6+uJ189lhoXOcAdv+5/Lmji+mk=,Awli5zEVdpQ06vQOYwpEptvVNBQ=
-22,13,C6+uJ189lhoXOcAdv+5/Lmji+mk=,Ad7n4QVK22aL+hXPEXPgaBSaR+w=
-23,12,C6+uJ189lhoXOcAdv+5/Lmji+mk=,Ad7n4QVK22aL+hXPEXPgaBSaR+w=
-22,14,C6+uJ189lhoXOcAdv+5/Lmji+mk=,Ad7n4QVK22aL+hXPEXPgaBSaR+w=
-22,12,C6+uJ189lhoXOcAdv+5/Lmji+mk=,Ad7n4QVK22aL+hXPEXPgaBSaR+w=
-23,14,C6+uJ189lhoXOcAdv+5/Lmji+mk=,Ad7n4QVK22aL+hXPEXPgaBSaR+w=
-21,12,C6+uJ189lhoXOcAdv+5/Lmji+mk=,Ad7n4QVK22aL+hXPEXPgaBSaR+w=
-18,13,C6+uJ189lhoXOcAdv+5/Lmji+mk=,focC6Atlu1t3vwvl2QhKHwKTcLQ=
-20,11,C6+uJ189lhoXOcAdv+5/Lmji+mk=,qaXmNYyQuPuOZp+o6oCPtyFppB4=
-21,11,C6+uJ189lhoXOcAdv+5/Lmji+mk=,Awli5zEVdpQ06vQOYwpEptvVNBQ=
-20,14,C6+uJ189lhoXOcAdv+5/Lmji+mk=,focC6Atlu1t3vwvl2QhKHwKTcLQ=
-18,14,C6+uJ189lhoXOcAdv+5/Lmji+mk=,focC6Atlu1t3vwvl2QhKHwKTcLQ=
-23,4,C6+uJ189lhoXOcAdv+5/Lmji+mk=,cSZmLg9Fc6KQR9UT+iiuuSlJQ3w=
-19,14,C6+uJ189lhoXOcAdv+5/Lmji+mk=,focC6Atlu1t3vwvl2QhKHwKTcLQ=
-22,4,C6+uJ189lhoXOcAdv+5/Lmji+mk=,cSZmLg9Fc6KQR9UT+iiuuSlJQ3w=
-24,10,C6+uJ189lhoXOcAdv+5/Lmji+mk=,Awli5zEVdpQ06vQOYwpEptvVNBQ=
-24,9,C6+uJ189lhoXOcAdv+5/Lmji+mk=,Awli5zEVdpQ06vQOYwpEptvVNBQ=
-20,13,C6+uJ189lhoXOcAdv+5/Lmji+mk=,focC6Atlu1t3vwvl2QhKHwKTcLQ=
-21,13,C6+uJ189lhoXOcAdv+5/Lmji+mk=,Ad7n4QVK22aL+hXPEXPgaBSaR+w=
-19,13,C6+uJ189lhoXOcAdv+5/Lmji+mk=,focC6Atlu1t3vwvl2QhKHwKTcLQ=
-20,12,C6+uJ189lhoXOcAdv+5/Lmji+mk=,focC6Atlu1t3vwvl2QhKHwKTcLQ=
-19,11,C6+uJ189lhoXOcAdv+5/Lmji+mk=,qaXmNYyQuPuOZp+o6oCPtyFppB4=
-19,12,C6+uJ189lhoXOcAdv+5/Lmji+mk=,focC6Atlu1t3vwvl2QhKHwKTcLQ=
-27,6,C6+uJ189lhoXOcAdv+5/Lmji+mk=,KsdpJSK1Y6JbkEQhwbBl7aAMvq0=
-24,8,C6+uJ189lhoXOcAdv+5/Lmji+mk=,Awli5zEVdpQ06vQOYwpEptvVNBQ=
-28,5,C6+uJ189lhoXOcAdv+5/Lmji+mk=,KsdpJSK1Y6JbkEQhwbBl7aAMvq0=
-27,7,C6+uJ189lhoXOcAdv+5/Lmji+mk=,KsdpJSK1Y6JbkEQhwbBl7aAMvq0=
-26,6,C6+uJ189lhoXOcAdv+5/Lmji+mk=,KsdpJSK1Y6JbkEQhwbBl7aAMvq0=
-24,5,C6+uJ189lhoXOcAdv+5/Lmji+mk=,cSZmLg9Fc6KQR9UT+iiuuSlJQ3w=
-25,5,C6+uJ189lhoXOcAdv+5/Lmji+mk=,KsdpJSK1Y6JbkEQhwbBl7aAMvq0=
-28,6,C6+uJ189lhoXOcAdv+5/Lmji+mk=,KsdpJSK1Y6JbkEQhwbBl7aAMvq0=
-25,7,C6+uJ189lhoXOcAdv+5/Lmji+mk=,KsdpJSK1Y6JbkEQhwbBl7aAMvq0=
-26,7,C6+uJ189lhoXOcAdv+5/Lmji+mk=,KsdpJSK1Y6JbkEQhwbBl7aAMvq0=
-24,13,C6+uJ189lhoXOcAdv+5/Lmji+mk=,Ad7n4QVK22aL+hXPEXPgaBSaR+w=
-24,11,C6+uJ189lhoXOcAdv+5/Lmji+mk=,Awli5zEVdpQ06vQOYwpEptvVNBQ=
-24,12,C6+uJ189lhoXOcAdv+5/Lmji+mk=,Ad7n4QVK22aL+hXPEXPgaBSaR+w=
-24,14,C6+uJ189lhoXOcAdv+5/Lmji+mk=,Ad7n4QVK22aL+hXPEXPgaBSaR+w=
-26,4,C6+uJ189lhoXOcAdv+5/Lmji+mk=,KsdpJSK1Y6JbkEQhwbBl7aAMvq0=
-25,2,C6+uJ189lhoXOcAdv+5/Lmji+mk=,SqKtbGmv1HuneXZPcT067/DKkrs=
-25,4,C6+uJ189lhoXOcAdv+5/Lmji+mk=,KsdpJSK1Y6JbkEQhwbBl7aAMvq0=
-27,3,C6+uJ189lhoXOcAdv+5/Lmji+mk=,SqKtbGmv1HuneXZPcT067/DKkrs=
-26,3,C6+uJ189lhoXOcAdv+5/Lmji+mk=,SqKtbGmv1HuneXZPcT067/DKkrs=
-27,0,C6+uJ189lhoXOcAdv+5/Lmji+mk=,SqKtbGmv1HuneXZPcT067/DKkrs=
-25,3,C6+uJ189lhoXOcAdv+5/Lmji+mk=,SqKtbGmv1HuneXZPcT067/DKkrs=
-26,0,C6+uJ189lhoXOcAdv+5/Lmji+mk=,SqKtbGmv1HuneXZPcT067/DKkrs=
-25,0,C6+uJ189lhoXOcAdv+5/Lmji+mk=,SqKtbGmv1HuneXZPcT067/DKkrs=
-27,1,C6+uJ189lhoXOcAdv+5/Lmji+mk=,SqKtbGmv1HuneXZPcT067/DKkrs=
-26,5,C6+uJ189lhoXOcAdv+5/Lmji+mk=,KsdpJSK1Y6JbkEQhwbBl7aAMvq0=
-26,1,C6+uJ189lhoXOcAdv+5/Lmji+mk=,SqKtbGmv1HuneXZPcT067/DKkrs=
-24,4,C6+uJ189lhoXOcAdv+5/Lmji+mk=,cSZmLg9Fc6KQR9UT+iiuuSlJQ3w=
-27,2,C6+uJ189lhoXOcAdv+5/Lmji+mk=,SqKtbGmv1HuneXZPcT067/DKkrs=
-25,1,C6+uJ189lhoXOcAdv+5/Lmji+mk=,SqKtbGmv1HuneXZPcT067/DKkrs=
-24,7,C6+uJ189lhoXOcAdv+5/Lmji+mk=,cSZmLg9Fc6KQR9UT+iiuuSlJQ3w=
-26,2,C6+uJ189lhoXOcAdv+5/Lmji+mk=,SqKtbGmv1HuneXZPcT067/DKkrs=
-17,13,C6+uJ189lhoXOcAdv+5/Lmji+mk=,focC6Atlu1t3vwvl2QhKHwKTcLQ=
-23,8,C6+uJ189lhoXOcAdv+5/Lmji+mk=,Awli5zEVdpQ06vQOYwpEptvVNBQ=
-25,6,C6+uJ189lhoXOcAdv+5/Lmji+mk=,KsdpJSK1Y6JbkEQhwbBl7aAMvq0=
-17,14,C6+uJ189lhoXOcAdv+5/Lmji+mk=,focC6Atlu1t3vwvl2QhKHwKTcLQ=
-24,6,C6+uJ189lhoXOcAdv+5/Lmji+mk=,cSZmLg9Fc6KQR9UT+iiuuSlJQ3w=
-28,4,C6+uJ189lhoXOcAdv+5/Lmji+mk=,KsdpJSK1Y6JbkEQhwbBl7aAMvq0=
-32,0,C6+uJ189lhoXOcAdv+5/Lmji+mk=,Fywx/fyUeIaC5xvM4hU2ocK8eH4=
-31,0,C6+uJ189lhoXOcAdv+5/Lmji+mk=,Fywx/fyUeIaC5xvM4hU2ocK8eH4=
-30,0,C6+uJ189lhoXOcAdv+5/Lmji+mk=,Fywx/fyUeIaC5xvM4hU2ocK8eH4=
-29,0,C6+uJ189lhoXOcAdv+5/Lmji+mk=,Fywx/fyUeIaC5xvM4hU2ocK8eH4=
-32,2,C6+uJ189lhoXOcAdv+5/Lmji+mk=,Fywx/fyUeIaC5xvM4hU2ocK8eH4=
-29,2,C6+uJ189lhoXOcAdv+5/Lmji+mk=,Fywx/fyUeIaC5xvM4hU2ocK8eH4=
-32,1,C6+uJ189lhoXOcAdv+5/Lmji+mk=,Fywx/fyUeIaC5xvM4hU2ocK8eH4=
-32,3,C6+uJ189lhoXOcAdv+5/Lmji+mk=,Fywx/fyUeIaC5xvM4hU2ocK8eH4=
-23,7,C6+uJ189lhoXOcAdv+5/Lmji+mk=,cSZmLg9Fc6KQR9UT+iiuuSlJQ3w=
-30,3,C6+uJ189lhoXOcAdv+5/Lmji+mk=,Fywx/fyUeIaC5xvM4hU2ocK8eH4=
-28,1,C6+uJ189lhoXOcAdv+5/Lmji+mk=,SqKtbGmv1HuneXZPcT067/DKkrs=
-29,3,C6+uJ189lhoXOcAdv+5/Lmji+mk=,Fywx/fyUeIaC5xvM4hU2ocK8eH4=
-29,1,C6+uJ189lhoXOcAdv+5/Lmji+mk=,Fywx/fyUeIaC5xvM4hU2ocK8eH4=
-31,3,C6+uJ189lhoXOcAdv+5/Lmji+mk=,Fywx/fyUeIaC5xvM4hU2ocK8eH4=
-31,2,C6+uJ189lhoXOcAdv+5/Lmji+mk=,Fywx/fyUeIaC5xvM4hU2ocK8eH4=
-30,1,C6+uJ189lhoXOcAdv+5/Lmji+mk=,Fywx/fyUeIaC5xvM4hU2ocK8eH4=
-28,0,C6+uJ189lhoXOcAdv+5/Lmji+mk=,SqKtbGmv1HuneXZPcT067/DKkrs=
-28,3,C6+uJ189lhoXOcAdv+5/Lmji+mk=,SqKtbGmv1HuneXZPcT067/DKkrs=
-28,2,C6+uJ189lhoXOcAdv+5/Lmji+mk=,SqKtbGmv1HuneXZPcT067/DKkrs=
-27,5,C6+uJ189lhoXOcAdv+5/Lmji+mk=,KsdpJSK1Y6JbkEQhwbBl7aAMvq0=
-27,4,C6+uJ189lhoXOcAdv+5/Lmji+mk=,KsdpJSK1Y6JbkEQhwbBl7aAMvq0=
-31,1,C6+uJ189lhoXOcAdv+5/Lmji+mk=,Fywx/fyUeIaC5xvM4hU2ocK8eH4=
-30,2,C6+uJ189lhoXOcAdv+5/Lmji+mk=,Fywx/fyUeIaC5xvM4hU2ocK8eH4=
-20,2,C6+uJ189lhoXOcAdv+5/Lmji+mk=,7TOiDEkEf3g3NZIykVYZM3Z3beE=
-21,4,C6+uJ189lhoXOcAdv+5/Lmji+mk=,cSZmLg9Fc6KQR9UT+iiuuSlJQ3w=
-19,2,C6+uJ189lhoXOcAdv+5/Lmji+mk=,7TOiDEkEf3g3NZIykVYZM3Z3beE=
-17,2,C6+uJ189lhoXOcAdv+5/Lmji+mk=,7TOiDEkEf3g3NZIykVYZM3Z3beE=
-20,3,C6+uJ189lhoXOcAdv+5/Lmji+mk=,7TOiDEkEf3g3NZIykVYZM3Z3beE=
-19,3,C6+uJ189lhoXOcAdv+5/Lmji+mk=,7TOiDEkEf3g3NZIykVYZM3Z3beE=
-19,0,C6+uJ189lhoXOcAdv+5/Lmji+mk=,7TOiDEkEf3g3NZIykVYZM3Z3beE=
-20,0,C6+uJ189lhoXOcAdv+5/Lmji+mk=,7TOiDEkEf3g3NZIykVYZM3Z3beE=
-18,3,C6+uJ189lhoXOcAdv+5/Lmji+mk=,7TOiDEkEf3g3NZIykVYZM3Z3beE=
-17,3,C6+uJ189lhoXOcAdv+5/Lmji+mk=,7TOiDEkEf3g3NZIykVYZM3Z3beE=
-18,0,C6+uJ189lhoXOcAdv+5/Lmji+mk=,7TOiDEkEf3g3NZIykVYZM3Z3beE=
-17,1,C6+uJ189lhoXOcAdv+5/Lmji+mk=,7TOiDEkEf3g3NZIykVYZM3Z3beE=
-18,1,C6+uJ189lhoXOcAdv+5/Lmji+mk=,7TOiDEkEf3g3NZIykVYZM3Z3beE=
-19,1,C6+uJ189lhoXOcAdv+5/Lmji+mk=,7TOiDEkEf3g3NZIykVYZM3Z3beE=
-20,1,C6+uJ189lhoXOcAdv+5/Lmji+mk=,7TOiDEkEf3g3NZIykVYZM3Z3beE=
-28,7,C6+uJ189lhoXOcAdv+5/Lmji+mk=,KsdpJSK1Y6JbkEQhwbBl7aAMvq0=
-18,2,C6+uJ189lhoXOcAdv+5/Lmji+mk=,7TOiDEkEf3g3NZIykVYZM3Z3beE=
-21,5,C6+uJ189lhoXOcAdv+5/Lmji+mk=,cSZmLg9Fc6KQR9UT+iiuuSlJQ3w=
-19,15,C6+uJ189lhoXOcAdv+5/Lmji+mk=,focC6Atlu1t3vwvl2QhKHwKTcLQ=
-18,15,C6+uJ189lhoXOcAdv+5/Lmji+mk=,focC6Atlu1t3vwvl2QhKHwKTcLQ=
-17,15,C6+uJ189lhoXOcAdv+5/Lmji+mk=,focC6Atlu1t3vwvl2QhKHwKTcLQ=
-17,8,C6+uJ189lhoXOcAdv+5/Lmji+mk=,qaXmNYyQuPuOZp+o6oCPtyFppB4=
-17,12,C6+uJ189lhoXOcAdv+5/Lmji+mk=,focC6Atlu1t3vwvl2QhKHwKTcLQ=
-18,12,C6+uJ189lhoXOcAdv+5/Lmji+mk=,focC6Atlu1t3vwvl2QhKHwKTcLQ=
-17,9,C6+uJ189lhoXOcAdv+5/Lmji+mk=,qaXmNYyQuPuOZp+o6oCPtyFppB4=
-17,11,C6+uJ189lhoXOcAdv+5/Lmji+mk=,qaXmNYyQuPuOZp+o6oCPtyFppB4=
-18,11,C6+uJ189lhoXOcAdv+5/Lmji+mk=,qaXmNYyQuPuOZp+o6oCPtyFppB4=
-24,15,C6+uJ189lhoXOcAdv+5/Lmji+mk=,Ad7n4QVK22aL+hXPEXPgaBSaR+w=
-17,10,C6+uJ189lhoXOcAdv+5/Lmji+mk=,qaXmNYyQuPuOZp+o6oCPtyFppB4=
-21,14,C6+uJ189lhoXOcAdv+5/Lmji+mk=,Ad7n4QVK22aL+hXPEXPgaBSaR+w=
-23,15,C6+uJ189lhoXOcAdv+5/Lmji+mk=,Ad7n4QVK22aL+hXPEXPgaBSaR+w=
-20,15,C6+uJ189lhoXOcAdv+5/Lmji+mk=,focC6Atlu1t3vwvl2QhKHwKTcLQ=
-17,0,C6+uJ189lhoXOcAdv+5/Lmji+mk=,7TOiDEkEf3g3NZIykVYZM3Z3beE=
-22,15,C6+uJ189lhoXOcAdv+5/Lmji+mk=,Ad7n4QVK22aL+hXPEXPgaBSaR+w=
-21,15,C6+uJ189lhoXOcAdv+5/Lmji+mk=,Ad7n4QVK22aL+hXPEXPgaBSaR+w=
-23,26,Vv60t7esJdj2+Q8ldCsU42pQwZk=,EtZ11koI2p1hNjsyTABqdb6/l1k=
-22,26,Vv60t7esJdj2+Q8ldCsU42pQwZk=,EtZ11koI2p1hNjsyTABqdb6/l1k=
-22,27,Vv60t7esJdj2+Q8ldCsU42pQwZk=,EtZ11koI2p1hNjsyTABqdb6/l1k=
-23,27,Vv60t7esJdj2+Q8ldCsU42pQwZk=,EtZ11koI2p1hNjsyTABqdb6/l1k=
-26,22,Vv60t7esJdj2+Q8ldCsU42pQwZk=,8wWgKCQy1SH0yqOrt2yeUoRwSUI=
-22,23,Vv60t7esJdj2+Q8ldCsU42pQwZk=,050IhdyKe3cJIxbin9XJrUVkqtg=
-24,21,Vv60t7esJdj2+Q8ldCsU42pQwZk=,050IhdyKe3cJIxbin9XJrUVkqtg=
-23,21,Vv60t7esJdj2+Q8ldCsU42pQwZk=,050IhdyKe3cJIxbin9XJrUVkqtg=
-22,21,Vv60t7esJdj2+Q8ldCsU42pQwZk=,050IhdyKe3cJIxbin9XJrUVkqtg=
-24,22,Vv60t7esJdj2+Q8ldCsU42pQwZk=,050IhdyKe3cJIxbin9XJrUVkqtg=
-23,22,Vv60t7esJdj2+Q8ldCsU42pQwZk=,050IhdyKe3cJIxbin9XJrUVkqtg=
-25,22,Vv60t7esJdj2+Q8ldCsU42pQwZk=,8wWgKCQy1SH0yqOrt2yeUoRwSUI=
-22,22,Vv60t7esJdj2+Q8ldCsU42pQwZk=,050IhdyKe3cJIxbin9XJrUVkqtg=
-23,24,Vv60t7esJdj2+Q8ldCsU42pQwZk=,EtZ11koI2p1hNjsyTABqdb6/l1k=
-22,24,Vv60t7esJdj2+Q8ldCsU42pQwZk=,EtZ11koI2p1hNjsyTABqdb6/l1k=
-25,21,Vv60t7esJdj2+Q8ldCsU42pQwZk=,8wWgKCQy1SH0yqOrt2yeUoRwSUI=
-26,21,Vv60t7esJdj2+Q8ldCsU42pQwZk=,8wWgKCQy1SH0yqOrt2yeUoRwSUI=
-27,22,Vv60t7esJdj2+Q8ldCsU42pQwZk=,8wWgKCQy1SH0yqOrt2yeUoRwSUI=
-27,21,Vv60t7esJdj2+Q8ldCsU42pQwZk=,8wWgKCQy1SH0yqOrt2yeUoRwSUI=
-26,19,Vv60t7esJdj2+Q8ldCsU42pQwZk=,uAeqwvMI47yU55p327OdsnRe0KU=
-27,20,Vv60t7esJdj2+Q8ldCsU42pQwZk=,8wWgKCQy1SH0yqOrt2yeUoRwSUI=
-27,18,Vv60t7esJdj2+Q8ldCsU42pQwZk=,uAeqwvMI47yU55p327OdsnRe0KU=
-27,19,Vv60t7esJdj2+Q8ldCsU42pQwZk=,uAeqwvMI47yU55p327OdsnRe0KU=
-26,18,Vv60t7esJdj2+Q8ldCsU42pQwZk=,uAeqwvMI47yU55p327OdsnRe0KU=
-26,20,Vv60t7esJdj2+Q8ldCsU42pQwZk=,8wWgKCQy1SH0yqOrt2yeUoRwSUI=
-21,21,Vv60t7esJdj2+Q8ldCsU42pQwZk=,050IhdyKe3cJIxbin9XJrUVkqtg=
-21,22,Vv60t7esJdj2+Q8ldCsU42pQwZk=,050IhdyKe3cJIxbin9XJrUVkqtg=
-24,26,Vv60t7esJdj2+Q8ldCsU42pQwZk=,EtZ11koI2p1hNjsyTABqdb6/l1k=
-27,23,Vv60t7esJdj2+Q8ldCsU42pQwZk=,8wWgKCQy1SH0yqOrt2yeUoRwSUI=
-26,26,Vv60t7esJdj2+Q8ldCsU42pQwZk=,blQr9pFBVmXIyNO+JtceUke510g=
-25,25,Vv60t7esJdj2+Q8ldCsU42pQwZk=,blQr9pFBVmXIyNO+JtceUke510g=
-25,26,Vv60t7esJdj2+Q8ldCsU42pQwZk=,blQr9pFBVmXIyNO+JtceUke510g=
-24,25,Vv60t7esJdj2+Q8ldCsU42pQwZk=,EtZ11koI2p1hNjsyTABqdb6/l1k=
-23,25,Vv60t7esJdj2+Q8ldCsU42pQwZk=,EtZ11koI2p1hNjsyTABqdb6/l1k=
-25,24,Vv60t7esJdj2+Q8ldCsU42pQwZk=,blQr9pFBVmXIyNO+JtceUke510g=
-23,23,Vv60t7esJdj2+Q8ldCsU42pQwZk=,050IhdyKe3cJIxbin9XJrUVkqtg=
-26,25,Vv60t7esJdj2+Q8ldCsU42pQwZk=,blQr9pFBVmXIyNO+JtceUke510g=
-27,16,Vv60t7esJdj2+Q8ldCsU42pQwZk=,uAeqwvMI47yU55p327OdsnRe0KU=
-24,24,Vv60t7esJdj2+Q8ldCsU42pQwZk=,EtZ11koI2p1hNjsyTABqdb6/l1k=
-25,27,BchNbmT0KpONC0r/zzRpRQAiY4Q=,blQr9pFBVmXIyNO+JtceUke510g=
-27,27,BchNbmT0KpONC0r/zzRpRQAiY4Q=,blQr9pFBVmXIyNO+JtceUke510g=
-26,27,BchNbmT0KpONC0r/zzRpRQAiY4Q=,blQr9pFBVmXIyNO+JtceUke510g=
-24,27,BchNbmT0KpONC0r/zzRpRQAiY4Q=,EtZ11koI2p1hNjsyTABqdb6/l1k=
-21,24,BchNbmT0KpONC0r/zzRpRQAiY4Q=,EtZ11koI2p1hNjsyTABqdb6/l1k=
-21,23,BchNbmT0KpONC0r/zzRpRQAiY4Q=,050IhdyKe3cJIxbin9XJrUVkqtg=
-21,26,BchNbmT0KpONC0r/zzRpRQAiY4Q=,EtZ11koI2p1hNjsyTABqdb6/l1k=
-21,25,BchNbmT0KpONC0r/zzRpRQAiY4Q=,EtZ11koI2p1hNjsyTABqdb6/l1k=
-21,27,BchNbmT0KpONC0r/zzRpRQAiY4Q=,EtZ11koI2p1hNjsyTABqdb6/l1k=
-28,18,BchNbmT0KpONC0r/zzRpRQAiY4Q=,uAeqwvMI47yU55p327OdsnRe0KU=
-28,23,BchNbmT0KpONC0r/zzRpRQAiY4Q=,8wWgKCQy1SH0yqOrt2yeUoRwSUI=
-28,22,BchNbmT0KpONC0r/zzRpRQAiY4Q=,8wWgKCQy1SH0yqOrt2yeUoRwSUI=
-28,21,BchNbmT0KpONC0r/zzRpRQAiY4Q=,8wWgKCQy1SH0yqOrt2yeUoRwSUI=
-28,24,BchNbmT0KpONC0r/zzRpRQAiY4Q=,blQr9pFBVmXIyNO+JtceUke510g=
-28,19,BchNbmT0KpONC0r/zzRpRQAiY4Q=,uAeqwvMI47yU55p327OdsnRe0KU=
-28,20,BchNbmT0KpONC0r/zzRpRQAiY4Q=,8wWgKCQy1SH0yqOrt2yeUoRwSUI=
-28,27,BchNbmT0KpONC0r/zzRpRQAiY4Q=,blQr9pFBVmXIyNO+JtceUke510g=
-22,25,BchNbmT0KpONC0r/zzRpRQAiY4Q=,EtZ11koI2p1hNjsyTABqdb6/l1k=
-28,17,BchNbmT0KpONC0r/zzRpRQAiY4Q=,uAeqwvMI47yU55p327OdsnRe0KU=
-27,26,BchNbmT0KpONC0r/zzRpRQAiY4Q=,blQr9pFBVmXIyNO+JtceUke510g=
-28,26,BchNbmT0KpONC0r/zzRpRQAiY4Q=,blQr9pFBVmXIyNO+JtceUke510g=
-26,23,BchNbmT0KpONC0r/zzRpRQAiY4Q=,8wWgKCQy1SH0yqOrt2yeUoRwSUI=
-28,16,BchNbmT0KpONC0r/zzRpRQAiY4Q=,uAeqwvMI47yU55p327OdsnRe0KU=
-27,17,BchNbmT0KpONC0r/zzRpRQAiY4Q=,uAeqwvMI47yU55p327OdsnRe0KU=
-27,24,BchNbmT0KpONC0r/zzRpRQAiY4Q=,blQr9pFBVmXIyNO+JtceUke510g=
-24,23,BchNbmT0KpONC0r/zzRpRQAiY4Q=,050IhdyKe3cJIxbin9XJrUVkqtg=
-25,23,BchNbmT0KpONC0r/zzRpRQAiY4Q=,8wWgKCQy1SH0yqOrt2yeUoRwSUI=
-26,24,BchNbmT0KpONC0r/zzRpRQAiY4Q=,blQr9pFBVmXIyNO+JtceUke510g=
-18,19,BchNbmT0KpONC0r/zzRpRQAiY4Q=,TZvHNtT9g6EZHIwQk7iwszbwOzo=
-19,19,BchNbmT0KpONC0r/zzRpRQAiY4Q=,TZvHNtT9g6EZHIwQk7iwszbwOzo=
-17,19,BchNbmT0KpONC0r/zzRpRQAiY4Q=,TZvHNtT9g6EZHIwQk7iwszbwOzo=
-24,20,BchNbmT0KpONC0r/zzRpRQAiY4Q=,050IhdyKe3cJIxbin9XJrUVkqtg=
-21,19,BchNbmT0KpONC0r/zzRpRQAiY4Q=,YJ9SFe9VzSOC+54uYQyv8yhswCU=
-25,16,BchNbmT0KpONC0r/zzRpRQAiY4Q=,uAeqwvMI47yU55p327OdsnRe0KU=
-20,19,BchNbmT0KpONC0r/zzRpRQAiY4Q=,TZvHNtT9g6EZHIwQk7iwszbwOzo=
-23,20,BchNbmT0KpONC0r/zzRpRQAiY4Q=,050IhdyKe3cJIxbin9XJrUVkqtg=
-22,20,BchNbmT0KpONC0r/zzRpRQAiY4Q=,050IhdyKe3cJIxbin9XJrUVkqtg=
-21,20,BchNbmT0KpONC0r/zzRpRQAiY4Q=,050IhdyKe3cJIxbin9XJrUVkqtg=
-25,19,BchNbmT0KpONC0r/zzRpRQAiY4Q=,uAeqwvMI47yU55p327OdsnRe0KU=
-25,20,BchNbmT0KpONC0r/zzRpRQAiY4Q=,8wWgKCQy1SH0yqOrt2yeUoRwSUI=
-26,16,BchNbmT0KpONC0r/zzRpRQAiY4Q=,uAeqwvMI47yU55p327OdsnRe0KU=
-22,19,BchNbmT0KpONC0r/zzRpRQAiY4Q=,YJ9SFe9VzSOC+54uYQyv8yhswCU=
-26,17,BchNbmT0KpONC0r/zzRpRQAiY4Q=,uAeqwvMI47yU55p327OdsnRe0KU=
-25,18,BchNbmT0KpONC0r/zzRpRQAiY4Q=,uAeqwvMI47yU55p327OdsnRe0KU=
-23,19,BchNbmT0KpONC0r/zzRpRQAiY4Q=,YJ9SFe9VzSOC+54uYQyv8yhswCU=
-21,18,BchNbmT0KpONC0r/zzRpRQAiY4Q=,YJ9SFe9VzSOC+54uYQyv8yhswCU=
-24,19,BchNbmT0KpONC0r/zzRpRQAiY4Q=,YJ9SFe9VzSOC+54uYQyv8yhswCU=
-25,17,BchNbmT0KpONC0r/zzRpRQAiY4Q=,uAeqwvMI47yU55p327OdsnRe0KU=
-20,18,BchNbmT0KpONC0r/zzRpRQAiY4Q=,TZvHNtT9g6EZHIwQk7iwszbwOzo=
-18,17,BchNbmT0KpONC0r/zzRpRQAiY4Q=,TZvHNtT9g6EZHIwQk7iwszbwOzo=
-18,18,BchNbmT0KpONC0r/zzRpRQAiY4Q=,TZvHNtT9g6EZHIwQk7iwszbwOzo=
-22,18,BchNbmT0KpONC0r/zzRpRQAiY4Q=,YJ9SFe9VzSOC+54uYQyv8yhswCU=
-17,17,BchNbmT0KpONC0r/zzRpRQAiY4Q=,TZvHNtT9g6EZHIwQk7iwszbwOzo=
-17,18,BchNbmT0KpONC0r/zzRpRQAiY4Q=,TZvHNtT9g6EZHIwQk7iwszbwOzo=
-19,18,BchNbmT0KpONC0r/zzRpRQAiY4Q=,TZvHNtT9g6EZHIwQk7iwszbwOzo=
-21,17,BchNbmT0KpONC0r/zzRpRQAiY4Q=,YJ9SFe9VzSOC+54uYQyv8yhswCU=
-24,16,BchNbmT0KpONC0r/zzRpRQAiY4Q=,YJ9SFe9VzSOC+54uYQyv8yhswCU=
-19,17,BchNbmT0KpONC0r/zzRpRQAiY4Q=,TZvHNtT9g6EZHIwQk7iwszbwOzo=
-20,16,BchNbmT0KpONC0r/zzRpRQAiY4Q=,TZvHNtT9g6EZHIwQk7iwszbwOzo=
-20,17,BchNbmT0KpONC0r/zzRpRQAiY4Q=,TZvHNtT9g6EZHIwQk7iwszbwOzo=
-19,16,BchNbmT0KpONC0r/zzRpRQAiY4Q=,TZvHNtT9g6EZHIwQk7iwszbwOzo=
-17,16,BchNbmT0KpONC0r/zzRpRQAiY4Q=,TZvHNtT9g6EZHIwQk7iwszbwOzo=
-18,16,BchNbmT0KpONC0r/zzRpRQAiY4Q=,TZvHNtT9g6EZHIwQk7iwszbwOzo=
-24,18,BchNbmT0KpONC0r/zzRpRQAiY4Q=,YJ9SFe9VzSOC+54uYQyv8yhswCU=
-28,25,BchNbmT0KpONC0r/zzRpRQAiY4Q=,blQr9pFBVmXIyNO+JtceUke510g=
-27,25,BchNbmT0KpONC0r/zzRpRQAiY4Q=,blQr9pFBVmXIyNO+JtceUke510g=
-21,16,BchNbmT0KpONC0r/zzRpRQAiY4Q=,YJ9SFe9VzSOC+54uYQyv8yhswCU=
-23,18,BchNbmT0KpONC0r/zzRpRQAiY4Q=,YJ9SFe9VzSOC+54uYQyv8yhswCU=
-23,16,BchNbmT0KpONC0r/zzRpRQAiY4Q=,YJ9SFe9VzSOC+54uYQyv8yhswCU=
-24,17,BchNbmT0KpONC0r/zzRpRQAiY4Q=,YJ9SFe9VzSOC+54uYQyv8yhswCU=
-22,16,BchNbmT0KpONC0r/zzRpRQAiY4Q=,YJ9SFe9VzSOC+54uYQyv8yhswCU=
-22,17,BchNbmT0KpONC0r/zzRpRQAiY4Q=,YJ9SFe9VzSOC+54uYQyv8yhswCU=
-23,17,BchNbmT0KpONC0r/zzRpRQAiY4Q=,YJ9SFe9VzSOC+54uYQyv8yhswCU=
-6,17,KFy6uKHtWBsjdRrPBuByGv98giA=,sfOwOl4LRmG4lq8YgKkBpe1WnlY=
-7,17,KFy6uKHtWBsjdRrPBuByGv98giA=,sfOwOl4LRmG4lq8YgKkBpe1WnlY=
-7,18,KFy6uKHtWBsjdRrPBuByGv98giA=,sfOwOl4LRmG4lq8YgKkBpe1WnlY=
-2,18,KFy6uKHtWBsjdRrPBuByGv98giA=,B7WsYPtDMnY2BbVmKRhpMFHrfZg=
-2,17,KFy6uKHtWBsjdRrPBuByGv98giA=,B7WsYPtDMnY2BbVmKRhpMFHrfZg=
-7,21,KFy6uKHtWBsjdRrPBuByGv98giA=,KFMhCZzMJnDPP7weLXmJvtg/iII=
-4,20,KFy6uKHtWBsjdRrPBuByGv98giA=,RosGjUcssNVJgsXaG8G0C68bfyI=
-6,18,KFy6uKHtWBsjdRrPBuByGv98giA=,sfOwOl4LRmG4lq8YgKkBpe1WnlY=
-5,21,KFy6uKHtWBsjdRrPBuByGv98giA=,KFMhCZzMJnDPP7weLXmJvtg/iII=
-3,18,KFy6uKHtWBsjdRrPBuByGv98giA=,B7WsYPtDMnY2BbVmKRhpMFHrfZg=
-3,20,KFy6uKHtWBsjdRrPBuByGv98giA=,RosGjUcssNVJgsXaG8G0C68bfyI=
-4,18,KFy6uKHtWBsjdRrPBuByGv98giA=,B7WsYPtDMnY2BbVmKRhpMFHrfZg=
-5,20,KFy6uKHtWBsjdRrPBuByGv98giA=,KFMhCZzMJnDPP7weLXmJvtg/iII=
-4,21,KFy6uKHtWBsjdRrPBuByGv98giA=,RosGjUcssNVJgsXaG8G0C68bfyI=
-6,21,KFy6uKHtWBsjdRrPBuByGv98giA=,KFMhCZzMJnDPP7weLXmJvtg/iII=
-6,20,KFy6uKHtWBsjdRrPBuByGv98giA=,KFMhCZzMJnDPP7weLXmJvtg/iII=
-3,21,KFy6uKHtWBsjdRrPBuByGv98giA=,RosGjUcssNVJgsXaG8G0C68bfyI=
-3,19,KFy6uKHtWBsjdRrPBuByGv98giA=,B7WsYPtDMnY2BbVmKRhpMFHrfZg=
-4,19,KFy6uKHtWBsjdRrPBuByGv98giA=,B7WsYPtDMnY2BbVmKRhpMFHrfZg=
-5,18,KFy6uKHtWBsjdRrPBuByGv98giA=,sfOwOl4LRmG4lq8YgKkBpe1WnlY=
-6,19,KFy6uKHtWBsjdRrPBuByGv98giA=,sfOwOl4LRmG4lq8YgKkBpe1WnlY=
-5,19,KFy6uKHtWBsjdRrPBuByGv98giA=,sfOwOl4LRmG4lq8YgKkBpe1WnlY=
-11,25,KFy6uKHtWBsjdRrPBuByGv98giA=,mo/ecVdRHzxS8cqRakf0EW1H81g=
-11,21,KFy6uKHtWBsjdRrPBuByGv98giA=,l1v8Qm9O7qhaIRj/j1JBEAUJLzc=
-11,17,KFy6uKHtWBsjdRrPBuByGv98giA=,0WD7yTTv+57EAz3WK3OoNnRRZjI=
-9,17,KFy6uKHtWBsjdRrPBuByGv98giA=,0WD7yTTv+57EAz3WK3OoNnRRZjI=
-10,17,KFy6uKHtWBsjdRrPBuByGv98giA=,0WD7yTTv+57EAz3WK3OoNnRRZjI=
-8,20,KFy6uKHtWBsjdRrPBuByGv98giA=,KFMhCZzMJnDPP7weLXmJvtg/iII=
-9,23,KFy6uKHtWBsjdRrPBuByGv98giA=,l1v8Qm9O7qhaIRj/j1JBEAUJLzc=
-7,22,KFy6uKHtWBsjdRrPBuByGv98giA=,KFMhCZzMJnDPP7weLXmJvtg/iII=
-8,19,KFy6uKHtWBsjdRrPBuByGv98giA=,sfOwOl4LRmG4lq8YgKkBpe1WnlY=
-10,25,KFy6uKHtWBsjdRrPBuByGv98giA=,mo/ecVdRHzxS8cqRakf0EW1H81g=
-8,21,YoKy+UHGjFKvwwTZEMphf6ntuoU=,KFMhCZzMJnDPP7weLXmJvtg/iII=
-7,20,YoKy+UHGjFKvwwTZEMphf6ntuoU=,KFMhCZzMJnDPP7weLXmJvtg/iII=
-8,23,YoKy+UHGjFKvwwTZEMphf6ntuoU=,KFMhCZzMJnDPP7weLXmJvtg/iII=
-10,22,YoKy+UHGjFKvwwTZEMphf6ntuoU=,l1v8Qm9O7qhaIRj/j1JBEAUJLzc=
-8,25,YoKy+UHGjFKvwwTZEMphf6ntuoU=,KK1ym1O6eAr6bBcOJ/0wFOTTNjk=
-7,25,YoKy+UHGjFKvwwTZEMphf6ntuoU=,KK1ym1O6eAr6bBcOJ/0wFOTTNjk=
-8,22,YoKy+UHGjFKvwwTZEMphf6ntuoU=,KFMhCZzMJnDPP7weLXmJvtg/iII=
-11,20,YoKy+UHGjFKvwwTZEMphf6ntuoU=,l1v8Qm9O7qhaIRj/j1JBEAUJLzc=
-10,21,YoKy+UHGjFKvwwTZEMphf6ntuoU=,l1v8Qm9O7qhaIRj/j1JBEAUJLzc=
-10,20,YoKy+UHGjFKvwwTZEMphf6ntuoU=,l1v8Qm9O7qhaIRj/j1JBEAUJLzc=
-8,17,YoKy+UHGjFKvwwTZEMphf6ntuoU=,sfOwOl4LRmG4lq8YgKkBpe1WnlY=
-10,23,YoKy+UHGjFKvwwTZEMphf6ntuoU=,l1v8Qm9O7qhaIRj/j1JBEAUJLzc=
-7,19,YoKy+UHGjFKvwwTZEMphf6ntuoU=,sfOwOl4LRmG4lq8YgKkBpe1WnlY=
-8,18,YoKy+UHGjFKvwwTZEMphf6ntuoU=,sfOwOl4LRmG4lq8YgKkBpe1WnlY=
-2,30,YoKy+UHGjFKvwwTZEMphf6ntuoU=,eOH5bzqwN2UrwbFlb963F0btXo8=
-3,29,YoKy+UHGjFKvwwTZEMphf6ntuoU=,eOH5bzqwN2UrwbFlb963F0btXo8=
-2,29,YoKy+UHGjFKvwwTZEMphf6ntuoU=,eOH5bzqwN2UrwbFlb963F0btXo8=
-3,30,YoKy+UHGjFKvwwTZEMphf6ntuoU=,eOH5bzqwN2UrwbFlb963F0btXo8=
-10,19,YoKy+UHGjFKvwwTZEMphf6ntuoU=,0WD7yTTv+57EAz3WK3OoNnRRZjI=
-7,23,YoKy+UHGjFKvwwTZEMphf6ntuoU=,KFMhCZzMJnDPP7weLXmJvtg/iII=
-10,18,YoKy+UHGjFKvwwTZEMphf6ntuoU=,0WD7yTTv+57EAz3WK3OoNnRRZjI=
-9,18,YoKy+UHGjFKvwwTZEMphf6ntuoU=,0WD7yTTv+57EAz3WK3OoNnRRZjI=
-10,24,YoKy+UHGjFKvwwTZEMphf6ntuoU=,mo/ecVdRHzxS8cqRakf0EW1H81g=
-9,22,YoKy+UHGjFKvwwTZEMphf6ntuoU=,l1v8Qm9O7qhaIRj/j1JBEAUJLzc=
-8,24,YoKy+UHGjFKvwwTZEMphf6ntuoU=,KK1ym1O6eAr6bBcOJ/0wFOTTNjk=
-9,19,YoKy+UHGjFKvwwTZEMphf6ntuoU=,0WD7yTTv+57EAz3WK3OoNnRRZjI=
-9,25,YoKy+UHGjFKvwwTZEMphf6ntuoU=,mo/ecVdRHzxS8cqRakf0EW1H81g=
-9,21,YoKy+UHGjFKvwwTZEMphf6ntuoU=,l1v8Qm9O7qhaIRj/j1JBEAUJLzc=
-9,20,YoKy+UHGjFKvwwTZEMphf6ntuoU=,l1v8Qm9O7qhaIRj/j1JBEAUJLzc=
-9,24,YoKy+UHGjFKvwwTZEMphf6ntuoU=,mo/ecVdRHzxS8cqRakf0EW1H81g=
-4,29,YoKy+UHGjFKvwwTZEMphf6ntuoU=,eOH5bzqwN2UrwbFlb963F0btXo8=
-4,30,YoKy+UHGjFKvwwTZEMphf6ntuoU=,eOH5bzqwN2UrwbFlb963F0btXo8=
-6,27,YoKy+UHGjFKvwwTZEMphf6ntuoU=,KK1ym1O6eAr6bBcOJ/0wFOTTNjk=
-7,30,YoKy+UHGjFKvwwTZEMphf6ntuoU=,MuBZVNq+5bxOTkPl118nYMRqY9I=
-4,23,YoKy+UHGjFKvwwTZEMphf6ntuoU=,RosGjUcssNVJgsXaG8G0C68bfyI=
-5,27,YoKy+UHGjFKvwwTZEMphf6ntuoU=,KK1ym1O6eAr6bBcOJ/0wFOTTNjk=
-2,28,YoKy+UHGjFKvwwTZEMphf6ntuoU=,eOH5bzqwN2UrwbFlb963F0btXo8=
-3,28,YoKy+UHGjFKvwwTZEMphf6ntuoU=,eOH5bzqwN2UrwbFlb963F0btXo8=
-3,22,YoKy+UHGjFKvwwTZEMphf6ntuoU=,RosGjUcssNVJgsXaG8G0C68bfyI=
-4,22,YoKy+UHGjFKvwwTZEMphf6ntuoU=,RosGjUcssNVJgsXaG8G0C68bfyI=
-6,28,YoKy+UHGjFKvwwTZEMphf6ntuoU=,MuBZVNq+5bxOTkPl118nYMRqY9I=
-4,28,YoKy+UHGjFKvwwTZEMphf6ntuoU=,eOH5bzqwN2UrwbFlb963F0btXo8=
-7,24,YoKy+UHGjFKvwwTZEMphf6ntuoU=,KK1ym1O6eAr6bBcOJ/0wFOTTNjk=
-6,25,YoKy+UHGjFKvwwTZEMphf6ntuoU=,KK1ym1O6eAr6bBcOJ/0wFOTTNjk=
-6,26,YoKy+UHGjFKvwwTZEMphf6ntuoU=,KK1ym1O6eAr6bBcOJ/0wFOTTNjk=
-5,24,YoKy+UHGjFKvwwTZEMphf6ntuoU=,KK1ym1O6eAr6bBcOJ/0wFOTTNjk=
-5,23,YoKy+UHGjFKvwwTZEMphf6ntuoU=,KFMhCZzMJnDPP7weLXmJvtg/iII=
-5,25,YoKy+UHGjFKvwwTZEMphf6ntuoU=,KK1ym1O6eAr6bBcOJ/0wFOTTNjk=
-4,24,YoKy+UHGjFKvwwTZEMphf6ntuoU=,RzjnsfAUvJ7BcUE2fwmzbZkZ8To=
-2,23,YoKy+UHGjFKvwwTZEMphf6ntuoU=,RosGjUcssNVJgsXaG8G0C68bfyI=
-3,23,YoKy+UHGjFKvwwTZEMphf6ntuoU=,RosGjUcssNVJgsXaG8G0C68bfyI=
-5,26,YoKy+UHGjFKvwwTZEMphf6ntuoU=,KK1ym1O6eAr6bBcOJ/0wFOTTNjk=
-5,22,YoKy+UHGjFKvwwTZEMphf6ntuoU=,KFMhCZzMJnDPP7weLXmJvtg/iII=
-6,22,YoKy+UHGjFKvwwTZEMphf6ntuoU=,KFMhCZzMJnDPP7weLXmJvtg/iII=
-12,26,YoKy+UHGjFKvwwTZEMphf6ntuoU=,mo/ecVdRHzxS8cqRakf0EW1H81g=
-12,25,YoKy+UHGjFKvwwTZEMphf6ntuoU=,mo/ecVdRHzxS8cqRakf0EW1H81g=
-6,23,YoKy+UHGjFKvwwTZEMphf6ntuoU=,KFMhCZzMJnDPP7weLXmJvtg/iII=
-4,27,YoKy+UHGjFKvwwTZEMphf6ntuoU=,RzjnsfAUvJ7BcUE2fwmzbZkZ8To=
-4,25,YoKy+UHGjFKvwwTZEMphf6ntuoU=,RzjnsfAUvJ7BcUE2fwmzbZkZ8To=
-4,26,YoKy+UHGjFKvwwTZEMphf6ntuoU=,RzjnsfAUvJ7BcUE2fwmzbZkZ8To=
-6,29,YoKy+UHGjFKvwwTZEMphf6ntuoU=,MuBZVNq+5bxOTkPl118nYMRqY9I=
-3,24,YoKy+UHGjFKvwwTZEMphf6ntuoU=,RzjnsfAUvJ7BcUE2fwmzbZkZ8To=
-13,21,YoKy+UHGjFKvwwTZEMphf6ntuoU=,BIORu3PdyQCllgpFOVXOyqWym34=
-12,21,YoKy+UHGjFKvwwTZEMphf6ntuoU=,l1v8Qm9O7qhaIRj/j1JBEAUJLzc=
-12,24,YoKy+UHGjFKvwwTZEMphf6ntuoU=,mo/ecVdRHzxS8cqRakf0EW1H81g=
-15,22,YoKy+UHGjFKvwwTZEMphf6ntuoU=,BIORu3PdyQCllgpFOVXOyqWym34=
-14,23,YoKy+UHGjFKvwwTZEMphf6ntuoU=,BIORu3PdyQCllgpFOVXOyqWym34=
-15,23,YoKy+UHGjFKvwwTZEMphf6ntuoU=,BIORu3PdyQCllgpFOVXOyqWym34=
-5,29,YoKy+UHGjFKvwwTZEMphf6ntuoU=,MuBZVNq+5bxOTkPl118nYMRqY9I=
-12,29,YoKy+UHGjFKvwwTZEMphf6ntuoU=,T+Hc+fUDh3cQEC9gEaGp+WD7v9c=
-10,30,YoKy+UHGjFKvwwTZEMphf6ntuoU=,T+Hc+fUDh3cQEC9gEaGp+WD7v9c=
-10,31,YoKy+UHGjFKvwwTZEMphf6ntuoU=,T+Hc+fUDh3cQEC9gEaGp+WD7v9c=
-12,27,YoKy+UHGjFKvwwTZEMphf6ntuoU=,mo/ecVdRHzxS8cqRakf0EW1H81g=
-7,27,YoKy+UHGjFKvwwTZEMphf6ntuoU=,KK1ym1O6eAr6bBcOJ/0wFOTTNjk=
-3,26,YoKy+UHGjFKvwwTZEMphf6ntuoU=,RzjnsfAUvJ7BcUE2fwmzbZkZ8To=
-6,24,YoKy+UHGjFKvwwTZEMphf6ntuoU=,KK1ym1O6eAr6bBcOJ/0wFOTTNjk=
-11,31,YoKy+UHGjFKvwwTZEMphf6ntuoU=,T+Hc+fUDh3cQEC9gEaGp+WD7v9c=
-11,30,YoKy+UHGjFKvwwTZEMphf6ntuoU=,T+Hc+fUDh3cQEC9gEaGp+WD7v9c=
-11,24,YoKy+UHGjFKvwwTZEMphf6ntuoU=,mo/ecVdRHzxS8cqRakf0EW1H81g=
-8,30,YoKy+UHGjFKvwwTZEMphf6ntuoU=,MuBZVNq+5bxOTkPl118nYMRqY9I=
-12,30,YoKy+UHGjFKvwwTZEMphf6ntuoU=,T+Hc+fUDh3cQEC9gEaGp+WD7v9c=
-12,28,YoKy+UHGjFKvwwTZEMphf6ntuoU=,T+Hc+fUDh3cQEC9gEaGp+WD7v9c=
-9,29,YoKy+UHGjFKvwwTZEMphf6ntuoU=,T+Hc+fUDh3cQEC9gEaGp+WD7v9c=
-9,30,YoKy+UHGjFKvwwTZEMphf6ntuoU=,T+Hc+fUDh3cQEC9gEaGp+WD7v9c=
-13,23,YoKy+UHGjFKvwwTZEMphf6ntuoU=,BIORu3PdyQCllgpFOVXOyqWym34=
-9,26,YoKy+UHGjFKvwwTZEMphf6ntuoU=,mo/ecVdRHzxS8cqRakf0EW1H81g=
-11,23,YoKy+UHGjFKvwwTZEMphf6ntuoU=,l1v8Qm9O7qhaIRj/j1JBEAUJLzc=
-7,16,YoKy+UHGjFKvwwTZEMphf6ntuoU=,sfOwOl4LRmG4lq8YgKkBpe1WnlY=
-6,16,YoKy+UHGjFKvwwTZEMphf6ntuoU=,sfOwOl4LRmG4lq8YgKkBpe1WnlY=
-16,21,YoKy+UHGjFKvwwTZEMphf6ntuoU=,BIORu3PdyQCllgpFOVXOyqWym34=
-16,22,YoKy+UHGjFKvwwTZEMphf6ntuoU=,BIORu3PdyQCllgpFOVXOyqWym34=
-16,23,YoKy+UHGjFKvwwTZEMphf6ntuoU=,BIORu3PdyQCllgpFOVXOyqWym34=
-11,28,YoKy+UHGjFKvwwTZEMphf6ntuoU=,T+Hc+fUDh3cQEC9gEaGp+WD7v9c=
-11,22,YoKy+UHGjFKvwwTZEMphf6ntuoU=,l1v8Qm9O7qhaIRj/j1JBEAUJLzc=
-3,27,YoKy+UHGjFKvwwTZEMphf6ntuoU=,RzjnsfAUvJ7BcUE2fwmzbZkZ8To=
-8,27,YoKy+UHGjFKvwwTZEMphf6ntuoU=,KK1ym1O6eAr6bBcOJ/0wFOTTNjk=
-11,26,YoKy+UHGjFKvwwTZEMphf6ntuoU=,mo/ecVdRHzxS8cqRakf0EW1H81g=
-10,26,YoKy+UHGjFKvwwTZEMphf6ntuoU=,mo/ecVdRHzxS8cqRakf0EW1H81g=
-10,29,YoKy+UHGjFKvwwTZEMphf6ntuoU=,T+Hc+fUDh3cQEC9gEaGp+WD7v9c=
-5,28,YoKy+UHGjFKvwwTZEMphf6ntuoU=,MuBZVNq+5bxOTkPl118nYMRqY9I=
-7,28,YoKy+UHGjFKvwwTZEMphf6ntuoU=,MuBZVNq+5bxOTkPl118nYMRqY9I=
-11,29,YoKy+UHGjFKvwwTZEMphf6ntuoU=,T+Hc+fUDh3cQEC9gEaGp+WD7v9c=
-11,27,YoKy+UHGjFKvwwTZEMphf6ntuoU=,mo/ecVdRHzxS8cqRakf0EW1H81g=
-14,22,YoKy+UHGjFKvwwTZEMphf6ntuoU=,BIORu3PdyQCllgpFOVXOyqWym34=
-9,27,YoKy+UHGjFKvwwTZEMphf6ntuoU=,mo/ecVdRHzxS8cqRakf0EW1H81g=
-7,26,YoKy+UHGjFKvwwTZEMphf6ntuoU=,KK1ym1O6eAr6bBcOJ/0wFOTTNjk=
-10,28,YoKy+UHGjFKvwwTZEMphf6ntuoU=,T+Hc+fUDh3cQEC9gEaGp+WD7v9c=
-12,22,YoKy+UHGjFKvwwTZEMphf6ntuoU=,l1v8Qm9O7qhaIRj/j1JBEAUJLzc=
-1,18,YoKy+UHGjFKvwwTZEMphf6ntuoU=,B7WsYPtDMnY2BbVmKRhpMFHrfZg=
-1,17,YoKy+UHGjFKvwwTZEMphf6ntuoU=,B7WsYPtDMnY2BbVmKRhpMFHrfZg=
-10,27,YoKy+UHGjFKvwwTZEMphf6ntuoU=,mo/ecVdRHzxS8cqRakf0EW1H81g=
-7,29,YoKy+UHGjFKvwwTZEMphf6ntuoU=,MuBZVNq+5bxOTkPl118nYMRqY9I=
-8,26,YoKy+UHGjFKvwwTZEMphf6ntuoU=,KK1ym1O6eAr6bBcOJ/0wFOTTNjk=
-1,25,YoKy+UHGjFKvwwTZEMphf6ntuoU=,RzjnsfAUvJ7BcUE2fwmzbZkZ8To=
-16,19,YoKy+UHGjFKvwwTZEMphf6ntuoU=,Jwt2BRipMT6Yx4R1ljQEY7Az+pg=
-1,20,YoKy+UHGjFKvwwTZEMphf6ntuoU=,RosGjUcssNVJgsXaG8G0C68bfyI=
-1,21,YoKy+UHGjFKvwwTZEMphf6ntuoU=,RosGjUcssNVJgsXaG8G0C68bfyI=
-13,20,YoKy+UHGjFKvwwTZEMphf6ntuoU=,BIORu3PdyQCllgpFOVXOyqWym34=
-12,20,YoKy+UHGjFKvwwTZEMphf6ntuoU=,l1v8Qm9O7qhaIRj/j1JBEAUJLzc=
-13,19,YoKy+UHGjFKvwwTZEMphf6ntuoU=,Jwt2BRipMT6Yx4R1ljQEY7Az+pg=
-9,28,YoKy+UHGjFKvwwTZEMphf6ntuoU=,T+Hc+fUDh3cQEC9gEaGp+WD7v9c=
-8,28,YoKy+UHGjFKvwwTZEMphf6ntuoU=,MuBZVNq+5bxOTkPl118nYMRqY9I=
-13,22,YoKy+UHGjFKvwwTZEMphf6ntuoU=,BIORu3PdyQCllgpFOVXOyqWym34=
-9,16,YoKy+UHGjFKvwwTZEMphf6ntuoU=,0WD7yTTv+57EAz3WK3OoNnRRZjI=
-11,16,YoKy+UHGjFKvwwTZEMphf6ntuoU=,0WD7yTTv+57EAz3WK3OoNnRRZjI=
-8,16,YoKy+UHGjFKvwwTZEMphf6ntuoU=,sfOwOl4LRmG4lq8YgKkBpe1WnlY=
-10,16,YoKy+UHGjFKvwwTZEMphf6ntuoU=,0WD7yTTv+57EAz3WK3OoNnRRZjI=
-3,31,YoKy+UHGjFKvwwTZEMphf6ntuoU=,eOH5bzqwN2UrwbFlb963F0btXo8=
-2,31,YoKy+UHGjFKvwwTZEMphf6ntuoU=,eOH5bzqwN2UrwbFlb963F0btXo8=
-1,26,YoKy+UHGjFKvwwTZEMphf6ntuoU=,RzjnsfAUvJ7BcUE2fwmzbZkZ8To=
-1,23,YoKy+UHGjFKvwwTZEMphf6ntuoU=,RosGjUcssNVJgsXaG8G0C68bfyI=
-1,24,YoKy+UHGjFKvwwTZEMphf6ntuoU=,RzjnsfAUvJ7BcUE2fwmzbZkZ8To=
-9,31,YoKy+UHGjFKvwwTZEMphf6ntuoU=,T+Hc+fUDh3cQEC9gEaGp+WD7v9c=
-8,31,YoKy+UHGjFKvwwTZEMphf6ntuoU=,MuBZVNq+5bxOTkPl118nYMRqY9I=
-4,31,YoKy+UHGjFKvwwTZEMphf6ntuoU=,eOH5bzqwN2UrwbFlb963F0btXo8=
-7,31,YoKy+UHGjFKvwwTZEMphf6ntuoU=,MuBZVNq+5bxOTkPl118nYMRqY9I=
-6,31,YoKy+UHGjFKvwwTZEMphf6ntuoU=,MuBZVNq+5bxOTkPl118nYMRqY9I=
-2,20,YoKy+UHGjFKvwwTZEMphf6ntuoU=,RosGjUcssNVJgsXaG8G0C68bfyI=
-1,22,YoKy+UHGjFKvwwTZEMphf6ntuoU=,RosGjUcssNVJgsXaG8G0C68bfyI=
-2,21,YoKy+UHGjFKvwwTZEMphf6ntuoU=,RosGjUcssNVJgsXaG8G0C68bfyI=
-1,19,YoKy+UHGjFKvwwTZEMphf6ntuoU=,B7WsYPtDMnY2BbVmKRhpMFHrfZg=
-6,30,YoKy+UHGjFKvwwTZEMphf6ntuoU=,MuBZVNq+5bxOTkPl118nYMRqY9I=
-2,24,YoKy+UHGjFKvwwTZEMphf6ntuoU=,RzjnsfAUvJ7BcUE2fwmzbZkZ8To=
-8,29,YoKy+UHGjFKvwwTZEMphf6ntuoU=,MuBZVNq+5bxOTkPl118nYMRqY9I=
-1,30,YoKy+UHGjFKvwwTZEMphf6ntuoU=,eOH5bzqwN2UrwbFlb963F0btXo8=
-5,31,xeg0JXBDrvzqMeLFz/CvCfFhVfo=,MuBZVNq+5bxOTkPl118nYMRqY9I=
-1,27,xeg0JXBDrvzqMeLFz/CvCfFhVfo=,RzjnsfAUvJ7BcUE2fwmzbZkZ8To=
-1,28,xeg0JXBDrvzqMeLFz/CvCfFhVfo=,eOH5bzqwN2UrwbFlb963F0btXo8=
-1,31,xeg0JXBDrvzqMeLFz/CvCfFhVfo=,eOH5bzqwN2UrwbFlb963F0btXo8=
-2,19,xeg0JXBDrvzqMeLFz/CvCfFhVfo=,B7WsYPtDMnY2BbVmKRhpMFHrfZg=
-12,31,xeg0JXBDrvzqMeLFz/CvCfFhVfo=,T+Hc+fUDh3cQEC9gEaGp+WD7v9c=
-1,16,xeg0JXBDrvzqMeLFz/CvCfFhVfo=,B7WsYPtDMnY2BbVmKRhpMFHrfZg=
-5,16,xeg0JXBDrvzqMeLFz/CvCfFhVfo=,sfOwOl4LRmG4lq8YgKkBpe1WnlY=
-2,16,xeg0JXBDrvzqMeLFz/CvCfFhVfo=,B7WsYPtDMnY2BbVmKRhpMFHrfZg=
-5,30,xeg0JXBDrvzqMeLFz/CvCfFhVfo=,MuBZVNq+5bxOTkPl118nYMRqY9I=
-1,29,xeg0JXBDrvzqMeLFz/CvCfFhVfo=,eOH5bzqwN2UrwbFlb963F0btXo8=
-3,16,xeg0JXBDrvzqMeLFz/CvCfFhVfo=,B7WsYPtDMnY2BbVmKRhpMFHrfZg=
-4,16,xeg0JXBDrvzqMeLFz/CvCfFhVfo=,B7WsYPtDMnY2BbVmKRhpMFHrfZg=
-2,27,xeg0JXBDrvzqMeLFz/CvCfFhVfo=,RzjnsfAUvJ7BcUE2fwmzbZkZ8To=
-3,17,xeg0JXBDrvzqMeLFz/CvCfFhVfo=,B7WsYPtDMnY2BbVmKRhpMFHrfZg=
-12,23,xeg0JXBDrvzqMeLFz/CvCfFhVfo=,l1v8Qm9O7qhaIRj/j1JBEAUJLzc=
-12,19,xeg0JXBDrvzqMeLFz/CvCfFhVfo=,0WD7yTTv+57EAz3WK3OoNnRRZjI=
-5,17,xeg0JXBDrvzqMeLFz/CvCfFhVfo=,sfOwOl4LRmG4lq8YgKkBpe1WnlY=
-2,22,xeg0JXBDrvzqMeLFz/CvCfFhVfo=,RosGjUcssNVJgsXaG8G0C68bfyI=
-2,26,xeg0JXBDrvzqMeLFz/CvCfFhVfo=,RzjnsfAUvJ7BcUE2fwmzbZkZ8To=
-15,21,xeg0JXBDrvzqMeLFz/CvCfFhVfo=,BIORu3PdyQCllgpFOVXOyqWym34=
-4,17,xeg0JXBDrvzqMeLFz/CvCfFhVfo=,B7WsYPtDMnY2BbVmKRhpMFHrfZg=
-16,20,xeg0JXBDrvzqMeLFz/CvCfFhVfo=,BIORu3PdyQCllgpFOVXOyqWym34=
-15,19,xeg0JXBDrvzqMeLFz/CvCfFhVfo=,Jwt2BRipMT6Yx4R1ljQEY7Az+pg=
-14,19,xeg0JXBDrvzqMeLFz/CvCfFhVfo=,Jwt2BRipMT6Yx4R1ljQEY7Az+pg=
-15,20,xeg0JXBDrvzqMeLFz/CvCfFhVfo=,BIORu3PdyQCllgpFOVXOyqWym34=
-15,16,xeg0JXBDrvzqMeLFz/CvCfFhVfo=,Jwt2BRipMT6Yx4R1ljQEY7Az+pg=
-12,17,xeg0JXBDrvzqMeLFz/CvCfFhVfo=,0WD7yTTv+57EAz3WK3OoNnRRZjI=
-11,18,xeg0JXBDrvzqMeLFz/CvCfFhVfo=,0WD7yTTv+57EAz3WK3OoNnRRZjI=
-16,16,xeg0JXBDrvzqMeLFz/CvCfFhVfo=,Jwt2BRipMT6Yx4R1ljQEY7Az+pg=
-14,18,xeg0JXBDrvzqMeLFz/CvCfFhVfo=,Jwt2BRipMT6Yx4R1ljQEY7Az+pg=
-14,16,xeg0JXBDrvzqMeLFz/CvCfFhVfo=,Jwt2BRipMT6Yx4R1ljQEY7Az+pg=
-13,17,xeg0JXBDrvzqMeLFz/CvCfFhVfo=,Jwt2BRipMT6Yx4R1ljQEY7Az+pg=
-13,18,xeg0JXBDrvzqMeLFz/CvCfFhVfo=,Jwt2BRipMT6Yx4R1ljQEY7Az+pg=
-11,19,xeg0JXBDrvzqMeLFz/CvCfFhVfo=,0WD7yTTv+57EAz3WK3OoNnRRZjI=
-16,18,xeg0JXBDrvzqMeLFz/CvCfFhVfo=,Jwt2BRipMT6Yx4R1ljQEY7Az+pg=
-3,25,xeg0JXBDrvzqMeLFz/CvCfFhVfo=,RzjnsfAUvJ7BcUE2fwmzbZkZ8To=
-14,17,xeg0JXBDrvzqMeLFz/CvCfFhVfo=,Jwt2BRipMT6Yx4R1ljQEY7Az+pg=
-12,16,xeg0JXBDrvzqMeLFz/CvCfFhVfo=,0WD7yTTv+57EAz3WK3OoNnRRZjI=
-16,17,xeg0JXBDrvzqMeLFz/CvCfFhVfo=,Jwt2BRipMT6Yx4R1ljQEY7Az+pg=
-14,20,xeg0JXBDrvzqMeLFz/CvCfFhVfo=,BIORu3PdyQCllgpFOVXOyqWym34=
-15,17,xeg0JXBDrvzqMeLFz/CvCfFhVfo=,Jwt2BRipMT6Yx4R1ljQEY7Az+pg=
-15,18,xeg0JXBDrvzqMeLFz/CvCfFhVfo=,Jwt2BRipMT6Yx4R1ljQEY7Az+pg=
-2,25,xeg0JXBDrvzqMeLFz/CvCfFhVfo=,RzjnsfAUvJ7BcUE2fwmzbZkZ8To=
-14,21,xeg0JXBDrvzqMeLFz/CvCfFhVfo=,BIORu3PdyQCllgpFOVXOyqWym34=
-12,18,xeg0JXBDrvzqMeLFz/CvCfFhVfo=,0WD7yTTv+57EAz3WK3OoNnRRZjI=
-13,16,xeg0JXBDrvzqMeLFz/CvCfFhVfo=,Jwt2BRipMT6Yx4R1ljQEY7Az+pg=
-6,13,xeg0JXBDrvzqMeLFz/CvCfFhVfo=,Etv23GgZKnWLPeXXb+uAfc1sdQ0=
-7,14,xeg0JXBDrvzqMeLFz/CvCfFhVfo=,Etv23GgZKnWLPeXXb+uAfc1sdQ0=
-6,14,xeg0JXBDrvzqMeLFz/CvCfFhVfo=,Etv23GgZKnWLPeXXb+uAfc1sdQ0=
-11,9,xeg0JXBDrvzqMeLFz/CvCfFhVfo=,nL7S1taC+DL821a161Tu6FZ0WCE=
-10,10,xeg0JXBDrvzqMeLFz/CvCfFhVfo=,nL7S1taC+DL821a161Tu6FZ0WCE=
-11,10,xeg0JXBDrvzqMeLFz/CvCfFhVfo=,nL7S1taC+DL821a161Tu6FZ0WCE=
-10,9,xeg0JXBDrvzqMeLFz/CvCfFhVfo=,nL7S1taC+DL821a161Tu6FZ0WCE=
-4,14,xeg0JXBDrvzqMeLFz/CvCfFhVfo=,iqD3NuSoSyVG185vlxNx/u6b7AY=
-5,14,xeg0JXBDrvzqMeLFz/CvCfFhVfo=,Etv23GgZKnWLPeXXb+uAfc1sdQ0=
-2,11,xeg0JXBDrvzqMeLFz/CvCfFhVfo=,Ndhpt4NtetCWDjF43oHNIWxIPoQ=
-11,6,xeg0JXBDrvzqMeLFz/CvCfFhVfo=,L1f91d+aTta8ZZ9RBGfiJhTQfxM=
-11,8,xeg0JXBDrvzqMeLFz/CvCfFhVfo=,nL7S1taC+DL821a161Tu6FZ0WCE=
-11,7,xeg0JXBDrvzqMeLFz/CvCfFhVfo=,L1f91d+aTta8ZZ9RBGfiJhTQfxM=
-10,8,xeg0JXBDrvzqMeLFz/CvCfFhVfo=,nL7S1taC+DL821a161Tu6FZ0WCE=
-9,9,xeg0JXBDrvzqMeLFz/CvCfFhVfo=,nL7S1taC+DL821a161Tu6FZ0WCE=
-5,13,xeg0JXBDrvzqMeLFz/CvCfFhVfo=,Etv23GgZKnWLPeXXb+uAfc1sdQ0=
-5,12,xeg0JXBDrvzqMeLFz/CvCfFhVfo=,Etv23GgZKnWLPeXXb+uAfc1sdQ0=
-6,12,xeg0JXBDrvzqMeLFz/CvCfFhVfo=,Etv23GgZKnWLPeXXb+uAfc1sdQ0=
-4,13,xeg0JXBDrvzqMeLFz/CvCfFhVfo=,iqD3NuSoSyVG185vlxNx/u6b7AY=
-4,12,xeg0JXBDrvzqMeLFz/CvCfFhVfo=,iqD3NuSoSyVG185vlxNx/u6b7AY=
-3,13,xeg0JXBDrvzqMeLFz/CvCfFhVfo=,iqD3NuSoSyVG185vlxNx/u6b7AY=
-5,11,xeg0JXBDrvzqMeLFz/CvCfFhVfo=,NVeBcWhMT5KkxXI3r/dpz0HVdq8=
-4,10,xeg0JXBDrvzqMeLFz/CvCfFhVfo=,Ndhpt4NtetCWDjF43oHNIWxIPoQ=
-3,11,xeg0JXBDrvzqMeLFz/CvCfFhVfo=,Ndhpt4NtetCWDjF43oHNIWxIPoQ=
-3,12,xeg0JXBDrvzqMeLFz/CvCfFhVfo=,iqD3NuSoSyVG185vlxNx/u6b7AY=
-4,11,xeg0JXBDrvzqMeLFz/CvCfFhVfo=,Ndhpt4NtetCWDjF43oHNIWxIPoQ=
-3,10,xeg0JXBDrvzqMeLFz/CvCfFhVfo=,Ndhpt4NtetCWDjF43oHNIWxIPoQ=
-7,2,xeg0JXBDrvzqMeLFz/CvCfFhVfo=,u9lnZrIcT/RJLrABX91GO/yxpe8=
-6,1,xeg0JXBDrvzqMeLFz/CvCfFhVfo=,u9lnZrIcT/RJLrABX91GO/yxpe8=
-7,1,xeg0JXBDrvzqMeLFz/CvCfFhVfo=,u9lnZrIcT/RJLrABX91GO/yxpe8=
-6,2,xeg0JXBDrvzqMeLFz/CvCfFhVfo=,u9lnZrIcT/RJLrABX91GO/yxpe8=
-6,11,xeg0JXBDrvzqMeLFz/CvCfFhVfo=,NVeBcWhMT5KkxXI3r/dpz0HVdq8=
-9,8,xeg0JXBDrvzqMeLFz/CvCfFhVfo=,nL7S1taC+DL821a161Tu6FZ0WCE=
-10,7,NW/QNGhNJs8yPI+m+23ZLW5L9KU=,L1f91d+aTta8ZZ9RBGfiJhTQfxM=
-10,6,NW/QNGhNJs8yPI+m+23ZLW5L9KU=,L1f91d+aTta8ZZ9RBGfiJhTQfxM=
-9,6,NW/QNGhNJs8yPI+m+23ZLW5L9KU=,L1f91d+aTta8ZZ9RBGfiJhTQfxM=
-5,10,NW/QNGhNJs8yPI+m+23ZLW5L9KU=,NVeBcWhMT5KkxXI3r/dpz0HVdq8=
-6,10,NW/QNGhNJs8yPI+m+23ZLW5L9KU=,NVeBcWhMT5KkxXI3r/dpz0HVdq8=
-9,7,NW/QNGhNJs8yPI+m+23ZLW5L9KU=,L1f91d+aTta8ZZ9RBGfiJhTQfxM=
-8,9,NW/QNGhNJs8yPI+m+23ZLW5L9KU=,NVeBcWhMT5KkxXI3r/dpz0HVdq8=
-8,6,NW/QNGhNJs8yPI+m+23ZLW5L9KU=,kXOVU63tn9kJMyRbJkzEBW6dfh0=
-7,9,NW/QNGhNJs8yPI+m+23ZLW5L9KU=,NVeBcWhMT5KkxXI3r/dpz0HVdq8=
-7,6,NW/QNGhNJs8yPI+m+23ZLW5L9KU=,kXOVU63tn9kJMyRbJkzEBW6dfh0=
-7,7,NW/QNGhNJs8yPI+m+23ZLW5L9KU=,kXOVU63tn9kJMyRbJkzEBW6dfh0=
-7,8,NW/QNGhNJs8yPI+m+23ZLW5L9KU=,NVeBcWhMT5KkxXI3r/dpz0HVdq8=
-3,9,NW/QNGhNJs8yPI+m+23ZLW5L9KU=,Ndhpt4NtetCWDjF43oHNIWxIPoQ=
-15,1,NW/QNGhNJs8yPI+m+23ZLW5L9KU=,NI3VRx/pIvAdTNqSlls1UDbw6fc=
-14,1,NW/QNGhNJs8yPI+m+23ZLW5L9KU=,NI3VRx/pIvAdTNqSlls1UDbw6fc=
-14,2,NW/QNGhNJs8yPI+m+23ZLW5L9KU=,NI3VRx/pIvAdTNqSlls1UDbw6fc=
-8,8,NW/QNGhNJs8yPI+m+23ZLW5L9KU=,NVeBcWhMT5KkxXI3r/dpz0HVdq8=
-8,7,NW/QNGhNJs8yPI+m+23ZLW5L9KU=,kXOVU63tn9kJMyRbJkzEBW6dfh0=
-15,6,NW/QNGhNJs8yPI+m+23ZLW5L9KU=,n0SBjfkcoUpOdILeIv+3dqlp3cc=
-14,4,NW/QNGhNJs8yPI+m+23ZLW5L9KU=,n0SBjfkcoUpOdILeIv+3dqlp3cc=
-15,5,NW/QNGhNJs8yPI+m+23ZLW5L9KU=,n0SBjfkcoUpOdILeIv+3dqlp3cc=
-14,5,NW/QNGhNJs8yPI+m+23ZLW5L9KU=,n0SBjfkcoUpOdILeIv+3dqlp3cc=
-12,6,NW/QNGhNJs8yPI+m+23ZLW5L9KU=,L1f91d+aTta8ZZ9RBGfiJhTQfxM=
-14,3,NW/QNGhNJs8yPI+m+23ZLW5L9KU=,NI3VRx/pIvAdTNqSlls1UDbw6fc=
-13,3,NW/QNGhNJs8yPI+m+23ZLW5L9KU=,NI3VRx/pIvAdTNqSlls1UDbw6fc=
-15,4,NW/QNGhNJs8yPI+m+23ZLW5L9KU=,n0SBjfkcoUpOdILeIv+3dqlp3cc=
-4,6,NW/QNGhNJs8yPI+m+23ZLW5L9KU=,fSyPY1/Tksml+uM5EowWEvsNsDE=
-5,8,NW/QNGhNJs8yPI+m+23ZLW5L9KU=,NVeBcWhMT5KkxXI3r/dpz0HVdq8=
-12,9,NW/QNGhNJs8yPI+m+23ZLW5L9KU=,nL7S1taC+DL821a161Tu6FZ0WCE=
-6,6,NW/QNGhNJs8yPI+m+23ZLW5L9KU=,kXOVU63tn9kJMyRbJkzEBW6dfh0=
-5,2,NW/QNGhNJs8yPI+m+23ZLW5L9KU=,u9lnZrIcT/RJLrABX91GO/yxpe8=
-3,8,NW/QNGhNJs8yPI+m+23ZLW5L9KU=,Ndhpt4NtetCWDjF43oHNIWxIPoQ=
-12,10,NW/QNGhNJs8yPI+m+23ZLW5L9KU=,nL7S1taC+DL821a161Tu6FZ0WCE=
-15,10,NW/QNGhNJs8yPI+m+23ZLW5L9KU=,Bf6Y0gr5NVEamk1eezxbLHV8p1k=
-15,7,NW/QNGhNJs8yPI+m+23ZLW5L9KU=,n0SBjfkcoUpOdILeIv+3dqlp3cc=
-14,10,NW/QNGhNJs8yPI+m+23ZLW5L9KU=,Bf6Y0gr5NVEamk1eezxbLHV8p1k=
-13,6,NW/QNGhNJs8yPI+m+23ZLW5L9KU=,n0SBjfkcoUpOdILeIv+3dqlp3cc=
-14,6,NW/QNGhNJs8yPI+m+23ZLW5L9KU=,n0SBjfkcoUpOdILeIv+3dqlp3cc=
-12,7,NW/QNGhNJs8yPI+m+23ZLW5L9KU=,L1f91d+aTta8ZZ9RBGfiJhTQfxM=
-13,8,NW/QNGhNJs8yPI+m+23ZLW5L9KU=,Bf6Y0gr5NVEamk1eezxbLHV8p1k=
-12,8,NW/QNGhNJs8yPI+m+23ZLW5L9KU=,nL7S1taC+DL821a161Tu6FZ0WCE=
-7,4,NW/QNGhNJs8yPI+m+23ZLW5L9KU=,kXOVU63tn9kJMyRbJkzEBW6dfh0=
-13,7,NW/QNGhNJs8yPI+m+23ZLW5L9KU=,n0SBjfkcoUpOdILeIv+3dqlp3cc=
-13,9,NW/QNGhNJs8yPI+m+23ZLW5L9KU=,Bf6Y0gr5NVEamk1eezxbLHV8p1k=
-14,9,NW/QNGhNJs8yPI+m+23ZLW5L9KU=,Bf6Y0gr5NVEamk1eezxbLHV8p1k=
-14,8,NW/QNGhNJs8yPI+m+23ZLW5L9KU=,Bf6Y0gr5NVEamk1eezxbLHV8p1k=
-13,10,NW/QNGhNJs8yPI+m+23ZLW5L9KU=,Bf6Y0gr5NVEamk1eezxbLHV8p1k=
-14,7,NW/QNGhNJs8yPI+m+23ZLW5L9KU=,n0SBjfkcoUpOdILeIv+3dqlp3cc=
-5,1,NW/QNGhNJs8yPI+m+23ZLW5L9KU=,u9lnZrIcT/RJLrABX91GO/yxpe8=
-14,12,NW/QNGhNJs8yPI+m+23ZLW5L9KU=,wppTNh/MAwYVwi5XglauyOfkC5w=
-14,11,NW/QNGhNJs8yPI+m+23ZLW5L9KU=,Bf6Y0gr5NVEamk1eezxbLHV8p1k=
-15,13,NW/QNGhNJs8yPI+m+23ZLW5L9KU=,wppTNh/MAwYVwi5XglauyOfkC5w=
-14,13,NW/QNGhNJs8yPI+m+23ZLW5L9KU=,wppTNh/MAwYVwi5XglauyOfkC5w=
-15,14,NW/QNGhNJs8yPI+m+23ZLW5L9KU=,wppTNh/MAwYVwi5XglauyOfkC5w=
-14,14,NW/QNGhNJs8yPI+m+23ZLW5L9KU=,wppTNh/MAwYVwi5XglauyOfkC5w=
-15,12,NW/QNGhNJs8yPI+m+23ZLW5L9KU=,wppTNh/MAwYVwi5XglauyOfkC5w=
-15,11,NW/QNGhNJs8yPI+m+23ZLW5L9KU=,Bf6Y0gr5NVEamk1eezxbLHV8p1k=
-5,6,NW/QNGhNJs8yPI+m+23ZLW5L9KU=,kXOVU63tn9kJMyRbJkzEBW6dfh0=
-3,6,NW/QNGhNJs8yPI+m+23ZLW5L9KU=,fSyPY1/Tksml+uM5EowWEvsNsDE=
-6,7,NW/QNGhNJs8yPI+m+23ZLW5L9KU=,kXOVU63tn9kJMyRbJkzEBW6dfh0=
-7,15,NW/QNGhNJs8yPI+m+23ZLW5L9KU=,Etv23GgZKnWLPeXXb+uAfc1sdQ0=
-6,15,NW/QNGhNJs8yPI+m+23ZLW5L9KU=,Etv23GgZKnWLPeXXb+uAfc1sdQ0=
-4,8,NW/QNGhNJs8yPI+m+23ZLW5L9KU=,Ndhpt4NtetCWDjF43oHNIWxIPoQ=
-8,5,NW/QNGhNJs8yPI+m+23ZLW5L9KU=,kXOVU63tn9kJMyRbJkzEBW6dfh0=
-8,2,NW/QNGhNJs8yPI+m+23ZLW5L9KU=,u9lnZrIcT/RJLrABX91GO/yxpe8=
-5,7,NW/QNGhNJs8yPI+m+23ZLW5L9KU=,kXOVU63tn9kJMyRbJkzEBW6dfh0=
-12,2,NW/QNGhNJs8yPI+m+23ZLW5L9KU=,/IAvf7cCO0bqcq+6cdSKWyRmdO0=
-8,3,NW/QNGhNJs8yPI+m+23ZLW5L9KU=,u9lnZrIcT/RJLrABX91GO/yxpe8=
-8,4,NW/QNGhNJs8yPI+m+23ZLW5L9KU=,kXOVU63tn9kJMyRbJkzEBW6dfh0=
-11,2,NW/QNGhNJs8yPI+m+23ZLW5L9KU=,/IAvf7cCO0bqcq+6cdSKWyRmdO0=
-6,9,NW/QNGhNJs8yPI+m+23ZLW5L9KU=,NVeBcWhMT5KkxXI3r/dpz0HVdq8=
-13,1,NW/QNGhNJs8yPI+m+23ZLW5L9KU=,NI3VRx/pIvAdTNqSlls1UDbw6fc=
-11,4,NW/QNGhNJs8yPI+m+23ZLW5L9KU=,L1f91d+aTta8ZZ9RBGfiJhTQfxM=
-11,3,NW/QNGhNJs8yPI+m+23ZLW5L9KU=,/IAvf7cCO0bqcq+6cdSKWyRmdO0=
-13,2,NW/QNGhNJs8yPI+m+23ZLW5L9KU=,NI3VRx/pIvAdTNqSlls1UDbw6fc=
-7,3,NW/QNGhNJs8yPI+m+23ZLW5L9KU=,u9lnZrIcT/RJLrABX91GO/yxpe8=
-4,7,NW/QNGhNJs8yPI+m+23ZLW5L9KU=,fSyPY1/Tksml+uM5EowWEvsNsDE=
-5,9,NW/QNGhNJs8yPI+m+23ZLW5L9KU=,NVeBcWhMT5KkxXI3r/dpz0HVdq8=
-11,5,NW/QNGhNJs8yPI+m+23ZLW5L9KU=,L1f91d+aTta8ZZ9RBGfiJhTQfxM=
-6,8,NW/QNGhNJs8yPI+m+23ZLW5L9KU=,NVeBcWhMT5KkxXI3r/dpz0HVdq8=
-16,14,NW/QNGhNJs8yPI+m+23ZLW5L9KU=,wppTNh/MAwYVwi5XglauyOfkC5w=
-16,13,NW/QNGhNJs8yPI+m+23ZLW5L9KU=,wppTNh/MAwYVwi5XglauyOfkC5w=
-12,5,NW/QNGhNJs8yPI+m+23ZLW5L9KU=,L1f91d+aTta8ZZ9RBGfiJhTQfxM=
-9,2,NW/QNGhNJs8yPI+m+23ZLW5L9KU=,/IAvf7cCO0bqcq+6cdSKWyRmdO0=
-10,3,SvjrGT9cn51auYoeyID7SI5v3bc=,/IAvf7cCO0bqcq+6cdSKWyRmdO0=
-9,5,SvjrGT9cn51auYoeyID7SI5v3bc=,L1f91d+aTta8ZZ9RBGfiJhTQfxM=
-4,9,SvjrGT9cn51auYoeyID7SI5v3bc=,Ndhpt4NtetCWDjF43oHNIWxIPoQ=
-2,1,SvjrGT9cn51auYoeyID7SI5v3bc=,EKpOa0pMTfPqwUTU+P4ftkYwDhY=
-13,5,SvjrGT9cn51auYoeyID7SI5v3bc=,n0SBjfkcoUpOdILeIv+3dqlp3cc=
-3,1,SvjrGT9cn51auYoeyID7SI5v3bc=,EKpOa0pMTfPqwUTU+P4ftkYwDhY=
-3,7,SvjrGT9cn51auYoeyID7SI5v3bc=,fSyPY1/Tksml+uM5EowWEvsNsDE=
-13,4,SvjrGT9cn51auYoeyID7SI5v3bc=,n0SBjfkcoUpOdILeIv+3dqlp3cc=
-4,1,SvjrGT9cn51auYoeyID7SI5v3bc=,EKpOa0pMTfPqwUTU+P4ftkYwDhY=
-12,4,SvjrGT9cn51auYoeyID7SI5v3bc=,L1f91d+aTta8ZZ9RBGfiJhTQfxM=
-16,6,SvjrGT9cn51auYoeyID7SI5v3bc=,n0SBjfkcoUpOdILeIv+3dqlp3cc=
-16,5,SvjrGT9cn51auYoeyID7SI5v3bc=,n0SBjfkcoUpOdILeIv+3dqlp3cc=
-7,5,SvjrGT9cn51auYoeyID7SI5v3bc=,kXOVU63tn9kJMyRbJkzEBW6dfh0=
-10,2,SvjrGT9cn51auYoeyID7SI5v3bc=,/IAvf7cCO0bqcq+6cdSKWyRmdO0=
-5,3,SvjrGT9cn51auYoeyID7SI5v3bc=,u9lnZrIcT/RJLrABX91GO/yxpe8=
-9,4,SvjrGT9cn51auYoeyID7SI5v3bc=,L1f91d+aTta8ZZ9RBGfiJhTQfxM=
-10,4,SvjrGT9cn51auYoeyID7SI5v3bc=,L1f91d+aTta8ZZ9RBGfiJhTQfxM=
-4,2,SvjrGT9cn51auYoeyID7SI5v3bc=,EKpOa0pMTfPqwUTU+P4ftkYwDhY=
-10,5,SvjrGT9cn51auYoeyID7SI5v3bc=,L1f91d+aTta8ZZ9RBGfiJhTQfxM=
-9,3,SvjrGT9cn51auYoeyID7SI5v3bc=,/IAvf7cCO0bqcq+6cdSKWyRmdO0=
-16,7,SvjrGT9cn51auYoeyID7SI5v3bc=,n0SBjfkcoUpOdILeIv+3dqlp3cc=
-16,12,SvjrGT9cn51auYoeyID7SI5v3bc=,wppTNh/MAwYVwi5XglauyOfkC5w=
-16,11,SvjrGT9cn51auYoeyID7SI5v3bc=,Bf6Y0gr5NVEamk1eezxbLHV8p1k=
-16,10,SvjrGT9cn51auYoeyID7SI5v3bc=,Bf6Y0gr5NVEamk1eezxbLHV8p1k=
-16,8,SvjrGT9cn51auYoeyID7SI5v3bc=,Bf6Y0gr5NVEamk1eezxbLHV8p1k=
-16,9,SvjrGT9cn51auYoeyID7SI5v3bc=,Bf6Y0gr5NVEamk1eezxbLHV8p1k=
-15,8,SvjrGT9cn51auYoeyID7SI5v3bc=,Bf6Y0gr5NVEamk1eezxbLHV8p1k=
-12,3,SvjrGT9cn51auYoeyID7SI5v3bc=,/IAvf7cCO0bqcq+6cdSKWyRmdO0=
-15,9,SvjrGT9cn51auYoeyID7SI5v3bc=,Bf6Y0gr5NVEamk1eezxbLHV8p1k=
-3,2,SvjrGT9cn51auYoeyID7SI5v3bc=,EKpOa0pMTfPqwUTU+P4ftkYwDhY=
-3,5,SvjrGT9cn51auYoeyID7SI5v3bc=,fSyPY1/Tksml+uM5EowWEvsNsDE=
-4,3,SvjrGT9cn51auYoeyID7SI5v3bc=,EKpOa0pMTfPqwUTU+P4ftkYwDhY=
-14,15,SvjrGT9cn51auYoeyID7SI5v3bc=,wppTNh/MAwYVwi5XglauyOfkC5w=
-15,15,SvjrGT9cn51auYoeyID7SI5v3bc=,wppTNh/MAwYVwi5XglauyOfkC5w=
-16,15,SvjrGT9cn51auYoeyID7SI5v3bc=,wppTNh/MAwYVwi5XglauyOfkC5w=
-4,5,SvjrGT9cn51auYoeyID7SI5v3bc=,fSyPY1/Tksml+uM5EowWEvsNsDE=
-1,5,SvjrGT9cn51auYoeyID7SI5v3bc=,fSyPY1/Tksml+uM5EowWEvsNsDE=
-12,12,SvjrGT9cn51auYoeyID7SI5v3bc=,o6lXuxggd5UlH5/z2RjckJmmKsQ=
-13,13,SvjrGT9cn51auYoeyID7SI5v3bc=,wppTNh/MAwYVwi5XglauyOfkC5w=
-13,14,SvjrGT9cn51auYoeyID7SI5v3bc=,wppTNh/MAwYVwi5XglauyOfkC5w=
-9,15,SvjrGT9cn51auYoeyID7SI5v3bc=,o6lXuxggd5UlH5/z2RjckJmmKsQ=
-13,11,SvjrGT9cn51auYoeyID7SI5v3bc=,Bf6Y0gr5NVEamk1eezxbLHV8p1k=
-8,15,SvjrGT9cn51auYoeyID7SI5v3bc=,Etv23GgZKnWLPeXXb+uAfc1sdQ0=
-6,3,SvjrGT9cn51auYoeyID7SI5v3bc=,u9lnZrIcT/RJLrABX91GO/yxpe8=
-10,11,SvjrGT9cn51auYoeyID7SI5v3bc=,nL7S1taC+DL821a161Tu6FZ0WCE=
-8,14,SvjrGT9cn51auYoeyID7SI5v3bc=,Etv23GgZKnWLPeXXb+uAfc1sdQ0=
-11,11,SvjrGT9cn51auYoeyID7SI5v3bc=,nL7S1taC+DL821a161Tu6FZ0WCE=
-12,11,SvjrGT9cn51auYoeyID7SI5v3bc=,nL7S1taC+DL821a161Tu6FZ0WCE=
-5,4,SvjrGT9cn51auYoeyID7SI5v3bc=,kXOVU63tn9kJMyRbJkzEBW6dfh0=
-11,12,SvjrGT9cn51auYoeyID7SI5v3bc=,o6lXuxggd5UlH5/z2RjckJmmKsQ=
-13,12,SvjrGT9cn51auYoeyID7SI5v3bc=,wppTNh/MAwYVwi5XglauyOfkC5w=
-11,13,SvjrGT9cn51auYoeyID7SI5v3bc=,o6lXuxggd5UlH5/z2RjckJmmKsQ=
-10,12,SvjrGT9cn51auYoeyID7SI5v3bc=,o6lXuxggd5UlH5/z2RjckJmmKsQ=
-12,13,SvjrGT9cn51auYoeyID7SI5v3bc=,o6lXuxggd5UlH5/z2RjckJmmKsQ=
-2,12,SvjrGT9cn51auYoeyID7SI5v3bc=,iqD3NuSoSyVG185vlxNx/u6b7AY=
-3,3,SvjrGT9cn51auYoeyID7SI5v3bc=,EKpOa0pMTfPqwUTU+P4ftkYwDhY=
-1,8,SvjrGT9cn51auYoeyID7SI5v3bc=,Ndhpt4NtetCWDjF43oHNIWxIPoQ=
-9,12,SvjrGT9cn51auYoeyID7SI5v3bc=,o6lXuxggd5UlH5/z2RjckJmmKsQ=
-10,15,SvjrGT9cn51auYoeyID7SI5v3bc=,o6lXuxggd5UlH5/z2RjckJmmKsQ=
-7,13,SvjrGT9cn51auYoeyID7SI5v3bc=,Etv23GgZKnWLPeXXb+uAfc1sdQ0=
-1,12,dj1rmSyHp4/xeSNbE+Qvl+6ghbU=,iqD3NuSoSyVG185vlxNx/u6b7AY=
-8,12,dj1rmSyHp4/xeSNbE+Qvl+6ghbU=,Etv23GgZKnWLPeXXb+uAfc1sdQ0=
-7,11,dj1rmSyHp4/xeSNbE+Qvl+6ghbU=,NVeBcWhMT5KkxXI3r/dpz0HVdq8=
-9,10,dj1rmSyHp4/xeSNbE+Qvl+6ghbU=,nL7S1taC+DL821a161Tu6FZ0WCE=
-11,15,dj1rmSyHp4/xeSNbE+Qvl+6ghbU=,o6lXuxggd5UlH5/z2RjckJmmKsQ=
-8,13,dj1rmSyHp4/xeSNbE+Qvl+6ghbU=,Etv23GgZKnWLPeXXb+uAfc1sdQ0=
-8,11,dj1rmSyHp4/xeSNbE+Qvl+6ghbU=,NVeBcWhMT5KkxXI3r/dpz0HVdq8=
-1,10,dj1rmSyHp4/xeSNbE+Qvl+6ghbU=,Ndhpt4NtetCWDjF43oHNIWxIPoQ=
-7,12,dj1rmSyHp4/xeSNbE+Qvl+6ghbU=,Etv23GgZKnWLPeXXb+uAfc1sdQ0=
-1,11,dj1rmSyHp4/xeSNbE+Qvl+6ghbU=,Ndhpt4NtetCWDjF43oHNIWxIPoQ=
-5,5,dj1rmSyHp4/xeSNbE+Qvl+6ghbU=,kXOVU63tn9kJMyRbJkzEBW6dfh0=
-2,13,dj1rmSyHp4/xeSNbE+Qvl+6ghbU=,iqD3NuSoSyVG185vlxNx/u6b7AY=
-6,4,dj1rmSyHp4/xeSNbE+Qvl+6ghbU=,kXOVU63tn9kJMyRbJkzEBW6dfh0=
-1,6,dj1rmSyHp4/xeSNbE+Qvl+6ghbU=,fSyPY1/Tksml+uM5EowWEvsNsDE=
-2,8,dj1rmSyHp4/xeSNbE+Qvl+6ghbU=,Ndhpt4NtetCWDjF43oHNIWxIPoQ=
-1,7,dj1rmSyHp4/xeSNbE+Qvl+6ghbU=,fSyPY1/Tksml+uM5EowWEvsNsDE=
-3,4,dj1rmSyHp4/xeSNbE+Qvl+6ghbU=,fSyPY1/Tksml+uM5EowWEvsNsDE=
-1,9,dj1rmSyHp4/xeSNbE+Qvl+6ghbU=,Ndhpt4NtetCWDjF43oHNIWxIPoQ=
-12,14,dj1rmSyHp4/xeSNbE+Qvl+6ghbU=,o6lXuxggd5UlH5/z2RjckJmmKsQ=
-10,13,dj1rmSyHp4/xeSNbE+Qvl+6ghbU=,o6lXuxggd5UlH5/z2RjckJmmKsQ=
-2,6,dj1rmSyHp4/xeSNbE+Qvl+6ghbU=,fSyPY1/Tksml+uM5EowWEvsNsDE=
-11,14,dj1rmSyHp4/xeSNbE+Qvl+6ghbU=,o6lXuxggd5UlH5/z2RjckJmmKsQ=
-7,10,dj1rmSyHp4/xeSNbE+Qvl+6ghbU=,NVeBcWhMT5KkxXI3r/dpz0HVdq8=
-6,5,dj1rmSyHp4/xeSNbE+Qvl+6ghbU=,kXOVU63tn9kJMyRbJkzEBW6dfh0=
-2,9,dj1rmSyHp4/xeSNbE+Qvl+6ghbU=,Ndhpt4NtetCWDjF43oHNIWxIPoQ=
-4,4,dj1rmSyHp4/xeSNbE+Qvl+6ghbU=,fSyPY1/Tksml+uM5EowWEvsNsDE=
-2,10,dj1rmSyHp4/xeSNbE+Qvl+6ghbU=,Ndhpt4NtetCWDjF43oHNIWxIPoQ=
-10,14,dj1rmSyHp4/xeSNbE+Qvl+6ghbU=,o6lXuxggd5UlH5/z2RjckJmmKsQ=
-2,7,dj1rmSyHp4/xeSNbE+Qvl+6ghbU=,fSyPY1/Tksml+uM5EowWEvsNsDE=
-13,15,dj1rmSyHp4/xeSNbE+Qvl+6ghbU=,wppTNh/MAwYVwi5XglauyOfkC5w=
-9,14,dj1rmSyHp4/xeSNbE+Qvl+6ghbU=,o6lXuxggd5UlH5/z2RjckJmmKsQ=
-1,13,dj1rmSyHp4/xeSNbE+Qvl+6ghbU=,iqD3NuSoSyVG185vlxNx/u6b7AY=
-12,15,dj1rmSyHp4/xeSNbE+Qvl+6ghbU=,o6lXuxggd5UlH5/z2RjckJmmKsQ=
-7,0,dj1rmSyHp4/xeSNbE+Qvl+6ghbU=,u9lnZrIcT/RJLrABX91GO/yxpe8=
-6,0,dj1rmSyHp4/xeSNbE+Qvl+6ghbU=,u9lnZrIcT/RJLrABX91GO/yxpe8=
-14,0,dj1rmSyHp4/xeSNbE+Qvl+6ghbU=,NI3VRx/pIvAdTNqSlls1UDbw6fc=
-15,0,dj1rmSyHp4/xeSNbE+Qvl+6ghbU=,NI3VRx/pIvAdTNqSlls1UDbw6fc=
-9,11,dj1rmSyHp4/xeSNbE+Qvl+6ghbU=,nL7S1taC+DL821a161Tu6FZ0WCE=
-8,0,dj1rmSyHp4/xeSNbE+Qvl+6ghbU=,u9lnZrIcT/RJLrABX91GO/yxpe8=
-13,0,dj1rmSyHp4/xeSNbE+Qvl+6ghbU=,NI3VRx/pIvAdTNqSlls1UDbw6fc=
-8,10,dj1rmSyHp4/xeSNbE+Qvl+6ghbU=,NVeBcWhMT5KkxXI3r/dpz0HVdq8=
-9,13,dj1rmSyHp4/xeSNbE+Qvl+6ghbU=,o6lXuxggd5UlH5/z2RjckJmmKsQ=
-15,3,dj1rmSyHp4/xeSNbE+Qvl+6ghbU=,NI3VRx/pIvAdTNqSlls1UDbw6fc=
-11,1,dj1rmSyHp4/xeSNbE+Qvl+6ghbU=,/IAvf7cCO0bqcq+6cdSKWyRmdO0=
-16,2,dj1rmSyHp4/xeSNbE+Qvl+6ghbU=,NI3VRx/pIvAdTNqSlls1UDbw6fc=
-16,4,dj1rmSyHp4/xeSNbE+Qvl+6ghbU=,n0SBjfkcoUpOdILeIv+3dqlp3cc=
-8,1,dj1rmSyHp4/xeSNbE+Qvl+6ghbU=,u9lnZrIcT/RJLrABX91GO/yxpe8=
-16,3,dj1rmSyHp4/xeSNbE+Qvl+6ghbU=,NI3VRx/pIvAdTNqSlls1UDbw6fc=
-16,1,dj1rmSyHp4/xeSNbE+Qvl+6ghbU=,NI3VRx/pIvAdTNqSlls1UDbw6fc=
-12,1,dj1rmSyHp4/xeSNbE+Qvl+6ghbU=,/IAvf7cCO0bqcq+6cdSKWyRmdO0=
-16,0,dj1rmSyHp4/xeSNbE+Qvl+6ghbU=,NI3VRx/pIvAdTNqSlls1UDbw6fc=
-4,15,dj1rmSyHp4/xeSNbE+Qvl+6ghbU=,iqD3NuSoSyVG185vlxNx/u6b7AY=
-5,15,dj1rmSyHp4/xeSNbE+Qvl+6ghbU=,Etv23GgZKnWLPeXXb+uAfc1sdQ0=
-3,14,dj1rmSyHp4/xeSNbE+Qvl+6ghbU=,iqD3NuSoSyVG185vlxNx/u6b7AY=
-3,15,dj1rmSyHp4/xeSNbE+Qvl+6ghbU=,iqD3NuSoSyVG185vlxNx/u6b7AY=
-9,1,dj1rmSyHp4/xeSNbE+Qvl+6ghbU=,/IAvf7cCO0bqcq+6cdSKWyRmdO0=
-1,15,dj1rmSyHp4/xeSNbE+Qvl+6ghbU=,iqD3NuSoSyVG185vlxNx/u6b7AY=
-15,2,dj1rmSyHp4/xeSNbE+Qvl+6ghbU=,NI3VRx/pIvAdTNqSlls1UDbw6fc=
-12,0,dj1rmSyHp4/xeSNbE+Qvl+6ghbU=,/IAvf7cCO0bqcq+6cdSKWyRmdO0=
-11,0,dj1rmSyHp4/xeSNbE+Qvl+6ghbU=,/IAvf7cCO0bqcq+6cdSKWyRmdO0=
-2,14,dj1rmSyHp4/xeSNbE+Qvl+6ghbU=,iqD3NuSoSyVG185vlxNx/u6b7AY=
-9,0,dj1rmSyHp4/xeSNbE+Qvl+6ghbU=,/IAvf7cCO0bqcq+6cdSKWyRmdO0=
-4,0,dj1rmSyHp4/xeSNbE+Qvl+6ghbU=,EKpOa0pMTfPqwUTU+P4ftkYwDhY=
-5,0,dj1rmSyHp4/xeSNbE+Qvl+6ghbU=,u9lnZrIcT/RJLrABX91GO/yxpe8=
-2,0,dj1rmSyHp4/xeSNbE+Qvl+6ghbU=,EKpOa0pMTfPqwUTU+P4ftkYwDhY=
-1,2,dj1rmSyHp4/xeSNbE+Qvl+6ghbU=,EKpOa0pMTfPqwUTU+P4ftkYwDhY=
-1,1,dj1rmSyHp4/xeSNbE+Qvl+6ghbU=,EKpOa0pMTfPqwUTU+P4ftkYwDhY=
-1,4,dj1rmSyHp4/xeSNbE+Qvl+6ghbU=,fSyPY1/Tksml+uM5EowWEvsNsDE=
-2,15,dj1rmSyHp4/xeSNbE+Qvl+6ghbU=,iqD3NuSoSyVG185vlxNx/u6b7AY=
-1,0,dj1rmSyHp4/xeSNbE+Qvl+6ghbU=,EKpOa0pMTfPqwUTU+P4ftkYwDhY=
-2,4,dj1rmSyHp4/xeSNbE+Qvl+6ghbU=,fSyPY1/Tksml+uM5EowWEvsNsDE=
-10,1,dj1rmSyHp4/xeSNbE+Qvl+6ghbU=,/IAvf7cCO0bqcq+6cdSKWyRmdO0=
-2,5,dj1rmSyHp4/xeSNbE+Qvl+6ghbU=,fSyPY1/Tksml+uM5EowWEvsNsDE=
-3,0,dj1rmSyHp4/xeSNbE+Qvl+6ghbU=,EKpOa0pMTfPqwUTU+P4ftkYwDhY=
-1,14,dj1rmSyHp4/xeSNbE+Qvl+6ghbU=,iqD3NuSoSyVG185vlxNx/u6b7AY=
-1,3,dj1rmSyHp4/xeSNbE+Qvl+6ghbU=,EKpOa0pMTfPqwUTU+P4ftkYwDhY=
-2,2,dj1rmSyHp4/xeSNbE+Qvl+6ghbU=,EKpOa0pMTfPqwUTU+P4ftkYwDhY=
-10,0,dj1rmSyHp4/xeSNbE+Qvl+6ghbU=,/IAvf7cCO0bqcq+6cdSKWyRmdO0=
-2,3,dj1rmSyHp4/xeSNbE+Qvl+6ghbU=,EKpOa0pMTfPqwUTU+P4ftkYwDhY=
